index,value
1,0.49372
2,1.0899
3,1.7159
4,1.7933
5,1.6644
6,1.607
7,1.8347
8,1.2808
9,0.84264
10,0.72247
11,0.75822
12,0.67281
13,0.81103
14,1.468
15,1.8819
16,2.0361
17,2.086
18,2.0907
19,1.7112
20,1.0392
21,0.66415
22,0.49317
23,0.42827
24,0.46402
25,0.9875
26,1.6702
27,1.8051
28,1.683
29,1.5969
30,1.8419
31,1.3614
32,0.87635
33,0.72505
34,0.75283
35,0.688
36,0.75534
37,1.3864
38,1.8493
39,2.0237
40,2.0853
41,2.0892
42,1.8038
43,1.1085
44,0.69872
45,0.50924
46,0.43047
47,0.44065
48,0.88706
49,1.6128
50,1.8127
51,1.7012
52,1.5893
53,1.8219
54,1.4451
55,0.91711
56,0.72649
57,0.73915
58,0.70583
59,0.71266
60,1.2998
61,1.8135
62,2.0076
63,2.081
64,2.081
65,1.8864
66,1.1819
67,0.7346
68,0.52516
69,0.44066
70,0.42909
71,0.79719
72,1.5465
73,1.8124
74,1.7208
75,1.6005
76,1.7914
77,1.5302
78,0.96391
79,0.73587
80,0.73687
81,0.72055
82,0.67989
83,1.2092
84,1.7704
85,1.993
86,2.0767
87,2.0824
88,1.9611
89,1.2627
90,0.7741
91,0.53807
92,0.44319
93,0.41882
94,0.71238
95,1.4672
96,1.8067
97,1.7305
98,1.6008
99,1.7408
100,1.6129
101,1.0175
102,0.75381
103,0.73618
104,0.74272
105,0.66435
106,1.1192
107,1.722
108,1.978
109,2.0715
110,2.084
111,2.0192
112,1.3477
113,0.81856
114,0.56017
115,0.45034
116,0.41326
117,0.63911
118,1.3797
119,1.7933
120,1.7496
121,1.6094
122,1.6911
123,1.6892
124,1.076
125,0.76837
126,0.73326
127,0.75826
128,0.65816
129,1.0327
130,1.6683
131,1.963
132,2.0677
133,2.0841
134,2.059
135,1.4358
136,0.86648
137,0.57969
138,0.45933
139,0.4155
140,0.5798
141,1.2865
142,1.7743
143,1.7647
144,1.6291
145,1.6556
146,1.7557
147,1.1398
148,0.78995
149,0.71695
150,0.75637
151,0.6539
152,0.94851
153,1.6064
154,1.9362
155,2.0563
156,2.0832
157,2.0814
158,1.5287
159,0.92162
160,0.60562
161,0.47
162,0.41908
163,0.53057
164,1.1856
165,1.7478
166,1.7803
167,1.648
168,1.6271
169,1.8073
170,1.2107
171,0.81557
172,0.72352
173,0.75994
174,0.66081
175,0.8722
176,1.5373
177,1.9088
178,2.0464
179,2.087
180,2.0926
181,1.6247
182,0.9811
183,0.63385
184,0.47867
185,0.42166
186,0.49019
187,1.081
188,1.7122
189,1.7904
190,1.6604
191,1.6019
192,1.8348
193,1.2869
194,0.8453
195,0.72603
196,0.76281
197,0.6773
198,0.8079
199,1.4617
200,1.882
201,2.038
202,2.0854
203,2.0943
204,1.7194
205,1.0447
206,0.66277
207,0.48985
208,0.42525
209,0.46011
210,0.97833
211,1.6654
212,1.7963
213,1.6737
214,1.5874
215,1.8374
216,1.3669
217,0.88233
218,0.73146
219,0.76239
220,0.69719
221,0.75564
222,1.3802
223,1.8467
224,2.0241
225,2.0867
226,2.0912
227,1.8094
228,1.1137
229,0.6991
230,0.50592
231,0.42866
232,0.43851
233,0.88016
234,1.6083
235,1.8039
236,1.6921
237,1.5824
238,1.8168
239,1.45
240,0.92261
241,0.73371
242,0.7559
243,0.71661
244,0.71466
245,1.2946
246,1.8104
247,2.0094
248,2.0829
249,2.0874
250,1.8922
251,1.1875
252,0.73566
253,0.52308
254,0.43808
255,0.42637
256,0.79011
257,1.5411
258,1.8067
259,1.7148
260,1.5928
261,1.784
262,1.5349
263,0.96863
264,0.74082
265,0.72975
266,0.72357
267,0.68012
268,1.2036
269,1.7673
270,1.991
271,2.0759
272,2.0795
273,1.9637
274,1.2678
275,0.778
276,0.53787
277,0.44465
278,0.41955
279,0.70813
280,1.4624
281,1.801
282,1.7294
283,1.6031
284,1.7399
285,1.6184
286,1.0218
287,0.75713
288,0.73875
289,0.74311
290,0.66281
291,1.1132
292,1.7178
293,1.976
294,2.0716
295,2.0833
296,2.0221
297,1.3541
298,0.821
299,0.55826
300,0.4471
301,0.41092
302,0.63361
303,1.3726
304,1.7886
305,1.7433
306,1.6003
307,1.6823
308,1.6928
309,1.0809
310,0.77337
311,0.73883
312,0.76681
313,0.66258
314,1.0286
315,1.6638
316,1.9623
317,2.0679
318,2.0871
319,2.0619
320,1.4421
321,0.8699
322,0.58188
323,0.46004
324,0.41503
325,0.57585
326,1.2797
327,1.7723
328,1.7642
329,1.6281
330,1.652
331,1.7594
332,1.1444
333,0.79273
334,0.72397
335,0.76079
336,0.65609
337,0.94411
338,1.6021
339,1.943
340,2.0628
341,2.0862
342,2.0837
343,1.5349
344,0.92318
345,0.60501
346,0.4684
347,0.41827
348,0.52713
349,1.1793
350,1.7458
351,1.7756
352,1.6443
353,1.6222
354,1.8085
355,1.2145
356,0.81921
357,0.72932
358,0.76518
359,0.66467
360,0.86997
361,1.5333
362,1.9084
363,2.0478
364,2.0859
365,2.0922
366,1.629
367,0.98367
368,0.63619
369,0.48174
370,0.42366
371,0.48947
372,1.0765
373,1.7105
374,1.7943
375,1.6676
376,1.6058
377,1.8374
378,1.2912
379,0.8464
380,0.71447
381,0.75142
382,0.67202
383,0.80213
384,1.4571
385,1.8825
386,2.0384
387,2.0866
388,2.0915
389,1.7244
390,1.0479
391,0.66476
392,0.49389
393,0.42807
394,0.45997
395,0.97337
396,1.6628
397,1.8025
398,1.6829
399,1.5937
400,1.8399
401,1.372
402,0.88281
403,0.72756
404,0.7543
405,0.69229
406,0.74997
407,1.3751
408,1.8445
409,2.0223
410,2.0843
411,2.0887
412,1.815
413,1.118
414,0.70168
415,0.50812
416,0.43288
417,0.43919
418,0.87507
419,1.6048
420,1.8075
421,1.6987
422,1.5899
423,1.8189
424,1.4563
425,0.92439
426,0.73509
427,0.75057
428,0.71221
429,0.70928
430,1.2878
431,1.8068
432,2.009
433,2.0829
434,2.0857
435,1.8982
436,1.1932
437,0.73886
438,0.52216
439,0.43631
440,0.42487
441,0.78352
442,1.5358
443,1.8038
444,1.7095
445,1.5886
446,1.7784
447,1.5403
448,0.97268
449,0.74674
450,0.7493
451,0.73461
452,0.68283
453,1.1989
454,1.7641
455,1.9931
456,2.0781
457,2.085
458,1.9689
459,1.2733
460,0.78028
461,0.53862
462,0.44105
463,0.41668
464,0.702
465,1.4566
466,1.8101
467,1.7467
468,1.6036
469,1.7341
470,1.6231
471,1.0244
472,0.74478
473,0.73013
474,0.74279
475,0.66219
476,1.1076
477,1.717
478,1.9726
479,2.0702
480,2.0791
481,2.0237
482,1.3574
483,0.82534
484,0.56532
485,0.45429
486,0.41686
487,0.63306
488,1.3697
489,1.7954
490,1.7554
491,1.6215
492,1.694
493,1.6997
494,1.083
495,0.77004
496,0.72662
497,0.74983
498,0.65189
499,1.0197
500,1.6608
501,1.9537
502,2.0628
503,2.0838
504,2.0631
505,1.4479
506,0.87449
507,0.58602
508,0.46191
509,0.4168
510,0.57284
511,1.2731
512,1.7726
513,1.7694
514,1.6347
515,1.6532
516,1.7646
517,1.1492
518,0.79093
519,0.71997
520,0.75583
521,0.65328
522,0.93654
523,1.5975
524,1.932
525,2.0543
526,2.0869
527,2.0856
528,1.543
529,0.92985
530,0.60988
531,0.46957
532,0.41787
533,0.52299
534,1.1699
535,1.7441
536,1.7789
537,1.6452
538,1.6187
539,1.8114
540,1.221
541,0.82016
542,0.72661
543,0.76502
544,0.66604
545,0.86383
546,1.5274
547,1.9054
548,2.0455
549,2.0886
550,2.0948
551,1.6378
552,0.98937
553,0.6405
554,0.48315
555,0.42264
556,0.48552
557,1.0667
558,1.7067
559,1.7943
560,1.6662
561,1.6011
562,1.8373
563,1.2981
564,0.84996
565,0.71933
566,0.7582
567,0.67743
568,0.79863
569,1.4506
570,1.8746
571,2.0334
572,2.0838
573,2.0928
574,1.7322
575,1.0544
576,0.66987
577,0.495
578,0.42843
579,0.45779
580,0.96454
581,1.6582
582,1.8029
583,1.6846
584,1.5928
585,1.8388
586,1.3798
587,0.88689
588,0.72356
589,0.74591
590,0.69116
591,0.74465
592,1.3666
593,1.8409
594,2.019
595,2.0826
596,2.0838
597,1.8222
598,1.1247
599,0.70406
600,0.50969
601,0.43603
602,0.43946
603,0.86692
604,1.5988
605,1.8387
606,1.7249
607,1.6035
608,1.822
609,1.4661
610,0.92327
611,0.71418
612,0.72916
613,0.69999
614,0.69889
615,1.2772
616,1.803
617,2.0011
618,2.0772
619,2.0766
620,1.9057
621,1.2001
622,0.74353
623,0.52777
624,0.43857
625,0.42539
626,0.77608
627,1.5286
628,1.8103
629,1.7217
630,1.5966
631,1.7781
632,1.5493
633,0.97618
634,0.73971
635,0.73059
636,0.72578
637,0.67571
638,1.1884
639,1.7597
640,1.9974
641,2.0801
642,2.0803
643,1.9749
644,1.2815
645,0.78176
646,0.53748
647,0.44334
648,0.4175
649,0.69495
650,1.4494
651,1.7955
652,1.7249
653,1.599
654,1.7285
655,1.6298
656,1.0312
657,0.76218
658,0.74343
659,0.75094
660,0.66407
661,1.1007
662,1.7095
663,1.9804
664,2.0758
665,2.0834
666,2.029
667,1.3673
668,0.82809
669,0.56068
670,0.45183
671,0.41467
672,0.62546
673,1.3598
674,1.7868
675,1.7474
676,1.6141
677,1.6841
678,1.7056
679,1.0905
680,0.7749
681,0.72817
682,0.75654
683,0.65538
684,1.0125
685,1.6534
686,1.9704
687,2.0711
688,2.0851
689,2.066
690,1.4579
691,0.87657
692,0.58166
693,0.45878
694,0.41507
695,0.56658
696,1.2635
697,1.7664
698,1.7599
699,1.6264
700,1.6444
701,1.7683
702,1.1557
703,0.79901
704,0.73179
705,0.76666
706,0.65953
707,0.93235
708,1.5906
709,1.9399
710,2.0624
711,2.0882
712,2.0872
713,1.5507
714,0.93275
715,0.6076
716,0.46826
717,0.41731
718,0.51934
719,1.1618
720,1.7397
721,1.7749
722,1.6428
723,1.6145
724,1.8134
725,1.2268
726,0.82482
727,0.72981
728,0.76845
729,0.66911
730,0.85955
731,1.5213
732,1.9032
733,2.0451
734,2.0887
735,2.0953
736,1.6452
737,0.99438
738,0.63899
739,0.48195
740,0.42207
741,0.48277
742,1.0584
743,1.7023
744,1.7921
745,1.6641
746,1.5977
747,1.8374
748,1.3042
749,0.85329
750,0.72065
751,0.75722
752,0.67936
753,0.79459
754,1.444
755,1.879
756,2.0409
757,2.0876
758,2.092
759,1.7392
760,1.0589
761,0.66724
762,0.49151
763,0.42709
764,0.45546
765,0.95682
766,1.6542
767,1.7949
768,1.6771
769,1.5875
770,1.8358
771,1.3845
772,0.89182
773,0.72243
774,0.67995
775,0.65769
776,0.72966
777,1.3558
778,1.8364
779,2.0051
780,2.0592
781,2.0616
782,1.8261
783,1.1315
784,0.70737
785,0.5202
786,0.44815
787,0.44601
788,0.86223
789,1.5942
790,1.8188
791,1.7302
792,1.6246
793,1.8324
794,1.4764
795,0.93144
796,0.72193
797,0.71922
798,0.68621
799,0.68671
800,1.2638
801,1.7981
802,1.9994
803,2.0732
804,2.0638
805,1.9131
806,1.2109
807,0.74968
808,0.53318
809,0.44662
810,0.42925
811,0.76679
812,1.5192
813,1.8122
814,1.7323
815,1.6136
816,1.7825
817,1.5632
818,0.98307
819,0.73646
820,0.72571
821,0.71684
822,0.66579
823,1.1723
824,1.7521
825,1.9875
826,2.0748
827,2.0716
828,1.9831
829,1.2949
830,0.78945
831,0.54749
832,0.44994
833,0.42046
834,0.68445
835,1.4353
836,1.7999
837,1.7404
838,1.6147
839,1.7297
840,1.6457
841,1.0404
842,0.75704
843,0.72853
844,0.73943
845,0.65463
846,1.0818
847,1.7003
848,1.9675
849,2.0676
850,2.0755
851,2.0352
852,1.3833
853,0.83968
854,0.57193
855,0.45802
856,0.41823
857,0.61536
858,1.3423
859,1.789
860,1.7616
861,1.6295
862,1.6853
863,1.7212
864,1.102
865,0.77302
866,0.69837
867,0.72552
868,0.64194
869,0.99079
870,1.6418
871,1.9495
872,2.0569
873,2.0713
874,2.0659
875,1.476
876,0.89032
877,0.59353
878,0.46803
879,0.42183
880,0.55916
881,1.2437
882,1.7663
883,1.7773
884,1.6493
885,1.6529
886,1.7842
887,1.1708
888,0.79917
889,0.71836
890,0.74893
891,0.64893
892,0.90998
893,1.5761
894,1.9226
895,2.0503
896,2.0837
897,2.0862
898,1.5724
899,0.94808
900,0.61878
901,0.4745
902,0.42183
903,0.5115
904,1.1382
905,1.7335
906,1.7865
907,1.6572
908,1.6179
909,1.8241
910,1.2453
911,0.82854
912,0.72307
913,0.75821
914,0.66512
915,0.83984
916,1.5032
917,1.8955
918,2.0414
919,2.0852
920,2.0909
921,1.668
922,1.0095
923,0.65011
924,0.48721
925,0.42637
926,0.4769
927,1.0341
928,1.6925
929,1.8014
930,1.6762
931,1.6022
932,1.8426
933,1.3243
934,0.85947
935,0.71936
936,0.75274
937,0.67881
938,0.77827
939,1.4242
940,1.8642
941,2.029
942,2.0837
943,2.0902
944,1.7626
945,1.0765
946,0.68166
947,0.50056
948,0.43088
949,0.45074
950,0.93208
951,1.6403
952,1.8064
953,1.692
954,1.5932
955,1.8346
956,1.4073
957,0.89973
958,0.72605
959,0.74966
960,0.69843
961,0.73035
962,1.3386
963,1.8302
964,2.0192
965,2.0854
966,2.0841
967,1.8507
968,1.1488
969,0.71508
970,0.51417
971,0.42797
972,0.42993
973,0.83482
974,1.5771
975,1.8076
976,1.6995
977,1.5787
978,1.7984
979,1.4899
980,0.94343
981,0.73566
982,0.7493
983,0.72667
984,0.70024
985,1.2529
986,1.7905
987,2.0031
988,2.0807
989,2.0888
990,1.9282
991,1.2245
992,0.75517
993,0.53383
994,0.44182
995,0.42193
996,0.75024
997,1.5056
998,1.8103
999,1.7278
1000,1.5989
1001,1.7638
1002,1.5743
1003,0.99128
1004,0.74427
1005,0.73433
1006,0.73303
1007,0.67069
1008,1.1618
1009,1.746
1010,1.9839
1011,2.0747
1012,2.084
1013,1.9939
1014,1.3068
1015,0.79819
1016,0.55301
1017,0.44872
1018,0.41679
1019,0.67277
1020,1.4223
1021,1.8032
1022,1.7447
1023,1.6104
1024,1.7176
1025,1.6553
1026,1.0474
1027,0.75519
1028,0.72967
1029,0.74636
1030,0.65695
1031,1.0716
1032,1.6945
1033,1.9653
1034,2.0689
1035,2.0798
1036,2.0413
1037,1.3938
1038,0.84535
1039,0.57375
1040,0.45705
1041,0.41661
1042,0.60736
1043,1.331
1044,1.7934
1045,1.7895
1046,1.6377
1047,1.6808
1048,1.7293
1049,1.1093
1050,0.76312
1051,0.70485
1052,0.74107
1053,0.64572
1054,0.98226
1055,1.6386
1056,1.9399
1057,2.0561
1058,2.0752
1059,2.0701
1060,1.4843
1061,0.89606
1062,0.59933
1063,0.46961
1064,0.42145
1065,0.55392
1066,1.2342
1067,1.7653
1068,1.7812
1069,1.6516
1070,1.6486
1071,1.7884
1072,1.177
1073,0.80034
1074,0.71837
1075,0.74971
1076,0.65017
1077,0.90331
1078,1.5705
1079,1.9223
1080,2.051
1081,2.0806
1082,2.0854
1083,1.5799
1084,0.95232
1085,0.62366
1086,0.47725
1087,0.42299
1088,0.50891
1089,1.1304
1090,1.7313
1091,1.7889
1092,1.6606
1093,1.6181
1094,1.8272
1095,1.2511
1096,0.83025
1097,0.72232
1098,0.75613
1099,0.66458
1100,0.83402
1101,1.4973
1102,1.8935
1103,2.0403
1104,2.087
1105,2.0927
1106,1.6763
1107,1.0149
1108,0.65214
1109,0.48782
1110,0.42525
1111,0.4735
1112,1.0254
1113,1.6883
1114,1.8003
1115,1.6741
1116,1.5977
1117,1.8413
1118,1.3305
1119,0.8631
1120,0.71794
1121,0.74706
1122,0.67988
1123,0.77432
1124,1.4173
1125,1.8616
1126,2.0262
1127,2.083
1128,2.0864
1129,1.7686
1130,1.0817
1131,0.68563
1132,0.50355
1133,0.43321
1134,0.45057
1135,0.92552
1136,1.6362
1137,1.8102
1138,1.6977
1139,1.598
1140,1.8356
1141,1.4139
1142,0.90156
1143,0.71737
1144,0.66031
1145,0.64024
1146,0.70474
1147,1.3243
1148,1.8243
1149,1.9932
1150,2.0391
1151,2.04
1152,1.8514
1153,1.1557
1154,0.72306
1155,0.52834
1156,0.45869
1157,0.44784
1158,0.83483
1159,1.5731
1160,1.8499
1161,1.7737
1162,1.6552
1163,1.837
1164,1.5085
1165,0.94227
1166,0.70098
1167,0.68176
1168,0.66426
1169,0.66167
1170,1.228
1171,1.7812
1172,1.9762
1173,2.0518
1174,2.0409
1175,1.9343
1176,1.2377
1177,0.76766
1178,0.5462
1179,0.46059
1180,0.43543
1181,0.74255
1182,1.4927
1183,1.8154
1184,1.7575
1185,1.6451
1186,1.7859
1187,1.597
1188,1.0019
1189,0.73836
1190,0.70639
1191,0.69884
1192,0.64544
1193,1.1335
1194,1.7332
1195,1.974
1196,2.0635
1197,2.059
1198,2.0021
1199,1.3279
1200,0.81085
1201,0.5604
1202,0.45539
1203,0.4229
1204,0.65847
1205,1.401
1206,1.8014
1207,1.7568
1208,1.6302
1209,1.72
1210,1.6778
1211,1.0628
1212,0.76072
1213,0.719
1214,0.73373
1215,0.64549
1216,1.0445
1217,1.6789
1218,1.9603
1219,2.0641
1220,2.0785
1221,2.0515
1222,1.4197
1223,0.85832
1224,0.58078
1225,0.46059
1226,0.41811
1227,0.5908
1228,1.304
1229,1.7806
1230,1.7663
1231,1.6341
1232,1.668
1233,1.747
1234,1.1283
1235,0.78173
1236,0.72078
1237,0.75172
1238,0.65001
1239,0.96059
1240,1.6176
1241,1.9373
1242,2.057
1243,2.0804
1244,2.0775
1245,1.513
1246,0.91262
1247,0.6
1248,0.4671
1249,0.41905
1250,0.53831
1251,1.2026
1252,1.7521
1253,1.7736
1254,1.6432
1255,1.6316
1256,1.8002
1257,1.1987
1258,0.81265
1259,0.72696
1260,0.7615
1261,0.65975
1262,0.88436
1263,1.5486
1264,1.9135
1265,2.0484
1266,2.0873
1267,2.0925
1268,1.6095
1269,0.97121
1270,0.63245
1271,0.48045
1272,0.42219
1273,0.49623
1274,1.0976
1275,1.7192
1276,1.7946
1277,1.6644
1278,1.6087
1279,1.8334
1280,1.275
1281,0.83891
1282,0.72153
1283,0.75722
1284,0.67115
1285,0.81543
1286,1.4742
1287,1.8841
1288,2.0367
1289,2.0857
1290,2.0055
1291,1.6053
1292,1.0047
1293,0.65184
1294,0.48932
1295,0.43497
1296,0.53507
1297,1.0735
1298,1.7079
1299,1.8101
1300,1.6842
1301,1.6794
1302,1.8777
1303,1.3132
1304,0.84931
1305,0.71089
1306,0.71877
1307,0.62517
1308,0.7615
1309,1.43
1310,1.8732
1311,2.0342
1312,2.0633
1313,2.0561
1314,1.7495
1315,1.0679
1316,0.67231
1317,0.49937
1318,0.44365
1319,0.4627
1320,0.94762
1321,1.6482
1322,1.8022
1323,1.7049
1324,1.6229
1325,1.8518
1326,1.3997
1327,0.89657
1328,0.71642
1329,0.72857
1330,0.67368
1331,0.72322
1332,1.3424
1333,1.8301
1334,2.013
1335,2.0769
1336,2.0702
1337,1.843
1338,1.1442
1339,0.71694
1340,0.51839
1341,0.43878
1342,0.43749
1343,0.84362
1344,1.5818
1345,1.8377
1346,1.739
1347,1.6114
1348,1.8176
1349,1.4895
1350,0.93631
1351,0.71212
1352,0.72072
1353,0.69818
1354,0.68681
1355,1.2517
1356,1.793
1357,1.9969
1358,2.0746
1359,2.0702
1360,1.9251
1361,1.2215
1362,0.75502
1363,0.53086
1364,0.4439
1365,0.42576
1366,0.75431
1367,1.5087
1368,1.8077
1369,1.7255
1370,1.6054
1371,1.7709
1372,1.5728
1373,0.9906
1374,0.74611
1375,0.73328
1376,0.72703
1377,0.66778
1378,1.1624
1379,1.7462
1380,1.9841
1381,2.0742
1382,2.0758
1383,1.9908
1384,1.3054
1385,0.79794
1386,0.55212
1387,0.44892
1388,0.41849
1389,0.675
1390,1.424
1391,1.8019
1392,1.7451
1393,1.6134
1394,1.7217
1395,1.6549
1396,1.047
1397,0.7576
1398,0.72672
1399,0.74246
1400,0.65472
1401,1.0715
1402,1.6944
1403,1.9655
1404,2.0675
1405,2.1122
1406,2.0591
1407,1.4003
1408,0.84668
1409,0.57409
1410,0.45279
1411,0.40588
1412,0.59702
1413,1.3233
1414,1.7846
1415,1.7575
1416,1.6063
1417,1.6511
1418,1.7253
1419,1.1118
1420,0.77838
1421,0.72728
1422,0.77282
1423,0.66606
1424,0.98844
1425,1.6357
1426,1.9656
1427,2.076
1428,2.0949
1429,2.0786
1430,1.4872
1431,0.89282
1432,0.58717
1433,0.45852
1434,0.41195
1435,0.54848
1436,1.2314
1437,1.7575
1438,1.7594
1439,1.6221
1440,1.6254
1441,1.7817
1442,1.1767
1443,0.80905
1444,0.73763
1445,0.77726
1446,0.6685
1447,0.91247
1448,1.5707
1449,1.9228
1450,2.0523
1451,2.0909
1452,2.092
1453,1.578
1454,0.95178
1455,0.62005
1456,0.47409
1457,0.41798
1458,0.50749
1459,1.131
1460,1.7306
1461,1.785
1462,1.6506
1463,1.6085
1464,1.823
1465,1.2494
1466,0.82982
1467,0.71661
1468,0.75764
1469,0.66881
1470,0.83786
1471,1.4994
1472,1.8936
1473,2.0393
1474,2.0867
1475,2.0925
1476,1.6729
1477,1.0129
1478,0.64936
1479,0.48646
1480,0.41911
1481,0.4725
1482,1.028
1483,1.6892
1484,1.7994
1485,1.6651
1486,1.5882
1487,1.8369
1488,1.3269
1489,0.86163
1490,0.7268
1491,0.76614
1492,0.69052
1493,0.78161
1494,1.4228
1495,1.8642
1496,2.0304
1497,2.0869
1498,2.0919
1499,1.7636
1500,1.0776
1501,0.68094
1502,0.5006
1503,0.42781
1504,0.44925
1505,0.93031
1506,1.6391
1507,1.8063
1508,1.6874
1509,1.5875
1510,1.8316
1511,1.4077
1512,0.89972
1513,0.7285
1514,0.75494
1515,0.70331
1516,0.73235
1517,1.3389
1518,1.8291
1519,2.0166
1520,2.0854
1521,2.0884
1522,1.8515
1523,1.1491
1524,0.7174
1525,0.51529
1526,0.43539
1527,0.43257
1528,0.8354
1529,1.577
1530,1.8096
1531,1.7078
1532,1.5914
1533,1.8045
1534,1.4922
1535,0.94372
1536,0.73547
1537,0.74608
1538,0.71919
1539,0.69523
1540,1.2499
1541,1.7896
1542,2.0016
1543,2.0797
1544,2.0836
1545,1.93
1546,1.2267
1547,0.75486
1548,0.52988
1549,0.43938
1550,0.42124
1551,0.74764
1552,1.5033
1553,1.805
1554,1.7197
1555,1.5937
1556,1.7602
1557,1.5761
1558,0.99401
1559,0.74635
1560,0.74019
1561,0.73826
1562,0.67252
1563,1.1599
1564,1.7438
1565,1.9861
1566,2.0758
1567,2.087
1568,1.9961
1569,1.3098
1570,0.79747
1571,0.54797
1572,0.4447
1573,0.41433
1574,0.66953
1575,1.4192
1576,1.811
1577,1.7592
1578,1.6096
1579,1.7132
1580,1.6573
1581,1.0485
1582,0.74926
1583,0.72147
1584,0.74584
1585,0.65708
1586,1.0692
1587,1.6952
1588,1.9628
1589,2.0664
1590,2.0794
1591,2.0424
1592,1.3947
1593,0.84617
1594,0.57483
1595,0.45762
1596,0.41686
1597,0.60646
1598,1.3302
1599,1.7865
1600,1.7624
1601,1.6281
1602,1.6767
1603,1.7285
1604,1.1098
1605,0.77798
1606,0.72223
1607,0.75175
1608,0.65088
1609,0.98414
1610,1.6354
1611,1.9548
1612,2.0665
1613,2.0834
1614,2.074
1615,1.4871
1616,0.89504
1617,0.59216
1618,0.46364
1619,0.41675
1620,0.55071
1621,1.2316
1622,1.7601
1623,1.7689
1624,1.6354
1625,1.6362
1626,1.7856
1627,1.1777
1628,0.80531
1629,0.72835
1630,0.76414
1631,0.65972
1632,0.90712
1633,1.5695
1634,1.9214
1635,2.0514
1636,2.088
1637,2.0911
1638,1.5811
1639,0.9534
1640,0.62474
1641,0.47785
1642,0.42078
1643,0.50712
1644,1.1282
1645,1.7308
1646,1.7955
1647,1.6613
1648,1.6143
1649,1.8264
1650,1.2522
1651,0.82729
1652,0.71327
1653,0.75453
1654,0.66564
1655,0.83372
1656,1.4976
1657,1.8948
1658,2.0404
1659,2.0858
1660,2.0909
1661,1.6762
1662,1.0145
1663,0.64854
1664,0.48768
1665,0.42576
1666,0.47393
1667,1.0256
1668,1.6879
1669,1.7958
1670,1.674
1671,1.5986
1672,1.8418
1673,1.3304
1674,0.8649
1675,0.71828
1676,0.74408
1677,0.67835
1678,0.7738
1679,1.4164
1680,1.8611
1681,2.0257
1682,2.0848
1683,2.0864
1684,1.7695
1685,1.0826
1686,0.68621
1687,0.50374
1688,0.43322
1689,0.45036
1690,0.92434
1691,1.6355
1692,1.8104
1693,1.698
1694,1.5979
1695,1.8354
1696,1.4151
1697,0.90178
1698,0.7262
1699,0.74525
1700,0.69605
1701,0.72456
1702,1.3307
1703,1.8267
1704,2.0138
1705,2.0826
1706,2.0815
1707,1.8578
1708,1.1552
1709,0.72131
1710,0.51915
1711,0.43904
1712,0.43366
1713,0.82866
1714,1.5714
1715,1.8126
1716,1.7154
1717,1.5995
1718,1.806
1719,1.5004
1720,0.94722
1721,0.73083
1722,0.7042
1723,0.69902
1724,0.68353
1725,1.2386
1726,1.785
1727,1.9929
1728,2.0722
1729,2.0687
1730,1.9343
1731,1.2341
1732,0.76212
1733,0.5395
1734,0.44788
1735,0.42612
1736,0.74244
1737,1.4965
1738,1.8334
1739,1.7745
1740,1.6281
1741,1.7734
1742,1.589
1743,0.99579
1744,0.71928
1745,0.70376
1746,0.70922
1747,0.65441
1748,1.1434
1749,1.7398
1750,1.972
1751,2.065
1752,2.0652
1753,1.9989
1754,1.318
1755,0.807
1756,0.55964
1757,0.45347
1758,0.42112
1759,0.6651
1760,1.4103
1761,1.8064
1762,1.7574
1763,1.6259
1764,1.7213
1765,1.6687
1766,1.0556
1767,0.75699
1768,0.71109
1769,0.73226
1770,0.64713
1771,1.0547
1772,1.686
1773,1.9729
1774,2.0705
1775,2.074
1776,2.046
1777,1.4082
1778,0.84959
1779,0.57279
1780,0.45825
1781,0.41811
1782,0.59827
1783,1.3174
1784,1.7805
1785,1.7579
1786,1.6293
1787,1.6721
1788,1.738
1789,1.1194
1790,0.78117
1791,0.72489
1792,0.75341
1793,0.65095
1794,0.97244
1795,1.6255
1796,1.9411
1797,2.0595
1798,2.0805
1799,2.0751
1800,1.5004
1801,0.90527
1802,0.60151
1803,0.46796
1804,0.41942
1805,0.54499
1806,1.2164
1807,1.7593
1808,1.7788
1809,1.6468
1810,1.6381
1811,1.7952
1812,1.1889
1813,0.80408
1814,0.6967
1815,0.71097
1816,0.63906
1817,0.8866
1818,1.5569
1819,1.9131
1820,2.0346
1821,2.0663
1822,2.0785
1823,1.5958
1824,0.96366
1825,0.63279
1826,0.48544
1827,0.43061
1828,0.50606
1829,1.1135
1830,1.7262
1831,1.8015
1832,1.6817
1833,1.631
1834,1.8382
1835,1.2663
1836,0.83259
1837,0.70925
1838,0.73779
1839,0.65392
1840,0.81545
1841,1.4814
1842,1.8857
1843,2.034
1844,2.0763
1845,2.0837
1846,1.6947
1847,1.0277
1848,0.65601
1849,0.49284
1850,0.43143
1851,0.47084
1852,1.0061
1853,1.6787
1854,1.8006
1855,1.686
1856,1.6068
1857,1.8464
1858,1.3482
1859,0.87212
1860,0.71851
1861,0.74535
1862,0.67804
1863,0.7602
1864,1.3981
1865,1.8534
1866,2.0238
1867,2.0839
1868,2.0835
1869,1.7892
1870,1.098
1871,0.6922
1872,0.50589
1873,0.42886
1874,0.44425
1875,0.90232
1876,1.6221
1877,1.8094
1878,1.693
1879,1.5883
1880,1.8261
1881,1.4324
1882,0.91145
1883,0.7287
1884,0.75208
1885,0.70745
1886,0.71993
1887,1.3133
1888,1.8183
1889,2.0123
1890,2.0828
1891,2.0864
1892,1.8754
1893,1.1709
1894,0.72823
1895,0.52028
1896,0.43498
1897,0.42785
1898,0.809
1899,1.5567
1900,1.8094
1901,1.7115
1902,1.5891
1903,1.7913
1904,1.5162
1905,0.95747
1906,0.73894
1907,0.74686
1908,0.72724
1909,0.6888
1910,1.2248
1911,1.7775
1912,1.9973
1913,2.0793
1914,2.0856
1915,1.9501
1916,1.2494
1917,0.76347
1918,0.53378
1919,0.44173
1920,0.41924
1921,0.72479
1922,1.4809
1923,1.8014
1924,1.7243
1925,1.5966
1926,1.7471
1927,1.5993
1928,1.01
1929,0.7502
1930,0.73851
1931,0.7424
1932,0.66776
1933,1.1339
1934,1.7292
1935,1.9818
1936,2.0752
1937,2.0817
1938,2.01
1939,1.3341
1940,0.81088
1941,0.55506
1942,0.45051
1943,0.41622
1944,0.65101
1945,1.3947
1946,1.7943
1947,1.7454
1948,1.6129
1949,1.7033
1950,1.6789
1951,1.0671
1952,0.76621
1953,0.72705
1954,0.74956
1955,0.65473
1956,1.0437
1957,1.6757
1958,1.9657
1959,2.0688
1960,2.0808
1961,2.0535
1962,1.4234
1963,0.86004
1964,0.57811
1965,0.45594
1966,0.41282
1967,0.58669
1968,1.2994
1969,1.7787
1970,1.7608
1971,1.6192
1972,1.6552
1973,1.746
1974,1.1302
1975,0.78648
1976,0.73052
1977,0.76588
1978,0.65885
1979,0.96222
1980,1.6165
1981,1.9385
1982,2.0577
1983,2.0891
1984,2.0818
1985,1.5146
1986,0.91299
1987,0.60144
1988,0.4654
1989,0.41624
1990,0.53609
1991,1.2005
1992,1.7535
1993,1.7765
1994,1.6395
1995,1.6257
1996,1.799
1997,1.1991
1998,0.81099
1999,0.72548
2000,0.76522
2001,0.66332
2002,0.88529
2003,1.5497
2004,1.9136
2005,2.0484
2006,2.0888
2007,2.093
2008,1.6086
2009,0.97056
2010,0.63168
2011,0.47939
2012,0.42135
2013,0.49609
2014,1.0986
2015,1.7195
2016,1.791
2017,1.6611
2018,1.6062
2019,1.8322
2020,1.2739
2021,0.83922
2022,0.71795
2023,0.75663
2024,0.67176
2025,0.81683
2026,1.4746
2027,1.8861
2028,2.0377
2029,2.0869
2030,2.0919
2031,1.7034
2032,1.0336
2033,0.66003
2034,0.49137
2035,0.42445
2036,0.46485
2037,0.99559
2038,1.6741
2039,1.8018
2040,1.6751
2041,1.5911
2042,1.8395
2043,1.3537
2044,0.87414
2045,0.71891
2046,0.7565
2047,0.69049
2048,0.76199
2049,1.3945
2050,1.8519
2051,2.0246
2052,2.0837
2053,2.0909
2054,1.7949
2055,1.1017
2056,0.69424
2057,0.5062
2058,0.43231
2059,0.44325
2060,0.89673
2061,1.6189
2062,1.8094
2063,1.6992
2064,1.592
2065,1.8261
2066,1.4374
2067,0.91389
2068,0.72834
2069,0.74795
2070,0.70564
2071,0.71632
2072,1.3076
2073,1.8157
2074,2.011
2075,2.082
2076,2.0851
2077,1.8805
2078,1.1758
2079,0.73084
2080,0.52136
2081,0.43817
2082,0.42858
2083,0.80363
2084,1.5523
2085,1.81
2086,1.715
2087,1.5948
2088,1.7917
2089,1.5225
2090,0.96074
2091,0.735
2092,0.73862
2093,0.72252
2094,0.68408
2095,1.2171
2096,1.7737
2097,1.9997
2098,2.0802
2099,2.08
2100,1.9541
2101,1.2555
2102,0.76979
2103,0.53793
2104,0.43812
2105,0.41615
2106,0.7181
2107,1.4747
2108,1.8039
2109,1.726
2110,1.589
2111,1.7384
2112,1.6035
2113,1.0123
2114,0.7499
2115,0.74476
2116,0.75084
2117,0.67109
2118,1.1308
2119,1.7279
2120,1.9789
2121,2.072
2122,2.0851
2123,2.0129
2124,1.3374
2125,0.81421
2126,0.56019
2127,0.45158
2128,0.41556
2129,0.64793
2130,1.3906
2131,1.7978
2132,1.7514
2133,1.6148
2134,1.7013
2135,1.6821
2136,1.0686
2137,0.76484
2138,0.72804
2139,0.75046
2140,0.65468
2141,1.0406
2142,1.6744
2143,1.9586
2144,2.065
2145,2.0849
2146,2.0563
2147,1.4268
2148,0.86285
2149,0.58258
2150,0.46007
2151,0.41559
2152,0.58522
2153,1.2957
2154,1.779
2155,1.7673
2156,1.6302
2157,1.6605
2158,1.7504
2159,1.1331
2160,0.78609
2161,0.72263
2162,0.75687
2163,0.65351
2164,0.95615
2165,1.6135
2166,1.9425
2167,2.0607
2168,2.0845
2169,2.0804
2170,1.5192
2171,0.91445
2172,0.60368
2173,0.46858
2174,0.41856
2175,0.53484
2176,1.1964
2177,1.7517
2178,1.7793
2179,1.646
2180,1.6288
2181,1.8026
2182,1.2028
2183,0.81148
2184,0.71338
2185,0.75144
2186,0.65702
2187,0.87894
2188,1.5449
2189,1.9112
2190,2.0453
2191,2.0835
2192,2.0892
2193,1.6142
2194,0.97451
2195,0.63013
2196,0.47986
2197,0.42378
2198,0.49532
2199,1.0928
2200,1.7161
2201,1.7927
2202,1.6648
2203,1.6097
2204,1.8353
2205,1.2792
2206,0.8414
2207,0.71547
2208,0.75244
2209,0.66915
2210,0.8111
2211,1.4692
2212,1.8915
2213,2.0464
2214,2.0878
2215,2.0907
2216,1.71
2217,1.0374
2218,0.65603
2219,0.48847
2220,0.42657
2221,0.46378
2222,0.98892
2223,1.6707
2224,1.7917
2225,1.6738
2226,1.592
2227,1.8399
2228,1.3586
2229,0.88018
2230,0.73001
2231,0.75855
2232,0.69193
2233,0.75898
2234,1.3875
2235,1.8496
2236,2.0247
2237,2.0851
2238,2.0877
2239,1.8003
2240,1.1072
2241,0.69501
2242,0.50658
2243,0.43072
2244,0.44196
2245,0.88979
2246,1.6143
2247,1.809
2248,1.6953
2249,1.5887
2250,1.8231
2251,1.4433
2252,0.91782
2253,0.72847
2254,0.74141
2255,0.70593
2256,0.71356
2257,1.3009
2258,1.814
2259,2.0083
2260,2.0814
2261,2.082
2262,1.8853
2263,1.181
2264,0.73368
2265,0.52418
2266,0.4388
2267,0.42857
2268,0.79789
2269,1.5473
2270,1.8116
2271,1.7182
2272,1.5972
2273,1.7903
2274,1.5287
2275,0.96374
2276,0.7372
2277,0.73806
2278,0.72235
2279,0.68142
2280,1.2105
2281,1.7707
2282,1.9959
2283,2.0793
2284,2.0787
2285,1.9587
2286,1.2612
2287,0.771
2288,0.5395
2289,0.44413
2290,0.41902
2291,0.71389
2292,1.4693
2293,1.8034
2294,1.7321
2295,1.6009
2296,1.7422
2297,1.6114
2298,1.017
2299,0.75346
2300,0.73617
2301,0.74205
2302,0.66431
2303,1.1208
2304,1.7225
2305,1.9773
2306,2.0728
2307,2.0797
2308,2.0166
2309,1.3459
2310,0.81821
2311,0.56145
2312,0.45297
2313,0.41692
2314,0.64212
2315,1.3821
2316,1.795
2317,1.7521
2318,1.6189
2319,1.6997
2320,1.6899
2321,1.075
2322,0.76693
2323,0.72414
2324,0.74773
2325,0.65209
2326,1.0311
2327,1.6681
2328,1.9561
2329,2.0636
2330,2.0782
2331,2.0568
2332,1.4356
2333,0.86829
2334,0.58458
2335,0.46137
2336,0.41769
2337,0.5809
2338,1.2864
2339,1.7764
2340,1.7675
2341,1.6345
2342,1.6606
2343,1.7575
2344,1.1401
2345,0.78969
2346,0.72366
2347,0.75483
2348,0.65171
2349,0.94692
2350,1.6061
2351,1.9341
2352,2.0553
2353,2.0853
2354,2.0824
2355,1.5298
2356,0.92216
2357,0.60731
2358,0.47033
2359,0.41909
2360,0.52981
2361,1.1843
2362,1.7489
2363,1.7805
2364,1.6485
2365,1.6263
2366,1.8077
2367,1.2114
2368,0.814
2369,0.72286
2370,0.75987
2371,0.66108
2372,0.87146
2373,1.537
2374,1.9084
2375,2.0459
2376,2.084
2377,2.0904
2378,1.6246
2379,0.98109
2380,0.63564
2381,0.48084
2382,0.42275
2383,0.49089
2384,1.0812
2385,1.7122
2386,1.794
2387,1.6638
2388,1.6051
2389,1.8362
2390,1.2875
2391,0.84516
2392,0.72449
2393,0.75942
2394,0.67472
2395,0.80628
2396,1.4615
2397,1.8814
2398,2.0364
2399,2.0867
2400,2.0915
2401,1.7194
2402,1.0445
2403,0.66447
2404,0.49329
2405,0.42807
2406,0.46147
2407,0.97883
2408,1.6656
2409,1.8025
2410,1.683
2411,1.5949
2412,1.8406
2413,1.3678
2414,0.88088
2415,0.72416
2416,0.75285
2417,0.6904
2418,0.75198
2419,1.3792
2420,1.8502
2421,2.0292
2422,2.0861
2423,2.0873
2424,1.8101
2425,1.1139
2426,0.69692
2427,0.50566
2428,0.43291
2429,0.4405
2430,0.88031
2431,1.6088
2432,1.8048
2433,1.6972
2434,1.5906
2435,1.8209
2436,1.4511
2437,0.92263
2438,0.73533
2439,0.75075
2440,0.71069
2441,0.71114
2442,1.2927
2443,1.809
2444,2.0093
2445,2.0822
2446,2.0861
2447,1.8938
2448,1.1891
2449,0.73748
2450,0.52591
2451,0.43958
2452,0.42674
2453,0.78867
2454,1.5396
2455,1.811
2456,1.7198
2457,1.5966
2458,1.7849
2459,1.5372
2460,0.96857
2461,0.73846
2462,0.73302
2463,0.72349
2464,0.67895
2465,1.2017
2466,1.7668
2467,2.0112
2468,2.0833
2469,2.0803
2470,1.9658
2471,1.2694
2472,0.77253
2473,0.53543
2474,0.44306
2475,0.41831
2476,0.70605
2477,1.4625
2478,1.7985
2479,1.7245
2480,1.5986
2481,1.7359
2482,1.6178
2483,1.0225
2484,0.75927
2485,0.73861
2486,0.74628
2487,0.66478
2488,1.1137
2489,1.7175
2490,1.9754
2491,2.0712
2492,2.0847
2493,2.0225
2494,1.3543
2495,0.8234
2496,0.56164
2497,0.45154
2498,0.41493
2499,0.63496
2500,1.3727
2501,1.7917
2502,1.7491
2503,1.6138
2504,1.6915
2505,1.6958
2506,1.0811
2507,0.77172
2508,0.73017
2509,0.75497
2510,0.65537
2511,1.0242
2512,1.6626
2513,1.9569
2514,2.0641
2515,2.0863
2516,2.0627
2517,1.4447
2518,0.87197
2519,0.58451
2520,0.4611
2521,0.41574
2522,0.57444
2523,1.2766
2524,1.7735
2525,1.7667
2526,1.6314
2527,1.6523
2528,1.7617
2529,1.1463
2530,0.79026
2531,0.69985
2532,0.72583
2533,0.64299
2534,0.9367
2535,1.599
2536,1.9288
2537,2.0455
2538,2.0713
2539,2.077
2540,1.5381
2541,0.92824
2542,0.61462
2543,0.4758
2544,0.42394
2545,0.52845
2546,1.1758
2547,1.7473
2548,1.7889
2549,1.6616
2550,1.6349
2551,1.8152
2552,1.2191
2553,0.81453
2554,0.71138
2555,0.74622
2556,0.65295
2557,0.86
2558,1.5288
2559,1.9039
2560,2.0421
2561,2.0842
2562,2.0902
2563,1.6365
2564,0.9885
2565,0.6375
2566,0.48223
2567,0.41894
2568,0.48501
2569,1.0682
2570,1.7065
2571,1.7939
2572,1.66
2573,1.5957
2574,1.8347
2575,1.2963
2576,0.84939
2577,0.72452
2578,0.76509
2579,0.68208
2580,0.80225
2581,1.4527
2582,1.8767
2583,2.0349
2584,2.087
2585,2.0931
2586,1.7294
2587,1.0523
2588,0.66998
2589,0.49639
2590,0.42862
2591,0.45865
2592,0.96766
2593,1.6599
2594,1.8068
2595,1.6872
2596,1.5947
2597,1.8398
2598,1.3773
2599,0.88388
2600,0.7255
2601,0.75193
2602,0.69202
2603,0.74643
2604,1.3701
2605,1.8425
2606,2.0212
2607,2.0857
2608,2.0882
2609,1.8204
2610,1.1222
2611,0.7039
2612,0.5094
2613,0.43344
2614,0.43825
2615,0.86936
2616,1.6011
2617,1.8082
2618,1.7007
2619,1.5905
2620,1.8171
2621,1.4615
2622,0.92729
2623,0.73065
2624,0.74744
2625,0.71208
2626,0.7066
2627,1.2822
2628,1.8043
2629,2.0065
2630,2.0832
2631,2.0831
2632,1.9022
2633,1.1978
2634,0.74138
2635,0.5261
2636,0.43996
2637,0.42599
2638,0.7791
2639,1.5313
2640,1.8076
2641,1.7188
2642,1.597
2643,1.7802
2644,1.5466
2645,0.97526
2646,0.74034
2647,0.7394
2648,0.72778
2649,0.67721
2650,1.1911
2651,1.7606
2652,1.9917
2653,2.078
2654,2.0855
2655,1.9744
2656,1.28
2657,0.78224
2658,0.54567
2659,0.44634
2660,0.41807
2661,0.69646
2662,1.4502
2663,1.8041
2664,1.7386
2665,1.6063
2666,1.7326
2667,1.6301
2668,1.0292
2669,0.75479
2670,0.733
2671,0.74318
2672,0.66032
2673,1.1001
2674,1.7112
2675,1.9721
2676,2.0694
2677,2.0829
2678,2.0288
2679,1.3661
2680,0.82904
2681,0.56584
2682,0.45436
2683,0.41604
2684,0.62657
2685,1.3606
2686,1.7903
2687,1.7531
2688,1.62
2689,1.6881
2690,1.7059
2691,1.0894
2692,0.77458
2693,0.73006
2694,0.75377
2695,0.65334
2696,1.0121
2697,1.6544
2698,1.9521
2699,2.0628
2700,2.081
2701,2.0645
2702,1.4566
2703,0.88012
2704,0.58954
2705,0.46331
2706,0.41758
2707,0.5683
2708,1.2637
2709,1.7725
2710,1.7724
2711,1.6378
2712,1.6519
2713,1.7704
2714,1.1555
2715,0.79329
2716,0.72072
2717,0.75554
2718,0.65297
2719,0.92906
2720,1.5918
2721,1.9284
2722,2.0531
2723,2.0852
2724,2.0859
2725,1.5509
2726,0.93483
2727,0.61241
2728,0.47104
2729,0.41927
2730,0.51987
2731,1.1613
2732,1.7412
2733,1.7809
2734,1.6493
2735,1.619
2736,1.8152
2737,1.2276
2738,0.82288
2739,0.7257
2740,0.76262
2741,0.66535
2742,0.85695
2743,1.5207
2744,1.9023
2745,2.0443
2746,2.0854
2747,2.0934
2748,1.6461
2749,0.9951
2750,0.64135
2751,0.48273
2752,0.42321
2753,0.48296
2754,1.0577
2755,1.7028
2756,1.7921
2757,1.6658
2758,1.5997
2759,1.8383
2760,1.3048
2761,0.85352
2762,0.72667
2763,0.76114
2764,0.6801
2765,0.7943
2766,1.4434
2767,1.877
2768,2.036
2769,2.087
2770,2.0912
2771,1.7399
2772,1.0594
2773,0.6722
2774,0.49711
2775,0.42857
2776,0.45598
2777,0.95637
2778,1.6541
2779,1.8049
2780,1.6865
2781,1.5928
2782,1.8379
2783,1.3862
2784,0.88913
2785,0.72851
2786,0.75378
2787,0.69545
2788,0.74202
2789,1.3607
2790,1.842
2791,2.0232
2792,2.0878
2793,2.0875
2794,1.8294
2795,1.1298
2796,0.7032
2797,0.50958
2798,0.43379
2799,0.43663
2800,0.85943
2801,1.5944
2802,1.8052
2803,1.7011
2804,1.5899
2805,1.8135
2806,1.4698
2807,0.93287
2808,0.73624
2809,0.74951
2810,0.71533
2811,0.70395
2812,1.2729
2813,1.8003
2814,2.0072
2815,2.0825
2816,2.0829
2817,1.9098
2818,1.2061
2819,0.74479
2820,0.52736
2821,0.43399
2822,0.42201
2823,0.76912
2824,1.5233
2825,1.8077
2826,1.7149
2827,1.5859
2828,1.769
2829,1.5534
2830,0.97984
2831,0.74378
2832,0.74763
2833,0.73937
2834,0.6806
2835,1.1854
2836,1.7573
2837,2.0018
2838,2.0811
2839,2.0844
2840,1.9782
2841,1.2856
2842,0.78193
2843,0.54146
2844,0.44454
2845,0.41685
2846,0.69111
2847,1.4454
2848,1.798
2849,1.731
2850,1.601
2851,1.7264
2852,1.6338
2853,1.0335
2854,0.76001
2855,0.73438
2856,0.74796
2857,0.66215
2858,1.0958
2859,1.7074
2860,1.9712
2861,2.0698
2862,2.0852
2863,2.0316
2864,1.3716
2865,0.8324
2866,0.56867
2867,0.4548
2868,0.41549
2869,0.62253
2870,1.3547
2871,1.7905
2872,1.7564
2873,1.6208
2874,1.6849
2875,1.71
2876,1.093
2877,0.77162
2878,0.70696
2879,0.73821
2880,0.64751
2881,1.0052
2882,1.6508
2883,1.9516
2884,2.06
2885,2.0786
2886,2.0654
2887,1.4628
2888,0.88283
2889,0.58846
2890,0.46363
2891,0.41807
2892,0.56492
2893,1.2575
2894,1.7677
2895,1.769
2896,1.6372
2897,1.6496
2898,1.7739
2899,1.1603
2900,0.798
2901,0.72519
2902,0.75787
2903,0.65416
2904,0.92439
2905,1.5863
2906,1.9273
2907,2.0532
2908,2.086
2909,2.0866
2910,1.5577
2911,0.93899
2912,0.61154
2913,0.46905
2914,0.41832
2915,0.51661
2916,1.1538
2917,1.738
2918,1.7794
2919,1.6459
2920,1.6142
2921,1.8167
2922,1.2329
2923,0.82425
2924,0.72718
2925,0.7661
2926,0.66856
2927,0.85336
2928,1.5155
2929,1.9023
2930,2.0447
2931,2.0899
2932,2.0954
2933,1.6532
2934,0.99929
2935,0.63965
2936,0.48029
2937,0.4217
2938,0.47973
2939,1.0498
2940,1.6983
2941,1.7883
2942,1.6606
2943,1.5939
2944,1.8371
2945,1.3103
2946,0.85777
2947,0.72982
2948,0.76619
2949,0.68519
2950,0.79212
2951,1.4378
2952,1.8703
2953,2.0332
2954,2.0876
2955,2.0945
2956,1.7467
2957,1.0651
2958,0.67666
2959,0.49883
2960,0.42762
2961,0.45341
2962,0.94829
2963,1.6495
2964,1.8077
2965,1.6882
2966,1.59
2967,1.8357
2968,1.3928
2969,0.89156
2970,0.72645
2971,0.75402
2972,0.69837
2973,0.73933
2974,1.3545
2975,1.836
2976,2.019
2977,2.0858
2978,2.0887
2979,1.8363
2980,1.1356
2981,0.71052
2982,0.51221
2983,0.43403
2984,0.43504
2985,0.85215
2986,1.5891
2987,1.8085
2988,1.7033
2989,1.5899
2990,1.8106
2991,1.4766
2992,0.93537
2993,0.73414
2994,0.74664
2995,0.71613
2996,0.70111
2997,1.2665
2998,1.7972
2999,2.0041
3000,2.0803
3001,2.082
3002,1.9153
3003,1.2115
3004,0.74922
3005,0.53146
3006,0.44295
3007,0.42518
3008,0.76466
3009,1.5181
3010,1.8128
3011,1.7283
3012,1.6031
3013,1.775
3014,1.5621
3015,0.98317
3016,0.74161
3017,0.73458
3018,0.72674
3019,0.67125
3020,1.1747
3021,1.753
3022,1.9868
3023,2.0747
3024,2.0819
3025,1.9851
3026,1.2943
3027,0.79154
3028,0.5489
3029,0.44632
3030,0.41711
3031,0.6836
3032,1.4352
3033,1.8029
3034,1.7406
3035,1.6069
3036,1.7237
3037,1.6434
3038,1.0388
3039,0.75557
3040,0.72218
3041,0.74221
3042,0.65761
3043,1.0847
3044,1.7023
3045,1.9671
3046,2.0674
3047,2.0774
3048,2.0344
3049,1.3804
3050,0.83823
3051,0.57098
3052,0.45674
3053,0.41719
3054,0.61689
3055,1.3453
3056,1.7895
3057,1.7607
3058,1.6265
3059,1.6843
3060,1.7181
3061,1.0997
3062,0.77304
3063,0.7235
3064,0.75028
3065,0.65038
3066,0.9971
3067,1.645
3068,1.955
3069,2.0649
3070,2.0812
3071,2.0694
3072,1.4722
3073,0.88721
3074,0.58583
3075,0.46047
3076,0.41439
3077,0.55812
3078,1.2471
3079,1.7624
3080,1.7622
3081,1.6263
3082,1.6369
3083,1.7761
3084,1.1667
3085,0.8028
3086,0.73379
3087,0.76981
3088,0.66224
3089,0.92084
3090,1.5803
3091,1.9259
3092,2.0533
3093,2.0896
3094,2.0895
3095,1.5657
3096,0.94403
3097,0.6158
3098,0.47089
3099,0.41762
3100,0.51279
3101,1.1448
3102,1.7356
3103,1.7807
3104,1.6462
3105,1.6109
3106,1.8188
3107,1.239
3108,0.82618
3109,0.72603
3110,0.76669
3111,0.67052
3112,0.84824
3113,1.51
3114,1.898
3115,2.0427
3116,2.0877
3117,2.0947
3118,1.6598
3119,1.0041
3120,0.64718
3121,0.48712
3122,0.42399
3123,0.47838
3124,1.0428
3125,1.6965
3126,1.7986
3127,1.6716
3128,1.599
3129,1.84
3130,1.3166
3131,0.85695
3132,0.7238
3133,0.75803
3134,0.68108
3135,0.78525
3136,1.4321
3137,1.8678
3138,2.0311
3139,2.0878
3140,2.0923
3141,1.7538
3142,1.0699
3143,0.67767
3144,0.49674
3145,0.42784
3146,0.4517
3147,0.94134
3148,1.6456
3149,1.8037
3150,1.6836
3151,1.5877
3152,1.8336
3153,1.3982
3154,0.89581
3155,0.72943
3156,0.75656
3157,0.70167
3158,0.73732
3159,1.3482
3160,1.8336
3161,2.0191
3162,2.0844
3163,2.0868
3164,1.8415
3165,1.1408
3166,0.71321
3167,0.51536
3168,0.4363
3169,0.43526
3170,0.84609
3171,1.5846
3172,1.8303
3173,1.722
3174,1.5993
3175,1.8125
3176,1.4839
3177,0.93444
3178,0.71998
3179,0.72393
3180,0.70483
3181,0.69287
3182,1.2584
3183,1.7971
3184,2.0228
3185,2.0849
3186,2.0774
3187,1.9219
3188,1.217
3189,0.74365
3190,0.52455
3191,0.4405
3192,0.42379
3193,0.75796
3194,1.5146
3195,1.8007
3196,1.7159
3197,1.5961
3198,1.7679
3199,1.5654
3200,0.9886
3201,0.75136
3202,0.74459
3203,0.73551
3204,0.67421
3205,1.1705
3206,1.7489
3207,1.9901
3208,2.0777
3209,2.0879
3210,1.9805
3211,1.3287
3212,0.80225
3213,0.5477
3214,0.44465
3215,0.41756
3216,0.65396
3217,1.4035
3218,1.7903
3219,1.7321
3220,1.6007
3221,1.7038
3222,1.6711
3223,1.0621
3224,0.76837
3225,0.74291
3226,0.75799
3227,0.65969
3228,1.054
3229,1.6805
3230,1.963
3231,2.068
3232,2.0832
3233,2.0502
3234,1.4145
3235,0.8563
3236,0.5768
3237,0.45507
3238,0.41305
3239,0.59261
3240,1.3084
3241,1.7865
3242,1.7809
3243,1.6268
3244,1.6631
3245,1.7415
3246,1.1239
3247,0.77323
3248,0.71926
3249,0.75674
3250,0.65409
3251,0.96747
3252,1.6253
3253,1.9388
3254,2.0579
3255,2.0825
3256,2.0774
3257,1.5045
3258,0.9074
3259,0.60116
3260,0.46734
3261,0.41821
3262,0.54186
3263,1.2122
3264,1.7567
3265,1.777
3266,1.6435
3267,1.6335
3268,1.7955
3269,1.1915
3270,0.8082
3271,0.7226
3272,0.7597
3273,0.65866
3274,0.89138
3275,1.5564
3276,1.9158
3277,2.0489
3278,2.0863
3279,2.0912
3280,1.5994
3281,0.96488
3282,0.62673
3283,0.47703
3284,0.42121
3285,0.49985
3286,1.1086
3287,1.7229
3288,1.787
3289,1.658
3290,1.608
3291,1.8302
3292,1.2664
3293,0.83793
3294,0.72641
3295,0.76217
3296,0.67217
3297,0.82338
3298,1.4821
3299,1.8877
3300,2.0389
3301,2.0879
3302,2.0943
3303,1.6949
3304,1.0277
3305,0.65806
3306,0.49075
3307,0.42563
3308,0.46763
3309,1.005
3310,1.6787
3311,1.8024
3312,1.6771
3313,1.5946
3314,1.841
3315,1.3465
3316,0.87025
3317,0.72415
3318,0.7565
3319,0.6876
3320,0.76569
3321,1.4018
3322,1.8555
3323,2.0262
3324,2.0846
3325,2.091
3326,1.7873
3327,1.0955
3328,0.68848
3329,0.5032
3330,0.43071
3331,0.44445
3332,0.90524
3333,1.624
3334,1.8065
3335,1.6944
3336,1.5895
3337,1.8271
3338,1.4295
3339,0.91076
3340,0.73157
3341,0.75168
3342,0.70639
3343,0.72104
3344,1.3158
3345,1.8192
3346,2.013
3347,2.0834
3348,2.0874
3349,1.8733
3350,1.169
3351,0.7278
3352,0.52168
3353,0.43777
3354,0.42951
3355,0.81158
3356,1.5584
3357,1.8118
3358,1.7156
3359,1.5949
3360,1.7954
3361,1.515
3362,0.95564
3363,0.7346
3364,0.72774
3365,0.71661
3366,0.68476
3367,1.225
3368,1.7784
3369,1.9932
3370,2.0771
3371,2.0777
3372,1.9477
3373,1.2478
3374,0.76891
3375,0.54129
3376,0.44747
3377,0.4227
3378,0.72784
3379,1.4825
3380,1.8109
3381,1.7385
3382,1.6107
3383,1.7563
3384,1.6001
3385,1.0069
3386,0.74659
3387,0.72933
3388,0.73061
3389,0.66138
3390,1.133
3391,1.731
3392,1.9782
3393,2.0713
3394,2.0755
3395,2.0086
3396,1.3324
3397,0.81204
3398,0.55792
3399,0.44727
3400,0.41393
3401,0.65128
3402,1.3955
3403,1.7968
3404,1.7466
3405,1.6055
3406,1.6991
3407,1.6763
3408,1.0651
3409,0.76621
3410,0.7362
3411,0.75757
3412,0.6593
3413,1.0479
3414,1.6784
3415,1.9612
3416,2.0674
3417,2.084
3418,2.0531
3419,1.4196
3420,0.85923
3421,0.57966
3422,0.45869
3423,0.41539
3424,0.58987
3425,1.3034
3426,1.783
3427,1.7882
3428,1.6376
3429,1.6663
3430,1.7468
3431,1.1283
3432,0.77359
3433,0.71208
3434,0.74874
3435,0.64936
3436,0.9602
3437,1.6203
3438,1.9366
3439,2.0562
3440,2.0793
3441,2.0771
3442,1.5115
3443,0.91104
3444,0.59954
3445,0.46664
3446,0.41883
3447,0.53877
3448,1.2048
3449,1.7544
3450,1.774
3451,1.6432
3452,1.6312
3453,1.799
3454,1.1967
3455,0.80932
3456,0.72289
3457,0.76017
3458,0.65942
3459,0.88605
3460,1.5508
3461,1.9141
3462,2.0494
3463,2.0847
3464,2.0901
3465,1.606
3466,0.96894
3467,0.62941
3468,0.47899
3469,0.42307
3470,0.49813
3471,1.1016
3472,1.7204
3473,1.7905
3474,1.6635
3475,1.6106
3476,1.8333
3477,1.2723
3478,0.83833
3479,0.71675
3480,0.7527
3481,0.66825
3482,0.81667
3483,1.476
3484,1.8912
3485,2.0436
3486,2.0873
3487,2.0909
3488,1.7015
3489,1.0317
3490,0.65283
3491,0.48684
3492,0.42595
3493,0.46607
3494,0.99794
3495,1.6747
3496,1.7922
3497,1.6723
3498,1.5925
3499,1.8403
3500,1.3515
3501,0.87642
3502,0.72169
3503,0.71623
3504,0.67415
3505,0.75734
3506,1.3928
3507,1.8518
3508,2.0187
3509,2.0779
3510,2.0797
3511,1.7928
3512,1.1019
3513,0.69386
3514,0.50826
3515,0.43656
3516,0.44683
3517,0.89851
3518,1.6193
3519,1.8084
3520,1.704
3521,1.6017
3522,1.8319
3523,1.4386
3524,0.91488
3525,0.72552
3526,0.73706
3527,0.69612
3528,0.71126
3529,1.3049
3530,1.8157
3531,2.0108
3532,2.0806
3533,2.0827
3534,1.8822
3535,1.1776
3536,0.73106
3537,0.52237
3538,0.43796
3539,0.42853
3540,0.80169
3541,1.5507
3542,1.8097
3543,1.7158
3544,1.5952
3545,1.791
3546,1.5243
3547,0.9615
3548,0.73716
3549,0.72608
3550,0.71817
3551,0.68174
3552,1.2147
3553,1.7736
3554,1.9954
3555,2.0766
3556,2.0828
3557,1.9572
3558,1.2579
3559,0.772
3560,0.54061
3561,0.44473
3562,0.41978
3563,0.71705
3564,1.4728
3565,1.806
3566,1.734
3567,1.6038
3568,1.7455
3569,1.6084
3570,1.0141
3571,0.75004
3572,0.73293
3573,0.73879
3574,0.66349
3575,1.1242
3576,1.7251
3577,1.9769
3578,2.0705
3579,2.0825
3580,2.0158
3581,1.3425
3582,0.81646
3583,0.55962
3584,0.45188
3585,0.41616
3586,0.64411
3587,1.3853
3588,1.7952
3589,1.749
3590,1.6158
3591,1.6993
3592,1.6865
3593,1.0726
3594,0.76718
3595,0.72641
3596,0.75002
3597,0.65383
3598,1.0352
3599,1.6706
3600,1.9571
3601,2.0641
3602,2.0828
3603,2.0575
3604,1.4322
3605,0.86627
3606,0.57737
3607,0.4566
3608,0.41428
3609,0.5816
3610,1.2897
3611,1.7744
3612,1.7571
3613,1.6223
3614,1.6535
3615,1.7525
3616,1.1373
3617,0.79085
3618,0.72758
3619,0.76377
3620,0.65766
3621,0.95338
3622,1.6089
3623,1.9358
3624,2.0565
3625,2.0888
3626,2.0833
3627,1.5251
3628,0.91936
3629,0.60568
3630,0.46832
3631,0.41749
3632,0.53148
3633,1.189
3634,1.7502
3635,1.7783
3636,1.6441
3637,1.6244
3638,1.8046
3639,1.2074
3640,0.81271
3641,0.71656
3642,0.75806
3643,0.66103
3644,0.87574
3645,1.5408
3646,1.9091
3647,2.0454
3648,2.0852
3649,2.0907
3650,1.6197
3651,0.978
3652,0.6342
3653,0.47942
3654,0.42006
3655,0.49173
3656,1.0862
3657,1.7143
3658,1.7929
3659,1.6579
3660,1.6012
3661,1.8333
3662,1.283
3663,0.84369
3664,0.72523
3665,0.76357
3666,0.67732
3667,0.81123
3668,1.4665
3669,1.8815
3670,2.0364
3671,2.0864
3672,2.092
3673,1.713
3674,1.0406
3675,0.6649
3676,0.49393
3677,0.4278
3678,0.46318
3679,0.98533
3680,1.6691
3681,1.8029
3682,1.6827
3683,1.5957
3684,1.8413
3685,1.3629
3686,0.87833
3687,0.72258
3688,0.75137
3689,0.68835
3690,0.75452
3691,1.3843
3692,1.8497
3693,2.023
3694,2.0843
3695,2.0862
3696,1.8044
3697,1.1095
3698,0.69769
3699,0.50684
3700,0.4337
3701,0.44215
3702,0.8863
3703,1.6121
3704,1.809
3705,1.7009
3706,1.5938
3707,1.8243
3708,1.447
3709,0.91902
3710,0.73117
3711,0.74668
3712,0.70634
3713,0.71137
3714,1.2972
3715,1.8112
3716,2.0094
3717,2.0818
3718,2.0859
3719,1.89
3720,1.1849
3721,0.73452
3722,0.52336
3723,0.43419
3724,0.42533
3725,0.79261
3726,1.5433
3727,1.8096
3728,1.7132
3729,1.5881
3730,1.7824
3731,1.5313
3732,0.96598
3733,0.74227
3734,0.74778
3735,0.73233
3736,0.68526
3737,1.2088
3738,1.7707
3739,2.0052
3740,2.0826
3741,2.0853
3742,1.9619
3743,1.2638
3744,0.77011
3745,0.53745
3746,0.44321
3747,0.4183
3748,0.71111
3749,1.4678
3750,1.8012
3751,1.728
3752,1.5993
3753,1.7392
3754,1.6127
3755,1.0183
3756,0.75443
3757,0.7154
3758,0.73383
3759,0.66131
3760,1.1181
3761,1.7211
3762,1.9736
3763,2.068
3764,2.082
3765,2.0191
3766,1.3489
3767,0.81894
3768,0.55863
3769,0.44936
3770,0.41314
3771,0.6383
3772,1.3782
3773,1.7911
3774,1.746
3775,1.6072
3776,1.6897
3777,1.69
3778,1.0773
3779,0.77017
3780,0.72881
3781,0.75781
3782,0.65818
3783,1.0311
3784,1.6667
3785,1.9614
3786,2.0667
3787,2.0835
3788,2.0592
3789,1.4376
3790,0.86754
3791,0.58021
3792,0.45922
3793,0.41574
3794,0.57887
3795,1.2848
3796,1.7771
3797,1.7826
3798,1.6371
3799,1.658
3800,1.758
3801,1.1413
3802,0.78109
3803,0.70708
3804,0.74916
3805,0.65023
3806,0.94491
3807,1.6071
3808,1.9319
3809,2.0528
3810,2.0789
3811,2.0799
3812,1.5296
3813,0.9225
3814,0.61062
3815,0.47222
3816,0.42155
3817,0.5309
3818,1.1851
3819,1.7504
3820,1.7861
3821,1.6551
3822,1.6322
3823,1.8093
3824,1.2115
3825,0.8132
3826,0.71747
3827,0.75296
3828,0.65654
3829,0.86927
3830,1.5371
3831,1.9078
3832,2.045
3833,2.0845
3834,2.091
3835,1.6258
3836,0.98158
3837,0.63512
3838,0.48145
3839,0.4205
3840,0.4894
3841,1.0799
3842,1.7119
3843,1.7938
3844,1.6623
3845,1.6011
3846,1.8347
3847,1.2876
3848,0.8456
3849,0.72487
3850,0.76227
3851,0.67749
3852,0.80735
3853,1.4616
3854,1.8799
3855,2.036
3856,2.0892
3857,2.0944
3858,1.7196
3859,1.0451
3860,0.66514
3861,0.49161
3862,0.42334
3863,0.45932
3864,0.97771
3865,1.6653
3866,1.7982
3867,1.6744
3868,1.5855
3869,1.8364
3870,1.3672
3871,0.88187
3872,0.73229
3873,0.76378
3874,0.69867
3875,0.75613
3876,1.3806
3877,1.8502
3878,2.0315
3879,2.0914
3880,2.0917
3881,1.8092
3882,1.1133
3883,0.69294
3884,0.50318
3885,0.42941
3886,0.43878
3887,0.88057
3888,1.6089
3889,1.8011
3890,1.6904
3891,1.5828
3892,1.8172
3893,1.4492
3894,0.92334
3895,0.73753
3896,0.75777
3897,0.71705
3898,0.71515
3899,1.2947
3900,1.8095
3901,2.0104
3902,2.083
3903,2.088
3904,1.892
3905,1.1877
3906,0.73509
3907,0.52522
3908,0.43849
3909,0.42648
3910,0.7902
3911,1.5412
3912,1.8086
3913,1.7174
3914,1.5943
3915,1.7846
3916,1.5351
3917,0.96835
3918,0.74083
3919,0.74186
3920,0.72735
3921,0.68132
3922,1.204
3923,1.7674
3924,1.9928
3925,2.0759
3926,2.0839
3927,1.9652
3928,1.2679
3929,0.77743
3930,0.54316
3931,0.44306
3932,0.41673
3933,0.70681
3934,1.462
3935,1.808
3936,1.7379
3937,1.5996
3938,1.7356
3939,1.6174
3940,1.0203
3941,0.75108
3942,0.71982
3943,0.73919
3944,0.66254
3945,1.1139
3946,1.7196
3947,1.9732
3948,2.0697
3949,2.0779
3950,2.0202
3951,1.3518
3952,0.82272
3953,0.5646
3954,0.45459
3955,0.41744
3956,0.63765
3957,1.3757
3958,1.797
3959,1.7561
3960,1.6225
3961,1.6982
3962,1.6951
3963,1.0788
3964,0.76522
3965,0.71588
3966,0.74303
3967,0.64946
3968,1.0243
3969,1.6646
3970,1.9531
3971,2.0611
3972,2.0835
3973,2.0613
3974,1.4426
3975,0.87209
3976,0.5854
3977,0.45931
3978,0.41505
3979,0.57534
3980,1.2785
3981,1.7742
3982,1.7664
3983,1.6282
3984,1.6513
3985,1.7598
3986,1.1447
3987,0.78981
3988,0.71381
3989,0.75475
3990,0.65403
3991,0.94242
3992,1.6019
3993,1.9342
3994,2.0549
3995,2.0864
3996,2.0841
3997,1.5361
3998,0.92566
3999,0.60282
4000,0.46826
4001,0.41791
4002,0.52632
4003,1.1773
4004,1.7447
4005,1.7971
4006,1.6529
4007,1.624
4008,1.8102
4009,1.2167
4010,0.81042
4011,0.71462
4012,0.75651
4013,0.66082
4014,0.86633
4015,1.5335
4016,1.9065
4017,2.0445
4018,2.0844
4019,2.0905
4020,1.6309
4021,0.98466
4022,0.63821
4023,0.48179
4024,0.42316
4025,0.48855
4026,1.0749
4027,1.71
4028,1.793
4029,1.6646
4030,1.6038
4031,1.8369
4032,1.2921
4033,0.8475
4034,0.72583
4035,0.75994
4036,0.67609
4037,0.80297
4038,1.4565
4039,1.8801
4040,2.0361
4041,2.0878
4042,2.0916
4043,1.7248
4044,1.0486
4045,0.66467
4046,0.48973
4047,0.42654
4048,0.4593
4049,0.97246
4050,1.6623
4051,1.7945
4052,1.6749
4053,1.5889
4054,1.8378
4055,1.3722
4056,0.88566
4057,0.7262
4058,0.74466
4059,0.6909
4060,0.74972
4061,1.3736
4062,1.8437
4063,2.0202
4064,2.0852
4065,2.0858
4066,1.8149
4067,1.119
4068,0.69766
4069,0.50486
4070,0.43289
4071,0.43964
4072,0.87426
4073,1.6039
4074,1.8049
4075,1.6971
4076,1.5901
4077,1.819
4078,1.4573
4079,0.92571
4080,0.73677
4081,0.75152
4082,0.71238
4083,0.70873
4084,1.2863
4085,1.8061
4086,2.0085
4087,2.0823
4088,2.0853
4089,1.8992
4090,1.1946
4091,0.73935
4092,0.52749
4093,0.43995
4094,0.4261
4095,0.7826
4096,1.5346
4097,1.8092
4098,1.7204
4099,1.5967
4100,1.7818
4101,1.543
4102,0.97273
4103,0.74112
4104,0.74047
4105,0.72755
4106,0.67842
4107,1.1955
4108,1.7632
4109,1.9913
4110,2.0765
4111,2.084
4112,1.9712
4113,1.2757
4114,0.7811
4115,0.5414
4116,0.44242
4117,0.41616
4118,0.69952
4119,1.454
4120,1.8031
4121,1.7324
4122,1.5974
4123,1.7298
4124,1.6244
4125,1.0264
4126,0.75635
4127,0.73336
4128,0.74751
4129,0.66442
4130,1.1063
4131,1.7142
4132,1.9731
4133,2.0697
4134,2.0861
4135,2.0268
4136,1.3609
4137,0.82642
4138,0.56471
4139,0.45334
4140,0.41509
4141,0.62985
4142,1.3658
4143,1.7926
4144,1.7532
4145,1.6175
4146,1.6888
4147,1.7014
4148,1.0855
4149,0.77055
4150,0.72959
4151,0.75444
4152,0.65443
4153,1.0178
4154,1.6587
4155,1.9596
4156,2.0667
4157,2.0837
4158,2.064
4159,1.451
4160,0.87508
4161,0.58267
4162,0.46099
4163,0.4162
4164,0.57088
4165,1.2704
4166,1.7694
4167,1.7651
4168,1.6319
4169,1.6505
4170,1.7654
4171,1.1512
4172,0.79545
4173,0.72682
4174,0.76072
4175,0.65587
4176,0.93608
4177,1.5954
4178,1.9308
4179,2.0547
4180,2.0865
4181,2.0855
4182,1.5446
4183,0.93108
4184,0.61422
4185,0.47363
4186,0.42002
4187,0.52315
4188,1.1682
4189,1.7447
4190,1.7871
4191,1.6544
4192,1.6241
4193,1.8142
4194,1.2232
4195,0.81822
4196,0.71904
4197,0.75632
4198,0.66091
4199,0.85939
4200,1.5257
4201,1.9036
4202,2.0436
4203,2.0872
4204,2.0926
4205,1.6407
4206,0.99125
4207,0.64099
4208,0.48434
4209,0.42076
4210,0.48398
4211,1.0635
4212,1.7053
4213,1.7983
4214,1.6653
4215,1.5982
4216,1.8367
4217,1.3
4218,0.84944
4219,0.72112
4220,0.7607
4221,0.67997
4222,0.79819
4223,1.4493
4224,1.8755
4225,2.0342
4226,2.089
4227,2.0949
4228,1.735
4229,1.0557
4230,0.67146
4231,0.49679
4232,0.42752
4233,0.45637
4234,0.96185
4235,1.657
4236,1.8033
4237,1.6837
4238,1.5903
4239,1.8372
4240,1.3813
4241,0.88752
4242,0.7257
4243,0.75412
4244,0.69592
4245,0.74562
4246,1.3658
4247,1.8405
4248,2.0203
4249,2.0869
4250,2.0869
4251,1.8238
4252,1.1257
4253,0.69955
4254,0.50706
4255,0.42513
4256,0.43415
4257,0.86384
4258,1.5974
4259,1.8046
4260,1.69
4261,1.5749
4262,1.808
4263,1.4632
4264,0.93023
4265,0.73472
4266,0.75097
4267,0.72212
4268,0.71091
4269,1.2807
4270,1.8032
4271,2.0064
4272,2.0843
4273,2.0925
4274,1.9055
4275,1.2003
4276,0.74181
4277,0.52408
4278,0.43552
4279,0.42239
4280,0.77508
4281,1.5285
4282,1.809
4283,1.7152
4284,1.5871
4285,1.7724
4286,1.5476
4287,0.97618
4288,0.74316
4289,0.74209
4290,0.73549
4291,0.68104
4292,1.1909
4293,1.7605
4294,1.99
4295,2.0754
4296,2.086
4297,1.9749
4298,1.2805
4299,0.78459
4300,0.54732
4301,0.44701
4302,0.41795
4303,0.69601
4304,1.4492
4305,1.805
4306,1.7407
4307,1.6074
4308,1.7325
4309,1.6308
4310,1.0294
4311,0.75294
4312,0.72558
4313,0.74028
4314,0.65906
4315,1.0988
4316,1.711
4317,1.9721
4318,2.0693
4319,2.0772
4320,2.0278
4321,1.3664
4322,0.8296
4323,0.56512
4324,0.45355
4325,0.41632
4326,0.62649
4327,1.3602
4328,1.7907
4329,1.7542
4330,1.62
4331,1.6884
4332,1.7064
4333,1.0897
4334,0.77075
4335,0.7168
4336,0.74787
4337,0.65098
4338,1.0109
4339,1.6544
4340,1.9502
4341,2.06
4342,2.0856
4343,2.0671
4344,1.4582
4345,0.88027
4346,0.59082
4347,0.46453
4348,0.4166
4349,0.56671
4350,1.2619
4351,1.7714
4352,1.7744
4353,1.6376
4354,1.6492
4355,1.7708
4356,1.1565
4357,0.79161
4358,0.70753
4359,0.74786
4360,0.65086
4361,0.92725
4362,1.5906
4363,1.947
4364,2.0654
4365,2.0848
4366,2.0848
4367,1.5523
4368,0.93209
4369,0.60501
4370,0.46858
4371,0.419
4372,0.5193
4373,1.161
4374,1.738
4375,1.773
4376,1.6439
4377,1.6166
4378,1.8147
4379,1.2276
4380,0.82609
4381,0.7314
4382,0.76702
4383,0.66782
4384,0.85828
4385,1.5196
4386,1.9026
4387,2.045
4388,2.0879
4389,2.0952
4390,1.647
4391,0.99586
4392,0.63985
4393,0.4802
4394,0.42016
4395,0.48151
4396,1.0561
4397,1.7017
4398,1.7891
4399,1.6586
4400,1.5933
4401,1.8359
4402,1.3052
4403,0.85474
4404,0.72597
4405,0.7649
4406,0.68424
4407,0.79592
4408,1.4433
4409,1.8769
4410,2.0361
4411,2.0878
4412,2.0927
4413,1.7398
4414,1.0594
4415,0.6681
4416,0.49516
4417,0.42824
4418,0.4557
4419,0.95614
4420,1.6534
4421,1.7998
4422,1.6829
4423,1.5906
4424,1.8371
4425,1.3861
4426,0.89138
4427,0.72829
4428,0.75567
4429,0.69708
4430,0.74292
4431,1.3599
4432,1.838
4433,2.0202
4434,2.0869
4435,2.0867
4436,1.8295
4437,1.1308
4438,0.7088
4439,0.51294
4440,0.43543
4441,0.43731
4442,0.85898
4443,1.5935
4444,1.8112
4445,1.7067
4446,1.5943
4447,1.8155
4448,1.4718
4449,0.93159
4450,0.72577
4451,0.7417
4452,0.71041
4453,0.70074
4454,1.2713
4455,1.7996
4456,2.0037
4457,2.0797
4458,2.0788
4459,1.9106
4460,1.2067
4461,0.74797
4462,0.53131
4463,0.44396
4464,0.42658
4465,0.77005
4466,1.5227
4467,1.8123
4468,1.7291
4469,1.6056
4470,1.7794
4471,1.5575
4472,0.97996
4473,0.73736
4474,0.73001
4475,0.72229
4476,0.67075
4477,1.1794
4478,1.7557
4479,1.9861
4480,2.0761
4481,2.0759
4482,1.98
4483,1.289
4484,0.78947
4485,0.54932
4486,0.44924
4487,0.41974
4488,0.68918
4489,1.4408
4490,1.8195
4491,1.7726
4492,1.624
4493,1.7357
4494,1.6414
4495,1.0341
4496,0.737
4497,0.71156
4498,0.72844
4499,0.6507
4500,1.0862
4501,1.7074
4502,1.9638
4503,2.0651
4504,2.0713
4505,2.0317
4506,1.3749
4507,0.83629
4508,0.57172
4509,0.45818
4510,0.41919
4511,0.62104
4512,1.3511
4513,1.7986
4514,1.8071
4515,1.6476
4516,1.6965
4517,1.7174
4518,1.0964
4519,0.75329
4520,0.69828
4521,0.72975
4522,0.63999
4523,0.99632
4524,1.6503
4525,1.9411
4526,2.0542
4527,2.0687
4528,2.064
4529,1.4667
4530,0.88721
4531,0.58865
4532,0.46704
4533,0.42166
4534,0.56384
4535,1.2531
4536,1.7675
4537,1.774
4538,1.6467
4539,1.6553
4540,1.7787
4541,1.1644
4542,0.79721
4543,0.71421
4544,0.74766
4545,0.64819
4546,0.91702
4547,1.5819
4548,1.9244
4549,2.0521
4550,2.0792
4551,2.0833
4552,1.5632
4553,0.94245
4554,0.62022
4555,0.47671
4556,0.42376
4557,0.51653
4558,1.1484
4559,1.738
4560,1.7923
4561,1.6638
4562,1.6258
4563,1.8235
4564,1.2386
4565,0.82262
4566,0.70902
4567,0.74746
4568,0.6576
4569,0.84286
4570,1.51
4571,1.8965
4572,2.0393
4573,2.0815
4574,2.0879
4575,1.6598
4576,1.0041
4577,0.64572
4578,0.486
4579,0.4273
4580,0.48024
4581,1.0436
4582,1.6963
4583,1.7967
4584,1.6749
4585,1.6054
4586,1.843
4587,1.3174
4588,0.85821
4589,0.71694
4590,0.74733
4591,0.67417
4592,0.78173
4593,1.43
4594,1.8666
4595,2.0285
4596,2.0849
4597,2.0869
4598,1.7546
4599,1.0712
4600,0.68005
4601,0.50085
4602,0.43193
4603,0.45365
4604,0.94058
4605,1.6449
4606,1.8087
4607,1.6936
4608,1.5973
4609,1.8379
4610,1.4009
4611,0.89536
4612,0.72465
4613,0.74702
4614,0.69384
4615,0.73208
4616,1.3453
4617,1.8331
4618,2.0174
4619,2.0827
4620,2.0821
4621,1.8436
4622,1.1426
4623,0.71445
4624,0.51498
4625,0.43803
4626,0.43586
4627,0.84401
4628,1.583
4629,1.8111
4630,1.7119
4631,1.5984
4632,1.8118
4633,1.486
4634,0.93937
4635,0.73189
4636,0.74045
4637,0.71141
4638,0.69429
4639,1.2559
4640,1.7926
4641,2.0017
4642,2.0785
4643,2.0812
4644,1.9245
4645,1.2207
4646,0.75373
4647,0.53069
4648,0.44156
4649,0.42333
4650,0.7544
4651,1.5091
4652,1.8068
4653,1.723
4654,1.5988
4655,1.7669
4656,1.5711
4657,0.99016
4658,0.74621
4659,0.73668
4660,0.73234
4661,0.67118
4662,1.165
4663,1.7473
4664,1.985
4665,2.0742
4666,2.0776
4667,1.9897
4668,1.3033
4669,0.79669
4670,0.5525
4671,0.45027
4672,0.41882
4673,0.67679
4674,1.4261
4675,1.8034
4676,1.7458
4677,1.6147
4678,1.7239
4679,1.6533
4680,1.0451
4681,0.75633
4682,0.72241
4683,0.73958
4684,0.65375
4685,1.0734
4686,1.6958
4687,1.976
4688,2.0738
4689,2.0783
4690,2.0399
4691,1.3915
4692,0.84087
4693,0.56796
4694,0.45587
4695,0.41669
4696,0.60899
4697,1.3346
4698,1.7847
4699,1.755
4700,1.6239
4701,1.677
4702,1.7253
4703,1.1075
4704,0.78106
4705,0.72851
4706,0.7551
4707,0.65261
4708,0.98835
4709,1.6371
4710,1.9469
4711,2.0633
4712,2.0825
4713,2.0721
4714,1.483
4715,0.89423
4716,0.59462
4717,0.46479
4718,0.41757
4719,0.55346
4720,1.2352
4721,1.764
4722,1.7754
4723,1.6404
4724,1.6412
4725,1.7851
4726,1.1754
4727,0.80102
4728,0.72218
4729,0.75849
4730,0.65608
4731,0.90789
4732,1.5727
4733,1.9216
4734,2.0508
4735,2.0864
4736,1.9657
4737,1.5361
4738,0.94611
4739,0.61956
4740,0.47516
4741,0.43718
4742,0.57153
4743,1.1672
4744,1.7441
4745,1.7912
4746,1.6668
4747,1.7064
4748,1.8514
4749,1.2396
4750,0.8221
4751,0.70154
4752,0.63526
4753,0.57281
4754,0.80626
4755,1.4968
4756,1.894
4757,2.0078
4758,1.9959
4759,2.0209
4760,1.6581
4761,1.0078
4762,0.65475
4763,0.51247
4764,0.46893
4765,0.50399
4766,1.0484
4767,1.6986
4768,1.8231
4769,1.7547
4770,1.6967
4771,1.8827
4772,1.3303
4773,0.85512
4774,0.6814
4775,0.67184
4776,0.60954
4777,0.74206
4778,1.4099
4779,1.8536
4780,1.9982
4781,2.0315
4782,2.0319
4783,1.7642
4784,1.0832
4785,0.68609
4786,0.51513
4787,0.45983
4788,0.46812
4789,0.93191
4790,1.6374
4791,1.8199
4792,1.7414
4793,1.6585
4794,1.8667
4795,1.4227
4796,0.9024
4797,0.70407
4798,0.69621
4799,0.64881
4800,0.69781
4801,1.3168
4802,1.8227
4803,2.0067
4804,2.061
4805,2.0477
4806,1.8621
4807,1.1628
4808,0.72248
4809,0.52425
4810,0.45268
4811,0.44252
4812,0.82402
4813,1.5663
4814,1.8143
4815,1.7348
4816,1.631
4817,1.8211
4818,1.5128
4819,0.95246
4820,0.72977
4821,0.71697
4822,0.69045
4823,0.67179
4824,1.2243
4825,1.7786
4826,1.9918
4827,2.0715
4828,2.0615
4829,1.9433
4830,1.2459
4831,0.76817
4832,0.54184
4833,0.45132
4834,0.42735
4835,0.73165
4836,1.4848
4837,1.8118
4838,1.7427
4839,1.6221
4840,1.7662
4841,1.6006
4842,1.0063
4843,0.74468
4844,0.72073
4845,0.71941
4846,0.6553
4847,1.1315
4848,1.7306
4849,1.9782
4850,2.0697
4851,2.0745
4852,2.009
4853,1.3332
4854,0.81148
4855,0.55912
4856,0.45399
4857,0.41923
4858,0.65249
4859,1.3956
4860,1.7983
4861,1.7521
4862,1.6225
4863,1.7102
4864,1.6803
4865,1.0662
4866,0.76487
4867,0.72498
4868,0.74286
4869,0.65032
4870,1.0422
4871,1.676
4872,1.9589
4873,2.064
4874,2.0812
4875,2.054
4876,1.4238
4877,0.86172
4878,0.57949
4879,0.45977
4880,0.41669
4881,0.58765
4882,1.299
4883,1.7785
4884,1.7648
4885,1.6309
4886,1.6635
4887,1.749
4888,1.1314
4889,0.7872
4890,0.72561
4891,0.75634
4892,0.65269
4893,0.95811
4894,1.6146
4895,1.9376
4896,2.057
4897,2.0862
4898,2.0813
4899,1.5176
4900,0.91507
4901,0.60574
4902,0.4688
4903,0.41814
4904,0.53535
4905,1.1977
4906,1.7529
4907,1.779
4908,1.6453
4909,1.6289
4910,1.8017
4911,1.2017
4912,0.81197
4913,0.72517
4914,0.76145
4915,0.66076
4916,0.88147
4917,1.5466
4918,1.9122
4919,2.0478
4920,2.0867
4921,2.092
4922,1.6124
4923,0.97312
4924,0.63169
4925,0.48042
4926,0.42248
4927,0.49513
4928,1.0944
4929,1.7176
4930,1.7939
4931,1.6639
4932,1.6077
4933,1.834
4934,1.2774
4935,0.84023
4936,0.71959
4937,0.75719
4938,0.67161
4939,0.81354
4940,1.4716
4941,1.8831
4942,2.0362
4943,2.0871
4944,2.0929
4945,1.7079
4946,1.0367
4947,0.66082
4948,0.49316
4949,0.42798
4950,0.46463
4951,0.99123
4952,1.6717
4953,1.8031
4954,1.6828
4955,1.5968
4956,1.8418
4957,1.3582
4958,0.87596
4959,0.71628
4960,0.75005
4961,0.68648
4962,0.75697
4963,1.3892
4964,1.8495
4965,2.0229
4966,2.0833
4967,2.0851
4968,1.799
4969,1.1056
4970,0.69641
4971,0.507
4972,0.43494
4973,0.44402
4974,0.89245
4975,1.6158
4976,1.8091
4977,1.702
4978,1.5967
4979,1.8274
4980,1.4425
4981,0.91682
4982,0.72556
4983,0.7278
4984,0.69806
4985,0.71099
4986,1.3013
4987,1.813
4988,2.0059
4989,2.0769
4990,2.0768
4991,1.8836
4992,1.1802
4993,0.7345
4994,0.52632
4995,0.44293
4996,0.43097
4997,0.80002
4998,1.5483
4999,1.8122
5000,1.7237
5001,1.6055
5002,1.7957
5003,1.529
5004,0.96315
5005,0.73505
5006,0.72325
5007,0.71204
5008,0.67657
5009,1.2094
5010,1.7707
5011,1.9902
5012,2.0759
5013,2.0734
5014,1.958
5015,1.2614
5016,0.77585
5017,0.54448
5018,0.44882
5019,0.42262
5020,0.71512
5021,1.4689
5022,1.8207
5023,1.7554
5024,1.6196
5025,1.7523
5026,1.6148
5027,1.0153
5028,0.73896
5029,0.71817
5030,0.72539
5031,0.65502
5032,1.1162
5033,1.7238
5034,1.9721
5035,2.0692
5036,2.0714
5037,2.0162
5038,1.346
5039,0.81825
5040,0.56366
5041,0.45595
5042,0.41974
5043,0.64272
5044,1.382
5045,1.8044
5046,1.7887
5047,1.6387
5048,1.7094
5049,1.6934
5050,1.0754
5051,0.74942
5052,0.70461
5053,0.73045
5054,0.64261
5055,1.0256
5056,1.6697
5057,1.9497
5058,2.0588
5059,2.0695
5060,2.0552
5061,1.4361
5062,0.8698
5063,0.58479
5064,0.46427
5065,0.42038
5066,0.5813
5067,1.2859
5068,1.7776
5069,1.7731
5070,1.6426
5071,1.6657
5072,1.7597
5073,1.1413
5074,0.78616
5075,0.71599
5076,0.74696
5077,0.64704
5078,0.9434
5079,1.6049
5080,1.9494
5081,2.0648
5082,2.0819
5083,2.0807
5084,1.5316
5085,0.92042
5086,0.60094
5087,0.46684
5088,0.41896
5089,0.52905
5090,1.1835
5091,1.7451
5092,1.771
5093,1.6421
5094,1.6238
5095,1.8072
5096,1.2119
5097,0.81967
5098,0.73042
5099,0.76544
5100,0.66407
5101,0.87252
5102,1.5352
5103,1.9087
5104,2.0472
5105,2.0878
5106,2.094
5107,1.6267
5108,0.98245
5109,0.62979
5110,0.47811
5111,0.42125
5112,0.48925
5113,1.0784
5114,1.7098
5115,1.7851
5116,1.6583
5117,1.5999
5118,1.8346
5119,1.2888
5120,0.84853
5121,0.72564
5122,0.76343
5123,0.67853
5124,0.80703
5125,1.459
5126,1.8805
5127,2.0365
5128,2.0887
5129,2.0933
5130,1.7215
5131,1.0465
5132,0.66295
5133,0.49305
5134,0.42758
5135,0.46061
5136,0.97576
5137,1.6637
5138,1.8025
5139,1.682
5140,1.5933
5141,1.8399
5142,1.3703
5143,0.88193
5144,0.71909
5145,0.75203
5146,0.69118
5147,0.7507
5148,1.3765
5149,1.8456
5150,2.024
5151,2.086
5152,2.0863
5153,1.813
5154,1.1167
5155,0.70109
5156,0.50992
5157,0.43356
5158,0.44025
5159,0.87717
5160,1.6062
5161,1.8103
5162,1.7028
5163,1.5932
5164,1.821
5165,1.4549
5166,0.9231
5167,0.73003
5168,0.74584
5169,0.70842
5170,0.70828
5171,1.2891
5172,1.8084
5173,2.0095
5174,2.084
5175,2.0821
5176,1.896
5177,1.1914
5178,0.73854
5179,0.52568
5180,0.43799
5181,0.42638
5182,0.78592
5183,1.5376
5184,1.8106
5185,1.7183
5186,1.5951
5187,1.783
5188,1.5393
5189,0.97018
5190,0.73876
5191,0.72676
5192,0.72237
5193,0.6779
5194,1.199
5195,1.7652
5196,1.9893
5197,2.0774
5198,2.0775
5199,1.9666
5200,1.2714
5201,0.77889
5202,0.54472
5203,0.44809
5204,0.42067
5205,0.70516
5206,1.4588
5207,1.8084
5208,1.7415
5209,1.6118
5210,1.742
5211,1.6234
5212,1.0233
5213,0.75119
5214,0.72415
5215,0.73415
5216,0.65741
5217,1.107
5218,1.7161
5219,1.988
5220,2.0752
5221,2.0771
5222,2.0232
5223,1.3579
5224,0.82116
5225,0.55821
5226,0.45128
5227,0.4164
5228,0.63279
5229,1.3706
5230,1.7968
5231,1.7662
5232,1.624
5233,1.6944
5234,1.6995
5235,1.0832
5236,0.76237
5237,0.71893
5238,0.74621
5239,0.65041
5240,1.0193
5241,1.6623
5242,1.9572
5243,2.0638
5244,2.078
5245,2.0607
5246,1.4466
5247,0.87302
5248,0.58367
5249,0.46151
5250,0.41795
5251,0.57413
5252,1.2751
5253,1.7719
5254,1.7658
5255,1.6349
5256,1.6557
5257,1.7639
5258,1.1481
5259,0.79398
5260,0.72528
5261,0.75667
5262,0.65302
5263,0.93824
5264,1.5981
5265,1.9313
5266,2.0545
5267,2.0845
5268,2.0841
5269,1.5408
5270,0.92885
5271,0.61057
5272,0.47207
5273,0.4201
5274,0.52502
5275,1.1722
5276,1.7449
5277,1.785
5278,1.6529
5279,1.6249
5280,1.8129
5281,1.2204
5282,0.81725
5283,0.71246
5284,0.75358
5285,0.65944
5286,0.86169
5287,1.5278
5288,1.9052
5289,2.0436
5290,2.0844
5291,2.0901
5292,1.6369
5293,0.98897
5294,0.63665
5295,0.48243
5296,0.42474
5297,0.4871
5298,1.0682
5299,1.7062
5300,1.7909
5301,1.6669
5302,1.6051
5303,1.8388
5304,1.2976
5305,0.85173
5306,0.72523
5307,0.75779
5308,0.67538
5309,0.79801
5310,1.4499
5311,1.8752
5312,2.0338
5313,2.0857
5314,2.0897
5315,1.7318
5316,1.0542
5317,0.67127
5318,0.49622
5319,0.42947
5320,0.4587
5321,0.96489
5322,1.6583
5323,1.8038
5324,1.6859
5325,1.5954
5326,1.8401
5327,1.38
5328,0.88658
5329,0.72391
5330,0.74607
5331,0.68983
5332,0.74381
5333,1.3665
5334,1.8409
5335,2.0192
5336,2.0837
5337,2.0875
5338,1.8238
5339,1.1252
5340,0.70613
5341,0.5116
5342,0.4289
5343,0.43555
5344,0.86484
5345,1.5981
5346,1.8127
5347,1.7018
5348,1.584
5349,1.8122
5350,1.4639
5351,0.92754
5352,0.73014
5353,0.74998
5354,0.71747
5355,0.70816
5356,1.2808
5357,1.8056
5358,2.018
5359,2.0863
5360,2.0856
5361,1.9044
5362,1.1992
5363,0.736
5364,0.52097
5365,0.43686
5366,0.42411
5367,0.77673
5368,1.531
5369,1.8034
5370,1.7111
5371,1.5895
5372,1.7751
5373,1.546
5374,0.9765
5375,0.74654
5376,0.74827
5377,0.73558
5378,0.68118
5379,1.1923
5380,1.7605
5381,1.9919
5382,2.0769
5383,2.0857
5384,1.9735
5385,1.2796
5386,0.7835
5387,0.54502
5388,0.44507
5389,0.41755
5390,0.69678
5391,1.4502
5392,1.8046
5393,1.7368
5394,1.6039
5395,1.7316
5396,1.6295
5397,1.0287
5398,0.75552
5399,0.73567
5400,0.74538
5401,0.66159
5402,1.1011
5403,1.7117
5404,1.9727
5405,2.0703
5406,2.0842
5407,2.0292
5408,1.3656
5409,0.82944
5410,0.56117
5411,0.44975
5412,0.41333
5413,0.6258
5414,1.3606
5415,1.7874
5416,1.7453
5417,1.6095
5418,1.6817
5419,1.7036
5420,1.0894
5421,0.77646
5422,0.73495
5423,0.76194
5424,0.65846
5425,1.0153
5426,1.6552
5427,1.9531
5428,2.0633
5429,2.0873
5430,2.0664
5431,1.4555
5432,0.87872
5433,0.58427
5434,0.4585
5435,0.41332
5436,0.56721
5437,1.2643
5438,1.7711
5439,1.806
5440,1.6406
5441,1.6481
5442,1.7687
5443,1.155
5444,0.77935
5445,0.70987
5446,0.75321
5447,0.65338
5448,0.93017
5449,1.5952
5450,1.9291
5451,2.0522
5452,2.0885
5453,2.0881
5454,1.5496
5455,0.93357
5456,0.60973
5457,0.4696
5458,0.41376
5459,0.51794
5460,1.1627
5461,1.7405
5462,1.7784
5463,1.6384
5464,1.6085
5465,1.8104
5466,1.2253
5467,0.82297
5468,0.73031
5469,0.77326
5470,0.67326
5471,0.86292
5472,1.524
5473,1.9053
5474,2.047
5475,2.0903
5476,2.0957
5477,1.6418
5478,0.99169
5479,0.64073
5480,0.48195
5481,0.42122
5482,0.48358
5483,1.0622
5484,1.7046
5485,1.7925
5486,1.6621
5487,1.5968
5488,1.8363
5489,1.301
5490,0.85151
5491,0.71546
5492,0.74011
5493,0.67303
5494,0.7949
5495,1.4468
5496,1.873
5497,2.0289
5498,2.0836
5499,2.0886
5500,1.7353
5501,1.057
5502,0.67232
5503,0.49794
5504,0.43081
5505,0.45829
5506,0.96131
5507,1.6563
5508,1.8045
5509,1.6894
5510,1.5978
5511,1.8408
5512,1.3837
5513,0.88819
5514,0.7236
5515,0.74821
5516,0.69028
5517,0.74144
5518,1.3627
5519,1.8392
5520,2.0192
5521,2.0848
5522,2.0838
5523,1.8263
5524,1.1281
5525,0.70793
5526,0.51284
5527,0.43642
5528,0.4387
5529,0.86271
5530,1.5961
5531,1.8122
5532,1.7083
5533,1.5972
5534,1.8183
5535,1.469
5536,0.93024
5537,0.72642
5538,0.69738
5539,0.68792
5540,0.6935
5541,1.2712
5542,1.7998
5543,1.9955
5544,2.0703
5545,2.0668
5546,1.9072
5547,1.2051
5548,0.74265
5549,0.52764
5550,0.44617
5551,0.42964
5552,0.77309
5553,1.5248
5554,1.8067
5555,1.7268
5556,1.6107
5557,1.7849
5558,1.5568
5559,0.981
5560,0.74131
5561,0.70129
5562,0.70346
5563,0.6633
5564,1.1768
5565,1.7543
5566,1.9816
5567,2.0658
5568,2.0645
5569,1.9775
5570,1.29
5571,0.78917
5572,0.54672
5573,0.45109
5574,0.42265
5575,0.69003
5576,1.4401
5577,1.8183
5578,1.7714
5579,1.6296
5580,1.7407
5581,1.6438
5582,1.0358
5583,0.73887
5584,0.70958
5585,0.72353
5586,0.64709
5587,1.0826
5588,1.7053
5589,1.9731
5590,2.0679
5591,2.069
5592,2.0321
5593,1.3779
5594,0.8346
5595,0.56426
5596,0.45667
5597,0.41936
5598,0.61914
5599,1.3492
5600,1.7874
5601,1.7544
5602,1.6276
5603,1.6881
5604,1.7165
5605,1.0984
5606,0.77754
5607,0.72584
5608,0.74872
5609,0.64921
5610,0.99893
5611,1.6453
5612,1.9487
5613,2.0605
5614,2.0819
5615,2.0688
5616,1.4707
5617,0.88753
5618,0.59071
5619,0.46398
5620,0.41614
5621,0.55969
5622,1.2482
5623,1.7688
5624,1.8133
5625,1.6513
5626,1.6487
5627,1.7797
5628,1.1667
5629,0.78261
5630,0.70383
5631,0.74633
5632,0.6497
5633,0.91505
5634,1.5842
5635,1.9208
5636,2.0483
5637,2.0785
5638,2.0837
5639,1.5638
5640,0.94306
5641,0.6197
5642,0.47705
5643,0.42388
5644,0.51587
5645,1.1482
5646,1.7381
5647,1.7903
5648,1.6634
5649,1.6252
5650,1.8231
5651,1.2385
5652,0.82384
5653,0.71793
5654,0.75101
5655,0.65928
5656,0.84371
5657,1.51
5658,1.9062
5659,2.0491
5660,2.0858
5661,2.0898
5662,1.66
5663,1.0027
5664,0.64168
5665,0.48352
5666,0.4254
5667,0.47923
5668,1.0435
5669,1.6959
5670,1.7929
5671,1.6698
5672,1.6007
5673,1.8408
5674,1.3162
5675,0.85909
5676,0.71839
5677,0.75111
5678,0.67774
5679,0.78434
5680,1.4308
5681,1.8693
5682,2.032
5683,2.085
5684,2.0899
5685,1.7541
5686,1.0704
5687,0.67414
5688,0.49901
5689,0.43058
5690,0.45296
5691,0.94092
5692,1.6449
5693,1.8045
5694,1.69
5695,1.5939
5696,1.8364
5697,1.3996
5698,0.89643
5699,0.72344
5700,0.72761
5701,0.68822
5702,0.73105
5703,1.345
5704,1.8354
5705,2.0209
5706,2.0835
5707,2.0806
5708,1.8432
5709,1.1427
5710,0.70961
5711,0.5134
5712,0.43775
5713,0.43612
5714,0.84422
5715,1.5835
5716,1.8059
5717,1.7075
5718,1.597
5719,1.8115
5720,1.4853
5721,0.9409
5722,0.73523
5723,0.74113
5724,0.71204
5725,0.69494
5726,1.2558
5727,1.793
5728,2.0022
5729,2.0804
5730,2.0796
5731,1.9235
5732,1.2207
5733,0.75377
5734,0.53316
5735,0.44321
5736,0.42433
5737,0.75498
5738,1.5094
5739,1.8113
5740,1.7285
5741,1.6034
5742,1.7698
5743,1.5716
5744,0.989
5745,0.7442
5746,0.73522
5747,0.72923
5748,0.66929
5749,1.1646
5750,1.7477
5751,1.985
5752,2.074
5753,2.0803
5754,1.9912
5755,1.3036
5756,0.79584
5757,0.55153
5758,0.44939
5759,0.41795
5760,0.676
5761,1.4259
5762,1.8012
5763,1.7439
5764,1.6123
5765,1.7214
5766,1.6528
5767,1.0456
5768,0.75943
5769,0.73067
5770,0.74453
5771,0.65612
5772,1.0743
5773,1.6957
5774,1.9666
5775,2.0676
5776,2.0825
5777,2.0412
5778,1.3917
5779,0.84282
5780,0.57111
5781,0.45603
5782,0.41595
5783,0.60852
5784,1.3335
5785,1.7857
5786,1.7574
5787,1.6239
5788,1.676
5789,1.7257
5790,1.1077
5791,0.77863
5792,0.7156
5793,0.75105
5794,0.65129
5795,0.98741
5796,1.6372
5797,1.9491
5798,2.0618
5799,2.082
5800,2.0719
5801,1.4834
5802,0.89424
5803,0.59079
5804,0.46387
5805,0.41742
5806,0.55318
5807,1.2351
5808,1.7614
5809,1.7683
5810,1.6371
5811,1.6392
5812,1.7846
5813,1.1757
5814,0.80304
5815,0.71401
5816,0.75284
5817,0.65457
5818,0.90724
5819,1.5708
5820,1.9278
5821,2.0536
5822,2.0848
5823,2.0876
5824,1.5784
5825,0.95047
5826,0.61853
5827,0.4756
5828,0.42199
5829,0.50904
5830,1.132
5831,1.7303
5832,1.7872
5833,1.6584
5834,1.6164
5835,1.826
5836,1.2498
5837,0.83076
5838,0.72244
5839,0.75739
5840,0.66566
5841,0.83593
5842,1.4984
5843,1.8936
5844,2.0405
5845,2.0849
5846,2.091
5847,1.6738
5848,1.0134
5849,0.6489
5850,0.48662
5851,0.42617
5852,0.47489
5853,1.028
5854,1.689
5855,1.7969
5856,1.6744
5857,1.5998
5858,1.8421
5859,1.329
5860,0.86355
5861,0.72622
5862,0.75632
5863,0.6819
5864,0.77611
5865,1.4188
5866,1.8626
5867,2.0293
5868,2.0865
5869,2.0909
5870,1.7684
5871,1.0811
5872,0.68425
5873,0.50207
5874,0.43065
5875,0.44915
5876,0.92563
5877,1.6364
5878,1.8083
5879,1.6929
5880,1.5922
5881,1.8329
5882,1.4125
5883,0.90125
5884,0.72912
5885,0.75099
5886,0.70068
5887,0.72828
5888,1.3338
5889,1.8278
5890,2.0153
5891,2.0841
5892,2.0845
5893,1.8553
5894,1.1529
5895,0.71982
5896,0.51821
5897,0.43762
5898,0.43319
5899,0.83117
5900,1.5735
5901,1.8119
5902,1.7128
5903,1.5964
5904,1.8055
5905,1.4973
5906,0.94576
5907,0.73156
5908,0.71673
5909,0.7065
5910,0.68788
5911,1.243
5912,1.7867
5913,1.9951
5914,2.0745
5915,2.0739
5916,1.9324
5917,1.2312
5918,0.7595
5919,0.53406
5920,0.44543
5921,0.42475
5922,0.74462
5923,1.4989
5924,1.8082
5925,1.7301
5926,1.6074
5927,1.766
5928,1.5835
5929,0.99723
5930,0.74626
5931,0.72438
5932,0.72549
5933,0.66401
5934,1.1505
5935,1.74
5936,1.9806
5937,2.0717
5938,2.0732
5939,1.9972
5940,1.316
5941,0.80212
5942,0.55451
5943,0.45218
5944,0.41965
5945,0.66671
5946,1.4133
5947,1.7995
5948,1.7478
5949,1.6192
5950,1.719
5951,1.6653
5952,1.0545
5953,0.75944
5954,0.70227
5955,0.72585
5956,0.64614
5957,1.0575
5958,1.6865
5959,1.9589
5960,2.0592
5961,2.0728
5962,2.0443
5963,1.4061
5964,0.85215
5965,0.58001
5966,0.4622
5967,0.41979
5968,0.60051
5969,1.3183
5970,1.7852
5971,1.7705
5972,1.6384
5973,1.6788
5974,1.7392
5975,1.1187
5976,0.77913
5977,0.71778
5978,0.74513
5979,0.64598
5980,0.97054
5981,1.6266
5982,1.9403
5983,2.0567
5984,2.0821
5985,2.0758
5986,1.5006
5987,0.90538
5988,0.60158
5989,0.46761
5990,0.41858
5991,0.54426
5992,1.2162
5993,1.7594
5994,1.7796
5995,1.6453
5996,1.6362
5997,1.7944
5998,1.1888
5999,0.80527
6000,0.72033
6001,0.75723
6002,0.65676
6003,0.89332
6004,1.5594
6005,1.9163
6006,2.0486
6007,2.0872
6008,2.0915
6009,1.596
6010,0.96273
6011,0.6254
6012,0.47538
6013,0.41976
6014,0.50053
6015,1.1122
6016,1.7242
6017,1.784
6018,1.6527
6019,1.6053
6020,1.828
6021,1.2632
6022,0.8367
6023,0.72474
6024,0.76445
6025,0.67376
6026,0.82712
6027,1.4852
6028,1.8886
6029,2.0392
6030,2.0873
6031,2.0946
6032,1.6905
6033,1.025
6034,0.65666
6035,0.49061
6036,0.42234
6037,0.46781
6038,1.0091
6039,1.681
6040,1.804
6041,1.6753
6042,1.5911
6043,1.8392
6044,1.3424
6045,0.86783
6046,0.71668
6047,0.75317
6048,0.68738
6049,0.76881
6050,1.4063
6051,1.8619
6052,2.0295
6053,2.086
6054,2.0931
6055,1.7832
6056,1.0913
6057,0.6847
6058,0.50329
6059,0.42835
6060,0.44425
6061,0.90961
6062,1.6273
6063,1.8057
6064,1.6919
6065,1.5855
6066,1.8261
6067,1.4242
6068,0.90902
6069,0.72672
6070,0.74291
6071,0.70423
6072,0.72348
6073,1.3207
6074,1.8223
6075,2.011
6076,2.0823
6077,2.0837
6078,1.8672
6079,1.164
6080,0.72673
6081,0.52182
6082,0.43988
6083,0.43191
6084,0.81812
6085,1.5632
6086,1.8136
6087,1.719
6088,1.6001
6089,1.8014
6090,1.5105
6091,0.95224
6092,0.73411
6093,0.73707
6094,0.71566
6095,0.68555
6096,1.2303
6097,1.7807
6098,1.9968
6099,2.0773
6100,2.0826
6101,1.9449
6102,1.2434
6103,0.76548
6104,0.53734
6105,0.44433
6106,0.42149
6107,0.73137
6108,1.4868
6109,1.8078
6110,1.7322
6111,1.6041
6112,1.7551
6113,1.5947
6114,1.0047
6115,0.74766
6116,0.73022
6117,0.73368
6118,0.66471
6119,1.1389
6120,1.7336
6121,1.9826
6122,2.0734
6123,2.0846
6124,2.0087
6125,1.3287
6126,0.80854
6127,0.55552
6128,0.4492
6129,0.41516
6130,0.65438
6131,1.4002
6132,1.7991
6133,1.7489
6134,1.6114
6135,1.704
6136,1.6737
6137,1.0624
6138,0.76405
6139,0.72666
6140,0.75018
6141,0.65609
6142,1.0503
6143,1.6807
6144,1.9605
6145,2.0652
6146,2.0857
6147,2.0527
6148,1.4166
6149,0.85673
6150,0.57895
6151,0.45919
6152,0.41564
6153,0.59171
6154,1.3065
6155,1.7817
6156,1.7659
6157,1.629
6158,1.665
6159,1.7438
6160,1.1258
6161,0.78382
6162,0.72414
6163,0.75617
6164,0.65302
6165,0.96486
6166,1.6204
6167,1.939
6168,2.058
6169,2.0821
6170,2.0777
6171,1.5087
6172,0.91002
6173,0.60283
6174,0.46734
6175,0.41824
6176,0.5401
6177,1.2074
6178,1.7556
6179,1.7774
6180,1.6435
6181,1.6321
6182,1.7978
6183,1.195
6184,0.80958
6185,0.72518
6186,0.76103
6187,0.65949
6188,0.88799
6189,1.5531
6190,1.9194
6191,2.0522
6192,2.0863
6193,2.0904
6194,1.6036
6195,0.96667
6196,0.62677
6197,0.47748
6198,0.42191
6199,0.49856
6200,1.1043
6201,1.7208
6202,1.7888
6203,1.66
6204,1.6084
6205,1.8316
6206,1.2699
6207,0.83882
6208,0.72313
6209,0.75965
6210,0.67145
6211,0.81999
6212,1.4785
6213,1.8861
6214,2.0377
6215,2.0852
6216,2.0914
6217,1.6983
6218,1.0304
6219,0.66009
6220,0.49209
6221,0.4278
6222,0.46773
6223,1.0014
6224,1.677
6225,1.8037
6226,1.6818
6227,1.5988
6228,1.8429
6229,1.3504
6230,0.87185
6231,0.72339
6232,0.75209
6233,0.68472
6234,0.76159
6235,1.3975
6236,1.8538
6237,2.0252
6238,2.0838
6239,2.0893
6240,1.7917
6241,1.099
6242,0.69279
6243,0.50553
6244,0.43228
6245,0.44418
6246,0.90047
6247,1.6214
6248,1.8082
6249,1.6979
6250,1.5922
6251,1.8272
6252,1.4341
6253,0.91291
6254,0.72382
6255,0.70855
6256,0.68903
6257,0.71188
6258,1.3086
6259,1.818
6260,2.0048
6261,2.0748
6262,2.0733
6263,1.8758
6264,1.1732
6265,0.73008
6266,0.52017
6267,0.44099
6268,0.43211
6269,0.80819
6270,1.5552
6271,1.8093
6272,1.7175
6273,1.6024
6274,1.7986
6275,1.5207
6276,0.95915
6277,0.73799
6278,0.73819
6279,0.71674
6280,0.68159
6281,1.2188
6282,1.7749
6283,1.9953
6284,2.0765
6285,2.0792
6286,1.953
6287,1.2539
6288,0.77047
6289,0.53936
6290,0.44533
6291,0.42109
6292,0.72147
6293,1.4765
6294,1.8065
6295,1.7335
6296,1.6059
6297,1.7498
6298,1.6055
6299,1.012
6300,0.74896
6301,0.7328
6302,0.73601
6303,0.66276
6304,1.1271
6305,1.727
6306,1.9771
6307,2.072
6308,2.0784
6309,2.0129
6310,1.3391
6311,0.81607
6312,0.562
6313,0.45342
6314,0.41773
6315,0.64756
6316,1.389
6317,1.797
6318,1.7524
6319,1.6202
6320,1.7046
6321,1.6847
6322,1.0702
6323,0.76697
6324,0.7281
6325,0.74682
6326,0.65193
6327,1.0374
6328,1.6726
6329,1.9629
6330,2.0674
6331,2.0812
6332,2.0558
6333,1.429
6334,0.86238
6335,0.57892
6336,0.45914
6337,0.41664
6338,0.58449
6339,1.2942
6340,1.7763
6341,1.7609
6342,1.6294
6343,1.6602
6344,1.7518
6345,1.1347
6346,0.78853
6347,0.72526
6348,0.75777
6349,0.65362
6350,0.95461
6351,1.6111
6352,1.9502
6353,2.0692
6354,2.0878
6355,2.0821
6356,1.5223
6357,0.91499
6358,0.59823
6359,0.46251
6360,0.41565
6361,0.53219
6362,1.193
6363,1.7481
6364,1.7657
6365,1.6329
6366,1.6198
6367,1.8009
6368,1.2042
6369,0.81805
6370,0.73288
6371,0.77209
6372,0.66794
6373,0.88219
6374,1.5433
6375,1.9119
6376,2.0486
6377,2.0889
6378,2.0946
6379,1.6157
6380,0.97545
6381,0.63365
6382,0.48019
6383,0.42078
6384,0.49323
6385,1.0901
6386,1.7159
6387,1.7949
6388,1.6624
6389,1.604
6390,1.8336
6391,1.2802
6392,0.84125
6393,0.72204
6394,0.76039
6395,0.67461
6396,0.81239
6397,1.4692
6398,1.8824
6399,2.0365
6400,2.0877
6401,2.0939
6402,1.7108
6403,1.0388
6404,0.66161
6405,0.49023
6406,0.42619
6407,0.46292
6408,0.9878
6409,1.6703
6410,1.7978
6411,1.6761
6412,1.5913
6413,1.8394
6414,1.3599
6415,0.87856
6416,0.72695
6417,0.75749
6418,0.69214
6419,0.7582
6420,1.3872
6421,1.8496
6422,2.0244
6423,2.085
6424,2.0876
6425,1.8014
6426,1.1075
6427,0.69459
6428,0.50449
6429,0.43306
6430,0.44255
6431,0.8893
6432,1.6139
6433,1.8067
6434,1.6978
6435,1.5922
6436,1.8245
6437,1.4442
6438,0.9183
6439,0.73309
6440,0.74926
6441,0.70731
6442,0.71328
6443,1.3
6444,1.8123
6445,2.0103
6446,2.0824
6447,2.0857
6448,1.8874
6449,1.1826
6450,0.73432
6451,0.52457
6452,0.43906
6453,0.42779
6454,0.7959
6455,1.5457
6456,1.8113
6457,1.7187
6458,1.5965
6459,1.7887
6460,1.5303
6461,0.96465
6462,0.73644
6463,0.71543
6464,0.71459
6465,0.67813
6466,1.208
6467,1.7699
6468,1.9889
6469,2.0752
6470,2.0744
6471,1.9592
6472,1.2628
6473,0.77241
6474,0.53842
6475,0.44631
6476,0.42129
6477,0.71333
6478,1.4676
6479,1.8042
6480,1.7327
6481,1.6073
6482,1.746
6483,1.6144
6484,1.0183
6485,0.75411
6486,0.7337
6487,0.73739
6488,0.66084
6489,1.117
6490,1.7207
6491,1.9788
6492,2.0739
6493,2.0781
6494,2.0182
6495,1.3492
6496,0.81859
6497,0.55731
6498,0.45086
6499,0.41634
6500,0.63941
6501,1.3789
6502,1.7912
6503,1.7435
6504,1.6139
6505,1.6955
6506,1.6916
6507,1.0776
6508,0.77225
6509,0.73112
6510,0.75357
6511,0.65481
6512,1.0293
6513,1.6655
6514,1.9566
6515,2.0661
6516,2.0813
6517,2.059
6518,1.4391
6519,0.86935
6520,0.58343
6521,0.4612
6522,0.41715
6523,0.57869
6524,1.2829
6525,1.7758
6526,1.7663
6527,1.6336
6528,1.6578
6529,1.7592
6530,1.1424
6531,0.78899
6532,0.71647
6533,0.7531
6534,0.65156
6535,0.94418
6536,1.6039
6537,1.9335
6538,2.0558
6539,2.0814
6540,2.0811
6541,1.5324
6542,0.9236
6543,0.60928
6544,0.47181
6545,0.42091
6546,0.52946
6547,1.1817
6548,1.7483
6549,1.7841
6550,1.6534
6551,1.6298
6552,1.8102
6553,1.2138
6554,0.81538
6555,0.72007
6556,0.75507
6557,0.6581
6558,0.86762
6559,1.5344
6560,1.907
6561,2.045
6562,2.0849
6563,2.0916
6564,1.6288
6565,0.98371
6566,0.63707
6567,0.48285
6568,0.42424
6569,0.48961
6570,1.0769
6571,1.7109
6572,1.7967
6573,1.6696
6574,1.6072
6575,1.8378
6576,1.2908
6577,0.8456
6578,0.71867
6579,0.75351
6580,0.67223
6581,0.80233
6582,1.4577
6583,1.8775
6584,2.0335
6585,2.0839
6586,2.0887
6587,1.7231
6588,1.0478
6589,0.66719
6590,0.49452
6591,0.42525
6592,0.45968
6593,0.97418
6594,1.6632
6595,1.8039
6596,1.6783
6597,1.5897
6598,1.8381
6599,1.3712
6600,0.88195
6601,0.7284
6602,0.75836
6603,0.69534
6604,0.75199
6605,1.3767
6606,1.8453
6607,2.023
6608,2.0869
6609,2.0902
6610,1.8136
6611,1.1167
6612,0.70085
6613,0.5074
6614,0.43233
6615,0.43911
6616,0.87648
6617,1.6059
6618,1.8079
6619,1.6982
6620,1.5888
6621,1.8186
6622,1.4548
6623,0.92412
6624,0.73164
6625,0.74639
6626,0.71095
6627,0.70965
6628,1.2892
6629,1.8079
6630,2.0071
6631,2.0788
6632,2.0849
6633,1.8968
6634,1.1919
6635,0.73958
6636,0.52699
6637,0.43957
6638,0.42636
6639,0.78531
6640,1.5369
6641,1.8108
6642,1.7212
6643,1.5971
6644,1.7833
6645,1.5403
6646,0.97078
6647,0.74086
6648,0.74022
6649,0.72662
6650,0.67901
6651,1.1985
6652,1.7648
6653,1.992
6654,2.0776
6655,2.0827
6656,1.9688
6657,1.2726
6658,0.78008
6659,0.54275
6660,0.44501
6661,0.41847
6662,0.70317
6663,1.4574
6664,1.8035
6665,1.7334
6666,1.6037
6667,1.736
6668,1.6228
6669,1.0243
6670,0.75491
6671,0.73648
6672,0.74398
6673,0.66232
6674,1.1084
6675,1.7157
6676,1.9759
6677,2.0736
6678,2.0809
6679,2.024
6680,1.358
6681,0.82399
6682,0.561
6683,0.45264
6684,0.41604
6685,0.63255
6686,1.3694
6687,1.7896
6688,1.7483
6689,1.6168
6690,1.6913
6691,1.6992
6692,1.0842
6693,0.77111
6694,0.72984
6695,0.75377
6696,0.6541
6697,1.0202
6698,1.6595
6699,1.9538
6700,2.0643
6701,2.0817
6702,2.0623
6703,1.4487
6704,0.87487
6705,0.58252
6706,0.45806
6707,0.41315
6708,0.57135
6709,1.2716
6710,1.7706
6711,1.7619
6712,1.6223
6713,1.6447
6714,1.7624
6715,1.1494
6716,0.79347
6717,0.72064
6718,0.76207
6719,0.65831
6720,0.93923
6721,1.5975
6722,1.931
6723,2.0541
6724,2.0855
6725,2.0764
6726,1.5617
6727,0.93691
6728,0.61579
6729,0.47373
6730,0.41889
6731,0.51769
6732,1.1553
6733,1.7398
6734,1.786
6735,1.6516
6736,1.6216
6737,1.8189
6738,1.2324
6739,0.82198
6740,0.7176
6741,0.75645
6742,0.66243
6743,0.85095
6744,1.516
6745,1.9
6746,2.0427
6747,2.0839
6748,2.0906
6749,1.6519
6750,0.99865
6751,0.64594
6752,0.48604
6753,0.42621
6754,0.48235
6755,1.0519
6756,1.7005
6757,1.7995
6758,1.6751
6759,1.6058
6760,1.8418
6761,1.3106
6762,0.85349
6763,0.70958
6764,0.72208
6765,0.66396
6766,0.78324
6767,1.4363
6768,1.8703
6769,2.0237
6770,2.0767
6771,2.0811
6772,1.7459
6773,1.0649
6774,0.67653
6775,0.49762
6776,0.43193
6777,0.45666
6778,0.94983
6779,1.6501
6780,1.8007
6781,1.6895
6782,1.5989
6783,1.8404
6784,1.3935
6785,0.89384
6786,0.72716
6787,0.74896
6788,0.69186
6789,0.73571
6790,1.3519
6791,1.8346
6792,2.0185
6793,2.081
6794,2.0848
6795,1.8375
6796,1.1376
6797,0.7116
6798,0.51593
6799,0.43705
6800,0.43642
6801,0.85054
6802,1.5876
6803,1.8168
6804,1.7131
6805,1.598
6806,1.8139
6807,1.48
6808,0.93483
6809,0.72935
6810,0.73976
6811,0.71
6812,0.69655
6813,1.2628
6814,1.7961
6815,2.0026
6816,2.0798
6817,2.0832
6818,1.9195
6819,1.2146
6820,0.75155
6821,0.53304
6822,0.44273
6823,0.42429
6824,0.76067
6825,1.5149
6826,1.8136
6827,1.7305
6828,1.6031
6829,1.7723
6830,1.5653
6831,0.98494
6832,0.74038
6833,0.73122
6834,0.72688
6835,0.67048
6836,1.1713
6837,1.7512
6838,1.9962
6839,2.0818
6840,2.0789
6841,1.9862
6842,1.2969
6843,0.78944
6844,0.54268
6845,0.44592
6846,0.41725
6847,0.68145
6848,1.4338
6849,1.7957
6850,1.7316
6851,1.6039
6852,1.7214
6853,1.6447
6854,1.0415
6855,0.76271
6856,0.71673
6857,0.73927
6858,0.65654
6859,1.0821
6860,1.6992
6861,1.9667
6862,2.068
6863,2.0778
6864,2.0357
6865,1.3842
6866,0.8402
6867,0.57198
6868,0.45716
6869,0.41743
6870,0.61463
6871,1.3414
6872,1.7905
6873,1.7613
6874,1.6275
6875,1.6833
6876,1.7214
6877,1.1023
6878,0.77494
6879,0.72316
6880,0.74988
6881,0.64981
6882,0.9931
6883,1.6424
6884,1.9468
6885,2.0598
6886,2.0838
6887,2.0711
6888,1.4764
6889,0.89078
6890,0.59236
6891,0.46426
6892,0.41743
6893,0.55679
6894,1.2423
6895,1.7653
6896,1.7714
6897,1.6385
6898,1.6424
6899,1.7812
6900,1.1703
6901,0.79912
6902,0.72486
6903,0.75977
6904,0.65637
6905,0.91367
6906,1.5771
6907,1.9308
6908,2.0572
6909,2.0859
6910,2.0877
6911,1.5706
6912,0.94544
6913,0.6138
6914,0.47298
6915,0.42032
6916,0.51166
6917,1.1405
6918,1.7326
6919,1.7811
6920,1.652
6921,1.6146
6922,1.8221
6923,1.243
6924,0.82978
6925,0.72582
6926,0.76255
6927,0.6678
6928,0.8433
6929,1.5048
6930,1.8966
6931,2.0424
6932,2.0868
6933,2.0938
6934,1.6659
6935,1.0084
6936,0.64994
6937,0.48846
6938,0.42577
6939,0.47712
6940,1.0362
6941,1.6936
6942,1.8015
6943,1.6767
6944,1.6017
6945,1.8421
6946,1.3224
6947,0.85863
6948,0.714
6949,0.74169
6950,0.67479
6951,0.77829
6952,1.4256
6953,1.8649
6954,2.0257
6955,2.0818
6956,2.0863
6957,1.7597
6958,1.0746
6959,0.68221
6960,0.50266
6961,0.42738
6962,0.45065
6963,0.93456
6964,1.6417
6965,1.839
6966,1.7079
6967,1.5963
6968,1.8358
6969,1.4054
6970,0.89062
6971,0.70991
6972,0.73912
6973,0.69308
6974,0.72934
6975,1.3424
6976,1.8309
6977,2.0123
6978,2.0826
6979,2.082
6980,1.8479
6981,1.1447
6982,0.71748
6983,0.51812
6984,0.43792
6985,0.43501
6986,0.84101
6987,1.5806
6988,1.8148
6989,1.7149
6990,1.5988
6991,1.8104
6992,1.4888
6993,0.94021
6994,0.73049
6995,0.7376
6996,0.71118
6997,0.6931
6998,1.2532
6999,1.7914
7000,2.0017
7001,2.0785
7002,2.0817
7003,1.9271
7004,1.223
7005,0.75475
7006,0.53442
7007,0.44316
7008,0.42343
7009,0.7521
7010,1.5071
7011,1.8243
7012,1.7468
7013,1.6098
7014,1.7697
7015,1.5746
7016,0.98913
7017,0.73134
7018,0.71961
7019,0.72201
7020,0.66535
7021,1.1603
7022,1.7471
7023,1.9813
7024,2.0726
7025,2.0808
7026,1.9942
7027,1.306
7028,0.79823
7029,0.55326
7030,0.44879
7031,0.41741
7032,0.6733
7033,1.423
7034,1.8105
7035,1.7657
7036,1.6198
7037,1.7216
7038,1.6557
7039,1.0465
7040,0.74599
7041,0.70797
7042,0.73388
7043,0.65132
7044,1.0697
7045,1.6961
7046,1.9611
7047,2.0636
7048,2.0729
7049,2.0396
7050,1.3927
7051,0.84544
7052,0.57637
7053,0.46054
7054,0.41937
7055,0.60893
7056,1.3326
7057,1.7897
7058,1.7671
7059,1.6353
7060,1.6832
7061,1.729
7062,1.1087
7063,0.77163
7064,0.7165
7065,0.74442
7066,0.64642
7067,0.98321
7068,1.6364
7069,1.9429
7070,2.0585
7071,2.0762
7072,2.0705
7073,1.4855
7074,0.89646
7075,0.59868
7076,0.46777
7077,0.42043
7078,0.55318
7079,1.233
7080,1.7647
7081,1.7794
7082,1.6483
7083,1.6461
7084,1.7883
7085,1.1777
7086,0.80099
7087,0.71891
7088,0.75183
7089,0.65176
7090,0.90329
7091,1.57
7092,1.92
7093,2.0495
7094,2.0838
7095,2.0881
7096,1.5813
7097,0.95356
7098,0.62361
7099,0.47828
7100,0.42252
7101,0.50783
7102,1.1286
7103,1.7307
7104,1.7918
7105,1.6625
7106,1.6171
7107,1.8273
7108,1.2522
7109,0.82928
7110,0.71414
7111,0.75167
7112,0.66355
7113,0.8328
7114,1.4963
7115,1.8975
7116,2.0414
7117,2.0851
7118,2.0904
7119,1.6769
7120,1.0146
7121,0.64712
7122,0.48721
7123,0.42554
7124,0.47371
7125,1.025
7126,1.6875
7127,1.7956
7128,1.6736
7129,1.5983
7130,1.8416
7131,1.3307
7132,0.86531
7133,0.72699
7134,0.75738
7135,0.68342
7136,0.77546
7137,1.4167
7138,1.8616
7139,2.0291
7140,2.0861
7141,2.0917
7142,1.7706
7143,1.083
7144,0.68614
7145,0.50374
7146,0.43175
7147,0.44892
7148,0.92299
7149,1.635
7150,1.8136
7151,1.6986
7152,1.5948
7153,1.8335
7154,1.4154
7155,0.90104
7156,0.72289
7157,0.74315
7158,0.69719
7159,0.72507
7160,1.3309
7161,1.827
7162,2.0145
7163,2.0835
7164,2.0817
7165,1.8579
7166,1.155
7167,0.72069
7168,0.51731
7169,0.43814
7170,0.4332
7171,0.82877
7172,1.5718
7173,1.8105
7174,1.7128
7175,1.5974
7176,1.8048
7177,1.4997
7178,0.94739
7179,0.72968
7180,0.73735
7181,0.71438
7182,0.68973
7183,1.2413
7184,1.7858
7185,2.0001
7186,2.0786
7187,2.0825
7188,1.936
7189,1.2337
7190,0.75946
7191,0.5344
7192,0.43922
7193,0.42058
7194,0.7406
7195,1.4964
7196,1.8079
7197,1.7256
7198,1.5957
7199,1.7567
7200,1.5835
7201,0.99784
7202,0.74839
7203,0.74144
7204,0.73965
7205,0.67091
7206,1.1521
7207,1.7404
7208,1.9833
7209,2.0739
7210,2.0847
7211,2.0003
7212,1.3163
7213,0.80216
7214,0.54964
7215,0.44568
7216,0.41426
7217,0.66416
7218,1.4123
7219,1.7953
7220,1.736
7221,1.6014
7222,1.7067
7223,1.6619
7224,1.0548
7225,0.76702
7226,0.739
7227,0.75712
7228,0.66139
7229,1.0641
7230,1.6876
7231,1.966
7232,2.0682
7233,2.087
7234,2.0476
7235,1.4043
7236,0.8492
7237,0.5707
7238,0.45368
7239,0.41349
7240,0.59911
7241,1.3195
7242,1.7898
7243,1.7831
7244,1.6287
7245,1.6687
7246,1.7348
7247,1.1167
7248,0.76848
7249,0.71647
7250,0.75319
7251,0.6524
7252,0.97591
7253,1.6324
7254,1.9404
7255,2.0582
7256,2.081
7257,2.0747
7258,1.4941
7259,0.90154
7260,0.5987
7261,0.46354
7262,0.41526
7263,0.54621
7264,1.2228
7265,1.7612
7266,1.7775
7267,1.6346
7268,1.6311
7269,1.7886
7270,1.1831
7271,0.80321
7272,0.72609
7273,0.76564
7274,0.66183
7275,0.90179
7276,1.5662
7277,1.9197
7278,2.0506
7279,2.0901
7280,2.0918
7281,1.587
7282,0.95682
7283,0.62328
7284,0.47546
7285,0.41979
7286,0.50411
7287,1.1221
7288,1.728
7289,1.7874
7290,1.6552
7291,1.609
7292,1.8261
7293,1.256
7294,0.83207
7295,0.71941
7296,0.7601
7297,0.67021
7298,0.83212
7299,1.493
7300,1.8914
7301,2.0395
7302,2.0861
7303,2.0921
7304,1.6809
7305,1.0181
7306,0.65469
7307,0.4892
7308,0.42668
7309,0.47268
7310,1.0204
7311,1.6861
7312,1.8018
7313,1.678
7314,1.6
7315,1.8427
7316,1.3352
7317,0.86508
7318,0.72353
7319,0.75394
7320,0.68217
7321,0.77153
7322,1.4133
7323,1.8603
7324,2.0279
7325,2.087
7326,2.09
7327,1.7745
7328,1.0857
7329,0.68583
7330,0.50159
7331,0.43074
7332,0.44766
7333,0.91905
7334,1.6326
7335,1.8063
7336,1.6922
7337,1.591
7338,1.831
7339,1.4179
7340,0.90496
7341,0.72924
7342,0.75137
7343,0.70263
7344,0.72598
7345,1.3279
7346,1.8246
7347,2.0148
7348,2.0855
7349,2.0845
7350,1.8608
7351,1.1581
7352,0.71629
7353,0.51356
7354,0.43639
7355,0.43166
7356,0.82464
7357,1.5687
7358,1.8093
7359,1.7079
7360,1.5922
7361,1.8007
7362,1.5026
7363,0.94975
7364,0.73741
7365,0.74444
7366,0.72051
7367,0.69121
7368,1.2384
7369,1.784
7370,1.9994
7371,2.0786
7372,2.0831
7373,1.9391
7374,1.2369
7375,0.76082
7376,0.53252
7377,0.44047
7378,0.42053
7379,0.73744
7380,1.4932
7381,1.803
7382,1.7211
7383,1.5951
7384,1.7547
7385,1.5868
7386,1.0009
7387,0.75248
7388,0.74397
7389,0.7416
7390,0.67075
7391,1.1485
7392,1.7377
7393,1.9831
7394,2.074
7395,2.0805
7396,2.0008
7397,1.3198
7398,0.80426
7399,0.55418
7400,0.44906
7401,0.41683
7402,0.66249
7403,1.409
7404,1.7997
7405,1.7448
7406,1.6118
7407,1.7116
7408,1.6671
7409,1.0566
7410,0.76112
7411,0.73065
7412,0.74843
7413,0.65565
7414,1.0581
7415,1.6855
7416,1.9627
7417,2.0664
7418,2.0839
7419,2.0492
7420,1.4085
7421,0.85183
7422,0.57628
7423,0.45847
7424,0.4157
7425,0.59704
7426,1.3154
7427,1.7823
7428,1.7636
7429,1.6276
7430,1.6684
7431,1.738
7432,1.1199
7433,0.78024
7434,0.71382
7435,0.75094
7436,0.65105
7437,0.97175
7438,1.6259
7439,1.9399
7440,2.0575
7441,2.0808
7442,2.0754
7443,1.5005
7444,0.90503
7445,0.60089
7446,0.46796
7447,0.41571
7448,0.54347
7449,1.2157
7450,1.7588
7451,1.7786
7452,1.6397
7453,1.6311
7454,1.7929
7455,1.1883
7456,0.80404
7457,0.70968
7458,0.74323
7459,0.65882
7460,0.89487
7461,1.5601
7462,1.9204
7463,2.0498
7464,2.0843
7465,2.0892
7466,1.5943
7467,0.96101
7468,0.62502
7469,0.47729
7470,0.42214
7471,0.50245
7472,1.1146
7473,1.7248
7474,1.7896
7475,1.6601
7476,1.6121
7477,1.83
7478,1.2625
7479,0.83448
7480,0.7196
7481,0.75638
7482,0.66807
7483,0.82528
7484,1.4861
7485,1.8931
7486,2.0423
7487,2.086
7488,2.0917
7489,1.6895
7490,1.0237
7491,0.65498
7492,0.49026
7493,0.42666
7494,0.46993
7495,1.0111
7496,1.6819
7497,1.8278
7498,1.692
7499,1.6031
7500,1.8441
7501,1.3425
7502,0.86151
7503,0.71081
7504,0.74356
7505,0.67864
7506,0.76468
7507,1.4067
7508,1.8566
7509,2.0233
7510,2.0826
7511,2.0842
7512,1.7816
7513,1.0907
7514,0.69065
7515,0.50652
7516,0.43391
7517,0.44782
7518,0.91252
7519,1.6285
7520,1.8101
7521,1.6998
7522,1.5977
7523,1.8327
7524,1.4251
7525,0.90714
7526,0.72786
7527,0.74512
7528,0.69858
7529,0.7199
7530,1.3201
7531,1.823
7532,2.0191
7533,2.0854
7534,2.0825
7535,1.8681
7536,1.1645
7537,0.71939
7538,0.51553
7539,0.43697
7540,0.4308
7541,0.81707
7542,1.5634
7543,1.8046
7544,1.7078
7545,1.5929
7546,1.7976
7547,1.5093
7548,0.95493
7549,0.73885
7550,0.74564
7551,0.72243
7552,0.68918
7553,1.2308
7554,1.78
7555,1.9983
7556,2.0774
7557,2.0829
7558,1.9444
7559,1.2439
7560,0.76497
7561,0.53377
7562,0.44105
7563,0.42013
7564,0.73072
7565,1.4864
7566,1.8036
7567,1.7233
7568,1.5966
7569,1.7512
7570,1.5939
7571,1.0054
7572,0.75266
7573,0.74197
7574,0.74191
7575,0.66882
7576,1.1405
7577,1.7336
7578,1.9814
7579,2.0736
7580,2.0813
7581,2.006
7582,1.3273
7583,0.80931
7584,0.55842
7585,0.45173
7586,0.41718
7587,0.65669
7588,1.4014
7589,1.799
7590,1.7502
7591,1.6166
7592,1.7093
7593,1.674
7594,1.0617
7595,0.76378
7596,0.72863
7597,0.74683
7598,0.65362
7599,1.0499
7600,1.6807
7601,1.9611
7602,2.066
7603,2.0832
7604,2.0518
7605,1.4164
7606,0.85637
7607,0.57708
7608,0.45789
7609,0.41585
7610,0.59204
7611,1.307
7612,1.7806
7613,1.7614
7614,1.627
7615,1.6646
7616,1.7432
7617,1.1255
7618,0.78274
7619,0.71249
7620,0.74732
7621,0.6499
7622,0.96437
7623,1.62
7624,1.938
7625,2.0555
7626,2.0848
7627,2.0784
7628,1.5094
7629,0.91015
7630,0.60448
7631,0.46994
7632,0.41917
7633,0.54
7634,1.2066
7635,1.7561
7636,1.7833
7637,1.6491
7638,1.6346
7639,1.7993
7640,1.1957
7641,0.80645
7642,0.71691
7643,0.75498
7644,0.65628
7645,0.8858
7646,1.5527
7647,1.9132
7648,2.0471
7649,2.0847
7650,2.0926
7651,1.6055
7652,0.96864
7653,0.62985
7654,0.47895
7655,0.4216
7656,0.4973
7657,1.1021
7658,1.7208
7659,1.7913
7660,1.6618
7661,1.6077
7662,1.8317
7663,1.2713
7664,0.83755
7665,0.71131
7666,0.74221
7667,0.66562
7668,0.81677
7669,1.4768
7670,1.8936
7671,2.043
7672,2.0855
7673,2.0893
7674,1.7004
7675,1.0307
7676,0.65268
7677,0.48721
7678,0.42688
7679,0.46695
7680,0.9994
7681,1.6755
7682,1.7938
7683,1.6743
7684,1.595
7685,1.8414
7686,1.3506
7687,0.87536
7688,0.72629
7689,0.75478
7690,0.68759
7691,0.76266
7692,1.3958
7693,1.8571
7694,2.0331
7695,2.0892
7696,2.0893
7697,1.7923
7698,1.0999
7699,0.68815
7700,0.49837
7701,0.42891
7702,0.44293
7703,0.89883
7704,1.6206
7705,1.7964
7706,1.6829
7707,1.5828
7708,1.8229
7709,1.4334
7710,0.91636
7711,0.73632
7712,0.75242
7713,0.71068
7714,0.72092
7715,1.3106
7716,1.8164
7717,2.0119
7718,2.0815
7719,2.0886
7720,1.8776
7721,1.174
7722,0.72456
7723,0.51737
7724,0.43572
7725,0.42788
7726,0.80564
7727,1.554
7728,1.8044
7729,1.708
7730,1.5889
7731,1.79
7732,1.5195
7733,0.96073
7734,0.73828
7735,0.74621
7736,0.72764
7737,0.68761
7738,1.2204
7739,1.7749
7740,1.996
7741,2.0765
7742,2.0833
7743,1.9526
7744,1.2534
7745,0.7705
7746,0.5386
7747,0.44153
7748,0.41781
7749,0.72082
7750,1.4764
7751,1.8051
7752,1.7299
7753,1.5955
7754,1.7436
7755,1.6031
7756,1.0113
7757,0.75106
7758,0.73752
7759,0.74379
7760,0.66767
7761,1.1304
7762,1.7283
7763,1.9781
7764,2.0716
7765,2.0843
7766,2.0129
7767,1.3371
7768,0.81335
7769,0.55957
7770,0.44978
7771,0.4134
7772,0.64731
7773,1.3906
7774,1.7961
7775,1.7497
7776,1.6084
7777,1.6967
7778,1.6805
7779,1.0684
7780,0.76482
7781,0.72935
7782,0.75519
7783,0.6579
7784,1.0428
7785,1.6754
7786,1.9588
7787,2.0648
7788,2.0815
7789,2.0542
7790,1.4246
7791,0.8619
7792,0.58144
7793,0.45954
7794,0.4162
7795,0.58704
7796,1.2981
7797,1.7791
7798,1.7665
7799,1.6304
7800,1.6626
7801,1.7493
7802,1.1317
7803,0.78625
7804,0.72494
7805,0.75664
7806,0.65301
7807,0.95768
7808,1.6146
7809,1.9372
7810,2.0567
7811,2.0864
7812,2.081
7813,1.5178
7814,0.91488
7815,0.6043
7816,0.46895
7817,0.41869
7818,0.53546
7819,1.1975
7820,1.7527
7821,1.7805
7822,1.6471
7823,1.6297
7824,1.8022
7825,1.202
7826,0.81032
7827,0.71705
7828,0.75693
7829,0.6587
7830,0.88023
7831,1.5462
7832,1.9113
7833,2.0463
7834,2.0869
7835,1.976
7836,1.5334
7837,0.94678
7838,0.62266
7839,0.47721
7840,0.43529
7841,0.56802
7842,1.1702
7843,1.7465
7844,1.7964
7845,1.6683
7846,1.7003
7847,1.8466
7848,1.236
7849,0.81798
7850,0.69443
7851,0.70653
7852,0.61197
7853,0.82442
7854,1.5068
7855,1.8931
7856,2.0299
7857,2.0516
7858,2.0614
7859,1.6583
7860,1.0051
7861,0.65151
7862,0.49715
7863,0.44303
7864,0.48922
7865,1.0467
7866,1.6984
7867,1.8084
7868,1.7066
7869,1.6408
7870,1.858
7871,1.3213
7872,0.85592
7873,0.70898
7874,0.72126
7875,0.64975
7876,0.76732
7877,1.4237
7878,1.8634
7879,2.0227
7880,2.0714
7881,2.0741
7882,1.7601
7883,1.0757
7884,0.6844
7885,0.5063
7886,0.4389
7887,0.45612
7888,0.93562
7889,1.6418
7890,1.8134
7891,1.7082
7892,1.6124
7893,1.8444
7894,1.4082
7895,0.89753
7896,0.71741
7897,0.72897
7898,0.68125
7899,0.72192
7900,1.3361
7901,1.8283
7902,2.0116
7903,2.0777
7904,2.0777
7905,1.8524
7906,1.1502
7907,0.71902
7908,0.51771
7909,0.43528
7910,0.43316
7911,0.83431
7912,1.5759
7913,1.8112
7914,1.7115
7915,1.5935
7916,1.8053
7917,1.4941
7918,0.94421
7919,0.73312
7920,0.74088
7921,0.71633
7922,0.69316
7923,1.2477
7924,1.7887
7925,1.9999
7926,2.0799
7927,2.0843
7928,1.9319
7929,1.2283
7930,0.7573
7931,0.53477
7932,0.44221
7933,0.42206
7934,0.74625
7935,1.5015
7936,1.8105
7937,1.728
7938,1.6002
7939,1.7622
7940,1.5791
7941,0.99413
7942,0.74538
7943,0.7349
7944,0.73346
7945,0.66934
7946,1.1566
7947,1.7432
7948,1.9838
7949,2.0737
7950,2.0778
7951,1.9954
7952,1.3109
7953,0.80057
7954,0.55435
7955,0.451
7956,0.41837
7957,0.67019
7958,1.4183
7959,1.8023
7960,1.7474
7961,1.6157
7962,1.7193
7963,1.66
7964,1.0503
7965,0.76003
7966,0.72781
7967,0.7431
7968,0.65397
7969,1.066
7970,1.6911
7971,1.9643
7972,2.0663
7973,2.0818
7974,2.0446
7975,1.3995
7976,0.84725
7977,0.57463
7978,0.45818
7979,0.41661
7980,0.60337
7981,1.3251
7982,1.7844
7983,1.7617
7984,1.6278
7985,1.6742
7986,1.732
7987,1.1135
7988,0.78078
7989,0.72616
7990,0.75422
7991,0.6518
7992,0.98001
7993,1.6318
7994,1.9436
7995,2.0592
7996,2.0853
7997,2.0755
7998,1.4923
7999,0.90015
8000,0.60007
8001,0.4679
8002,0.41806
8003,0.54838
8004,1.2252
8005,1.7622
8006,1.7793
8007,1.6447
8008,1.6386
8009,1.7902
8010,1.1823
8011,0.80087
8012,0.7136
8013,0.75245
8014,0.65436
8015,0.89943
8016,1.5657
8017,1.918
8018,2.0481
8019,2.0872
8020,2.0903
8021,1.5876
8022,0.95738
8023,0.62624
8024,0.47862
8025,0.42114
8026,0.50448
8027,1.1216
8028,1.7285
8029,1.7932
8030,1.6607
8031,1.6124
8032,1.8278
8033,1.257
8034,0.83039
8035,0.7155
8036,0.75532
8037,0.66709
8038,0.8298
8039,1.4922
8040,1.8906
8041,2.0382
8042,2.0876
8043,2.0937
8044,1.6832
8045,1.0195
8046,0.65505
8047,0.49056
8048,0.4252
8049,0.47113
8050,1.0179
8051,1.6851
8052,1.8026
8053,1.6769
8054,1.5967
8055,1.8413
8056,1.3363
8057,0.86516
8058,0.71624
8059,0.74526
8060,0.68082
8061,0.77046
8062,1.4116
8063,1.8597
8064,2.0253
8065,2.0855
8066,2.0868
8067,1.7754
8068,1.0866
8069,0.6873
8070,0.50397
8071,0.43359
8072,0.44893
8073,0.91826
8074,1.632
8075,1.8074
8076,1.6978
8077,1.5969
8078,1.8337
8079,1.42
8080,0.90563
8081,0.72575
8082,0.74229
8083,0.69665
8084,0.72205
8085,1.3248
8086,1.8237
8087,2.0139
8088,2.0815
8089,2.0802
8090,1.8627
8091,1.1603
8092,0.71895
8093,0.51794
8094,0.43885
8095,0.4328
8096,0.82283
8097,1.567
8098,1.8105
8099,1.714
8100,1.5983
8101,1.803
8102,1.5057
8103,0.95071
8104,0.73327
8105,0.73505
8106,0.71431
8107,0.68705
8108,1.2346
8109,1.7825
8110,1.9967
8111,2.0771
8112,2.0758
8113,1.9397
8114,1.2391
8115,0.76338
8116,0.53784
8117,0.44515
8118,0.42312
8119,0.73635
8120,1.491
8121,1.8098
8122,1.7335
8123,1.6068
8124,1.7602
8125,1.5908
8126,1.0017
8127,0.74558
8128,0.7277
8129,0.72959
8130,0.6637
8131,1.1429
8132,1.7359
8133,1.9897
8134,2.0782
8135,2.077
8136,2.0032
8137,1.3236
8138,0.80328
8139,0.55125
8140,0.44946
8141,0.41737
8142,0.65954
8143,1.4065
8144,1.7956
8145,1.742
8146,1.6125
8147,1.7099
8148,1.6696
8149,1.0594
8150,0.76663
8151,0.7329
8152,0.74941
8153,0.65558
8154,1.055
8155,1.6826
8156,1.9626
8157,2.0661
8158,2.083
8159,2.05
8160,1.4123
8161,0.85514
8162,0.57286
8163,0.4548
8164,0.41362
8165,0.59399
8166,1.3109
8167,1.78
8168,1.7556
8169,1.6182
8170,1.6616
8171,1.7389
8172,1.1228
8173,0.7866
8174,0.72753
8175,0.76293
8176,0.65722
8177,0.97074
8178,1.6231
8179,1.9423
8180,2.0588
8181,2.0879
8182,2.0798
8183,1.5047
8184,0.90732
8185,0.60187
8186,0.46742
8187,0.41709
8188,0.5415
8189,1.2114
8190,1.7576
8191,1.7786
8192,1.643
8193,1.6317
8194,1.7955
8195,1.1918
8196,0.80741
8197,0.72331
8198,0.76109
8199,0.6597
8200,0.89144
8201,1.5567
8202,1.9155
8203,2.0489
8204,2.0847
8205,2.091
8206,1.5993
8207,0.96482
8208,0.62798
8209,0.47927
8210,0.41824
8211,0.49882
8212,1.1084
8213,1.7232
8214,1.7928
8215,1.6577
8216,1.6046
8217,1.8286
8218,1.2659
8219,0.83519
8220,0.72122
8221,0.76271
8222,0.67389
8223,0.82485
8224,1.4835
8225,1.8888
8226,2.039
8227,2.0864
8228,2.0924
8229,1.6927
8230,1.0262
8231,0.65817
8232,0.49111
8233,0.42699
8234,0.469
8235,1.0076
8236,1.6801
8237,1.803
8238,1.6806
8239,1.5983
8240,1.8424
8241,1.3449
8242,0.86946
8243,0.71583
8244,0.73787
8245,0.67888
8246,0.76342
8247,1.4022
8248,1.8565
8249,2.0237
8250,2.0825
8251,2.0839
8252,1.7849
8253,1.0943
8254,0.68635
8255,0.50467
8256,0.43449
8257,0.44734
8258,0.90786
8259,1.6253
8260,1.8069
8261,1.699
8262,1.5978
8263,1.8321
8264,1.4293
8265,0.9106
8266,0.7226
8267,0.74205
8268,0.69806
8269,0.71729
8270,1.3147
8271,1.8211
8272,2.0139
8273,2.0817
8274,2.0842
8275,1.8732
8276,1.1692
8277,0.72454
8278,0.52053
8279,0.43889
8280,0.43045
8281,0.81159
8282,1.5588
8283,1.8098
8284,1.7158
8285,1.5972
8286,1.797
8287,1.5152
8288,0.95656
8289,0.73508
8290,0.71799
8291,0.71135
8292,0.68238
8293,1.2237
8294,1.7773
8295,1.9923
8296,2.0746
8297,2.078
8298,1.949
8299,1.2492
8300,0.76918
8301,0.53962
8302,0.44614
8303,0.42205
8304,0.72616
8305,1.4811
8306,1.8071
8307,1.7339
8308,1.6076
8309,1.7538
8310,1.601
8311,1.0087
8312,0.74912
8313,0.73069
8314,0.73309
8315,0.66248
8316,1.1319
8317,1.7296
8318,1.9844
8319,2.0748
8320,2.0814
8321,2.0108
8322,1.3346
8323,0.81047
8324,0.55226
8325,0.44766
8326,0.41545
8327,0.65012
8328,1.3942
8329,1.791
8330,1.7366
8331,1.607
8332,1.6998
8333,1.6783
8334,1.0675
8335,0.77112
8336,0.73773
8337,0.75699
8338,0.65837
8339,1.0453
8340,1.6751
8341,1.9609
8342,2.0659
8343,2.0848
8344,2.0544
8345,1.4235
8346,0.86069
8347,0.58067
8348,0.45926
8349,0.41522
8350,0.58754
8351,1.2991
8352,1.7795
8353,1.7655
8354,1.628
8355,1.661
8356,1.7482
8357,1.1308
8358,0.78378
8359,0.71239
8360,0.75131
8361,0.65155
8362,0.9583
8363,1.6154
8364,1.9355
8365,2.0546
8366,2.0826
8367,2.0794
8368,1.5164
8369,0.91446
8370,0.60721
8371,0.47102
8372,0.41983
8373,0.53675
8374,1.1991
8375,1.7547
8376,1.7845
8377,1.6511
8378,1.6335
8379,1.8028
8380,1.2012
8381,0.80927
8382,0.7181
8383,0.75446
8384,0.65647
8385,0.87993
8386,1.5472
8387,1.9116
8388,2.0464
8389,2.087
8390,2.0917
8391,1.6126
8392,0.97302
8393,0.63454
8394,0.48202
8395,0.4205
8396,0.49429
8397,1.0941
8398,1.718
8399,1.7979
8400,1.6633
8401,1.6051
8402,1.8329
8403,1.2771
8404,0.83865
8405,0.71904
8406,0.75895
8407,0.67347
8408,0.81467
8409,1.4726
8410,1.8847
8411,2.0373
8412,2.0887
8413,2.0943
8414,1.7072
8415,1.0358
8416,0.66101
8417,0.49306
8418,0.427
8419,0.46423
8420,0.99209
8421,1.6724
8422,1.8028
8423,1.6817
8424,1.595
8425,1.8409
8426,1.3569
8427,0.87525
8428,0.72268
8429,0.75376
8430,0.6886
8431,0.75879
8432,1.3907
8433,1.8508
8434,2.0242
8435,2.0841
8436,2.0896
8437,1.7988
8438,1.1047
8439,0.6956
8440,0.50664
8441,0.43287
8442,0.44276
8443,0.89285
8444,1.6164
8445,1.808
8446,1.6992
8447,1.5924
8448,1.8252
8449,1.4409
8450,0.91622
8451,0.73187
8452,0.74881
8453,0.70655
8454,0.71477
8455,1.3036
8456,1.8146
8457,2.0104
8458,2.0828
8459,2.0827
8460,1.8831
8461,1.1789
8462,0.73364
8463,0.52437
8464,0.43993
8465,0.42918
8466,0.80058
8467,1.5493
8468,1.8108
8469,1.719
8470,1.5988
8471,1.7923
8472,1.5265
8473,0.96244
8474,0.73386
8475,0.73614
8476,0.72026
8477,0.68129
8478,1.2127
8479,1.7717
8480,1.9962
8481,2.0766
8482,2.0805
8483,1.9577
8484,1.2595
8485,0.77303
8486,0.54175
8487,0.44621
8488,0.42064
8489,0.71602
8490,1.4711
8491,1.8081
8492,1.7365
8493,1.6073
8494,1.7467
8495,1.6107
8496,1.0149
8497,0.74966
8498,0.73195
8499,0.73664
8500,0.66165
8501,1.1216
8502,1.724
8503,1.9763
8504,2.0704
8505,2.0812
8506,2.0169
8507,1.3446
8508,0.81799
8509,0.55998
8510,0.45217
8511,0.41653
8512,0.64269
8513,1.3832
8514,1.7938
8515,1.7492
8516,1.617
8517,1.6989
8518,1.6884
8519,1.0743
8520,0.76852
8521,0.73043
8522,0.75121
8523,0.65392
8524,1.033
8525,1.669
8526,1.9571
8527,2.0645
8528,2.0842
8529,2.0587
8530,1.4346
8531,0.8667
8532,0.58178
8533,0.45967
8534,0.41595
8535,0.58064
8536,1.2873
8537,1.7763
8538,1.7647
8539,1.63
8540,1.6569
8541,1.7555
8542,1.1389
8543,0.78717
8544,0.71375
8545,0.74287
8546,0.65307
8547,0.94877
8548,1.6073
8549,1.9346
8550,2.0538
8551,2.0861
8552,2.0837
8553,1.5287
8554,0.92164
8555,0.60576
8556,0.46981
8557,0.41774
8558,0.52964
8559,1.1855
8560,1.7477
8561,1.7777
8562,1.6448
8563,1.6237
8564,1.8059
8565,1.2102
8566,0.81689
8567,0.72756
8568,0.76419
8569,0.66369
8570,0.874
8571,1.5378
8572,1.9097
8573,2.048
8574,2.086
8575,2.0918
8576,1.623
8577,0.97994
8578,0.63516
8579,0.48174
8580,0.42316
8581,0.49152
8582,1.0829
8583,1.7132
8584,1.7943
8585,1.6663
8586,1.6065
8587,1.8362
8588,1.286
8589,0.84383
8590,0.71462
8591,0.74681
8592,0.66942
8593,0.80544
8594,1.4621
8595,1.8834
8596,2.0368
8597,2.0853
8598,2.0889
8599,1.718
8600,1.0436
8601,0.65985
8602,0.4891
8603,0.42771
8604,0.46206
8605,0.98016
8606,1.6658
8607,1.7947
8608,1.6765
8609,1.593
8610,1.8401
8611,1.3665
8612,0.8827
8613,0.72971
8614,0.75806
8615,0.69267
8616,0.75385
8617,1.3797
8618,1.8463
8619,2.0238
8620,2.084
8621,2.089
8622,1.8094
8623,1.1141
8624,0.70034
8625,0.51008
8626,0.43314
8627,0.44056
8628,0.88038
8629,1.6083
8630,1.8109
8631,1.7029
8632,1.5923
8633,1.8218
8634,1.452
8635,0.92142
8636,0.72915
8637,0.74613
8638,0.7081
8639,0.70964
8640,1.2921
8641,1.809
8642,2.009
8643,2.0825
8644,2.0861
8645,1.8949
8646,1.1894
8647,0.73772
8648,0.52623
8649,0.43771
8650,0.42559
8651,0.78772
8652,1.5393
8653,1.8131
8654,1.7206
8655,1.5938
8656,1.7826
8657,1.5369
8658,0.96844
8659,0.73838
8660,0.73997
8661,0.72796
8662,0.68109
8663,1.2022
8664,1.7667
8665,1.9927
8666,2.0768
8667,2.0792
8668,1.9649
8669,1.2688
8670,0.77475
8671,0.53859
8672,0.44546
8673,0.41963
8674,0.7072
8675,1.4614
8676,1.7995
8677,1.7295
8678,1.6038
8679,1.7394
8680,1.6196
8681,1.0231
8682,0.75786
8683,0.73764
8684,0.74275
8685,0.66231
8686,1.1113
8687,1.7165
8688,1.9852
8689,2.0776
8690,2.0817
8691,2.0223
8692,1.3557
8693,0.8205
8694,0.55418
8695,0.44828
8696,0.4145
8697,0.63383
8698,1.3726
8699,1.7876
8700,1.7383
8701,1.6079
8702,1.6879
8703,1.6952
8704,1.0819
8705,0.77601
8706,0.73213
8707,0.7589
8708,0.65772
8709,1.0251
8710,1.6614
8711,1.9566
8712,2.0642
8713,2.0876
8714,2.063
8715,1.4453
8716,0.8726
8717,0.58438
8718,0.46059
8719,0.41535
8720,0.57407
8721,1.2757
8722,1.7727
8723,1.7668
8724,1.6306
8725,1.6515
8726,1.7621
8727,1.1471
8728,0.79081
8729,0.72412
8730,0.76011
8731,0.65565
8732,0.94042
8733,1.5999
8734,1.9318
8735,2.0546
8736,2.0827
8737,2.0833
8738,1.5384
8739,0.92763
8740,0.61209
8741,0.47237
8742,0.42029
8743,0.52629
8744,1.1751
8745,1.7468
8746,1.7852
8747,1.6533
8748,1.6266
8749,1.812
8750,1.2184
8751,0.81695
8752,0.72238
8753,0.7575
8754,0.66027
8755,0.86396
8756,1.5304
8757,1.9057
8758,2.045
8759,2.0845
8760,2.0921
8761,1.6342
8762,0.98709
8763,0.6386
8764,0.48363
8765,0.41941
8766,0.48587
8767,1.0705
8768,1.7083
8769,1.7957
8770,1.6629
8771,1.5976
8772,1.835
8773,1.2944
8774,0.84759
8775,0.72082
8776,0.76187
8777,0.6799
8778,0.80284
8779,1.4549
8780,1.8809
8781,2.0382
8782,2.0889
8783,2.0935
8784,1.7274
8785,1.0501
8786,0.66735
8787,0.49469
8788,0.4281
8789,0.45895
8790,0.97
8791,1.6613
8792,1.8036
8793,1.6841
8794,1.5932
8795,1.8393
8796,1.3747
8797,0.88384
8798,0.72577
8799,0.75389
8800,0.69305
8801,0.74853
8802,1.3725
8803,1.8457
8804,2.0224
8805,2.0866
8806,2.0868
8807,1.817
8808,1.1197
8809,0.70217
8810,0.50791
8811,0.43406
8812,0.43947
8813,0.87294
8814,1.6035
8815,1.8083
8816,1.7009
8817,1.5922
8818,1.8192
8819,1.4586
8820,0.92592
8821,0.73226
8822,0.74658
8823,0.71006
8824,0.70715
8825,1.285
8826,1.8056
8827,2.0073
8828,2.0809
8829,2.0818
8830,1.8993
8831,1.1951
8832,0.74042
8833,0.5271
8834,0.44063
8835,0.42689
8836,0.78238
8837,1.5339
8838,1.8106
8839,1.7215
8840,1.5994
8841,1.7832
8842,1.5442
8843,0.97273
8844,0.73959
8845,0.73736
8846,0.72499
8847,0.67673
8848,1.1941
8849,1.7627
8850,1.9905
8851,2.0765
8852,2.0822
8853,1.9717
8854,1.2766
8855,0.78123
8856,0.54399
8857,0.4433
8858,0.41762
8859,0.69923
8860,1.4531
8861,1.8047
8862,1.7354
8863,1.6025
8864,1.7326
8865,1.6264
8866,1.0269
8867,0.75472
8868,0.73465
8869,0.74502
8870,0.66226
8871,1.1043
8872,1.7136
8873,1.9728
8874,2.0694
8875,2.083
8876,2.0268
8877,1.3621
8878,0.82742
8879,0.56604
8880,0.45376
8881,0.41562
8882,0.62922
8883,1.3646
8884,1.7923
8885,1.756
8886,1.6195
8887,1.6894
8888,1.7028
8889,1.0864
8890,0.76921
8891,0.72051
8892,0.75014
8893,0.65239
8894,1.0157
8895,1.6579
8896,1.9577
8897,2.0655
8898,2.0821
8899,2.0638
8900,1.4523
8901,0.87558
8902,0.58744
8903,0.46253
8904,0.41724
8905,0.57053
8906,1.269
8907,1.7718
8908,1.7698
8909,1.6359
8910,1.6526
8911,1.7672
8912,1.1519
8913,0.79325
8914,0.71935
8915,0.75557
8916,0.65312
8917,0.93326
8918,1.5947
8919,1.9313
8920,2.0547
8921,2.0825
8922,2.0837
8923,1.5459
8924,0.93186
8925,0.61387
8926,0.47301
8927,0.42082
8928,0.52298
8929,1.167
8930,1.7441
8931,1.7857
8932,1.6547
8933,1.625
8934,1.8151
8935,1.2243
8936,0.81894
8937,0.71542
8938,0.75474
8939,0.66002
8940,0.85794
8941,1.5243
8942,1.9024
8943,2.043
8944,2.0828
8945,2.0907
8946,1.6415
8947,0.99208
8948,0.63821
8949,0.48219
8950,0.42433
8951,0.48519
8952,1.063
8953,1.7042
8954,1.7919
8955,1.6667
8956,1.6031
8957,1.8389
8958,1.3016
8959,0.85234
8960,0.72613
8961,0.75858
8962,0.67707
8963,0.7956
8964,1.4463
8965,1.8776
8966,2.0355
8967,2.0865
8968,2.0906
8969,1.7364
8970,1.0569
8971,0.66781
8972,0.49557
8973,0.42935
8974,0.45721
8975,0.96017
8976,1.6556
8977,1.8028
8978,1.6856
8979,1.5941
8980,1.8389
8981,1.3833
8982,0.88831
8983,0.72809
8984,0.75281
8985,0.69385
8986,0.74328
8987,1.3632
8988,1.8395
8989,2.0204
8990,2.0843
8991,2.0877
8992,1.827
8993,1.1282
8994,0.7061
8995,0.50885
8996,0.43178
8997,0.4363
8998,0.86157
8999,1.5958
9000,1.8057
9001,1.6973
9002,1.5864
9003,1.8126
9004,1.4675
9005,0.9313
9006,0.73403
9007,0.7444
9008,0.71463
9009,0.70501
9010,1.2757
9011,1.8015
9012,2.0047
9013,2.0803
9014,2.0855
9015,1.9083
9016,1.2038
9017,0.74543
9018,0.52978
9019,0.441
9020,0.42508
9021,0.7725
9022,1.5255
9023,1.8109
9024,1.724
9025,1.5989
9026,1.7772
9027,1.5532
9028,0.9784
9029,0.73815
9030,0.73489
9031,0.72709
9032,0.67469
9033,1.1844
9034,1.7575
9035,1.9917
9036,2.0778
9037,2.0784
9038,1.9772
9039,1.285
9040,0.78414
9041,0.54118
9042,0.44509
9043,0.41819
9044,0.69222
9045,1.4453
9046,1.7981
9047,1.73
9048,1.6032
9049,1.729
9050,1.6343
9051,1.0338
9052,0.75995
9053,0.73842
9054,0.74738
9055,0.66129
9056,1.0952
9057,1.7069
9058,1.972
9059,2.0695
9060,2.083
9061,2.0313
9062,1.372
9063,0.83207
9064,0.56896
9065,0.45599
9066,0.41637
9067,0.62259
9068,1.3543
9069,1.7943
9070,1.7625
9071,1.6252
9072,1.6874
9073,1.7117
9074,1.0935
9075,0.77012
9076,0.71936
9077,0.74839
9078,0.65032
9079,1.0048
9080,1.6515
9081,1.9508
9082,2.0624
9083,2.0789
9084,2.0659
9085,1.4626
9086,0.88231
9087,0.58332
9088,0.46105
9089,0.41729
9090,0.56463
9091,1.2578
9092,1.7667
9093,1.7629
9094,1.6329
9095,1.6466
9096,1.7727
9097,1.1599
9098,0.7977
9099,0.71058
9100,0.74372
9101,0.64993
9102,0.92355
9103,1.5856
9104,1.9306
9105,2.053
9106,2.0796
9107,2.0832
9108,1.5571
9109,0.93806
9110,0.60971
9111,0.47051
9112,0.42093
9113,0.51825
9114,1.1548
9115,1.7376
9116,1.7776
9117,1.6504
9118,1.6199
9119,1.8186
9120,1.233
9121,0.8251
9122,0.7142
9123,0.74784
9124,0.65966
9125,0.84974
9126,1.5139
9127,1.899
9128,2.0401
9129,2.0814
9130,2.0886
9131,1.653
9132,1.0001
9133,0.64669
9134,0.48693
9135,0.42697
9136,0.48253
9137,1.0504
9138,1.6997
9139,1.8012
9140,1.6765
9141,1.6074
9142,1.8429
9143,1.3123
9144,0.85428
9145,0.71656
9146,0.74987
9147,0.6735
9148,0.78532
9149,1.4362
9150,1.8687
9151,2.0301
9152,2.0838
9153,2.0896
9154,1.749
9155,1.0665
9156,0.6766
9157,0.49844
9158,0.43083
9159,0.45432
9160,0.94696
9161,1.6486
9162,1.8055
9163,1.6903
9164,1.5951
9165,1.8377
9166,1.3949
9167,0.89344
9168,0.72447
9169,0.7474
9170,0.69388
9171,0.73599
9172,1.3513
9173,1.8345
9174,2.0172
9175,2.0844
9176,2.087
9177,1.8391
9178,1.1383
9179,0.71204
9180,0.51457
9181,0.43514
9182,0.43515
9183,0.84904
9184,1.5866
9185,1.811
9186,1.7068
9187,1.5927
9188,1.8108
9189,1.4802
9190,0.93647
9191,0.73181
9192,0.73917
9193,0.71274
9194,0.69801
9195,1.2626
9196,1.7955
9197,2.0021
9198,2.0808
9199,2.0857
9200,1.9202
9201,1.2154
9202,0.75134
9203,0.53164
9204,0.44013
9205,0.42284
9206,0.75935
9207,1.514
9208,1.8096
9209,1.7242
9210,1.5968
9211,1.7684
9212,1.5651
9213,0.98605
9214,0.74033
9215,0.73563
9216,0.73209
9217,0.67315
9218,1.1718
9219,1.7508
9220,1.9937
9221,2.0792
9222,2.0805
9223,1.9863
9224,1.2973
9225,0.78993
9226,0.54775
9227,0.44683
9228,0.41746
9229,0.68131
9230,1.4333
9231,1.8006
9232,1.7391
9233,1.6076
9234,1.7229
9235,1.6458
9236,1.0409
9237,0.7608
9238,0.73573
9239,0.74736
9240,0.65894
9241,1.0826
9242,1.7003
9243,1.9714
9244,2.0692
9245,2.0857
9246,2.0385
9247,1.3842
9248,0.83791
9249,0.57049
9250,0.45564
9251,0.41519
9252,0.61332
9253,1.3417
9254,1.7875
9255,1.7585
9256,1.6222
9257,1.6784
9258,1.7195
9259,1.1019
9260,0.77536
9261,0.72137
9262,0.75324
9263,0.65269
9264,0.99541
9265,1.643
9266,1.9518
9267,2.0634
9268,2.0823
9269,2.07
9270,1.4748
9271,0.88894
9272,0.58594
9273,0.46127
9274,0.41678
9275,0.55766
9276,1.2445
9277,1.7627
9278,1.7629
9279,1.6326
9280,1.6405
9281,1.7792
9282,1.169
9283,0.80223
9284,0.71363
9285,0.74996
9286,0.65347
9287,0.9147
9288,1.5769
9289,1.9232
9290,2.0498
9291,2.0817
9292,2.086
9293,1.5695
9294,0.94669
9295,0.62141
9296,0.47595
9297,0.42174
9298,0.51297
9299,1.141
9300,1.7352
9301,1.7899
9302,1.6589
9303,1.6193
9304,1.8239
9305,1.2435
9306,0.82589
9307,0.71877
9308,0.75549
9309,0.66328
9310,0.84063
9311,1.5052
9312,1.896
9313,2.0407
9314,2.0854
9315,2.0906
9316,1.6657
9317,1.0081
9318,0.64809
9319,0.4853
9320,0.42557
9321,0.47734
9322,1.0368
9323,1.6936
9324,1.7973
9325,1.6724
9326,1.6004
9327,1.8415
9328,1.3218
9329,0.85994
9330,0.71692
9331,0.75384
9332,0.67962
9333,0.78056
9334,1.4262
9335,1.865
9336,2.0288
9337,2.0851
9338,2.0881
9339,1.7592
9340,1.0744
9341,0.68198
9342,0.50115
9343,0.43209
9344,0.45243
9345,0.93556
9346,1.6421
9347,1.828
9348,1.7045
9349,1.6005
9350,1.8383
9351,1.4055
9352,0.89296
9353,0.71608
9354,0.73978
9355,0.69096
9356,0.7281
9357,1.3413
9358,1.8304
9359,2.0138
9360,2.0826
9361,2.08
9362,1.8479
9363,1.1457
9364,0.7172
9365,0.51747
9366,0.43892
9367,0.43563
9368,0.84036
9369,1.5801
9370,1.8137
9371,1.7146
9372,1.6005
9373,1.8112
9374,1.4899
9375,0.94114
9376,0.72922
9377,0.72295
9378,0.70489
9379,0.69011
9380,1.2508
9381,1.7904
9382,1.9983
9383,2.076
9384,2.0732
9385,1.9261
9386,1.224
9387,0.75211
9388,0.52938
9389,0.44389
9390,0.42511
9391,0.75192
9392,1.5063
9393,1.8052
9394,1.7245
9395,1.6042
9396,1.769
9397,1.5752
9398,0.99336
9399,0.74868
9400,0.73733
9401,0.72988
9402,0.66824
9403,1.1596
9404,1.7441
9405,1.9847
9406,2.0736
9407,2.0798
9408,1.9939
9409,1.3088
9410,0.79808
9411,0.54982
9412,0.44774
9413,0.41717
9414,0.67159
9415,1.4206
9416,1.7976
9417,1.7384
9418,1.6085
9419,1.7165
9420,1.6567
9421,1.0493
9422,0.76431
9423,0.73622
9424,0.74966
9425,0.65791
9426,1.0701
9427,1.6922
9428,1.9664
9429,2.0684
9430,2.084
9431,2.0434
9432,1.3968
9433,0.84578
9434,0.56922
9435,0.45311
9436,0.41346
9437,0.6042
9438,1.3276
9439,1.782
9440,1.7509
9441,1.6151
9442,1.6678
9443,1.7276
9444,1.1112
9445,0.78351
9446,0.73338
9447,0.76409
9448,0.65794
9449,0.98592
9450,1.6339
9451,1.9456
9452,2.0603
9453,2.0872
9454,2.0752
9455,1.4878
9456,0.89734
9457,0.59795
9458,0.46617
9459,0.41661
9460,0.55034
9461,1.2297
9462,1.763
9463,1.7773
9464,1.6406
9465,1.6375
9466,1.787
9467,1.1789
9468,0.80233
9469,0.72315
9470,0.76019
9471,0.65778
9472,0.90469
9473,1.5694
9474,1.9206
9475,2.0506
9476,2.088
9477,2.091
9478,1.5825
9479,0.95402
9480,0.6252
9481,0.47787
9482,0.41836
9483,0.50558
9484,1.1269
9485,1.7305
9486,1.7927
9487,1.6558
9488,1.6093
9489,1.8247
9490,1.2524
9491,0.829
9492,0.71941
9493,0.76126
9494,0.67026
9495,0.83553
9496,1.4974
9497,1.8947
9498,2.0415
9499,2.086
9500,2.0922
9501,1.6759
9502,1.0145
9503,0.65235
9504,0.48864
9505,0.42641
9506,0.47415
9507,1.0259
9508,1.6887
9509,1.8009
9510,1.677
9511,1.6004
9512,1.8425
9513,1.3306
9514,0.8634
9515,0.72339
9516,0.75422
9517,0.68134
9518,0.77454
9519,1.4178
9520,1.862
9521,2.0283
9522,2.0859
9523,2.0909
9524,1.7698
9525,1.0819
9526,0.68516
9527,0.50343
9528,0.43105
9529,0.44891
9530,0.9243
9531,1.6357
9532,1.8072
9533,1.6939
9534,1.5928
9535,1.8328
9536,1.4136
9537,0.90235
9538,0.72081
9539,0.7458
9540,0.69876
9541,0.72683
9542,1.332
9543,1.8282
9544,2.0177
9545,2.085
9546,2.0839
9547,1.8569
9548,1.1543
9549,0.71532
9550,0.51172
9551,0.43528
9552,0.43216
9553,0.8291
9554,1.5724
9555,1.8029
9556,1.7022
9557,1.5899
9558,1.8016
9559,1.4977
9560,0.94888
9561,0.7393
9562,0.7493
9563,0.72226
9564,0.6941
9565,1.2432
9566,1.7858
9567,2.0009
9568,2.0786
9569,2.0833
9570,1.9348
9571,1.233
9572,0.75983
9573,0.53583
9574,0.4429
9575,0.42174
9576,0.74197
9577,1.4972
9578,1.8232
9579,1.7443
9580,1.6062
9581,1.7622
9582,1.5843
9583,0.99539
9584,0.73606
9585,0.7261
9586,0.7288
9587,0.66549
9588,1.1504
9589,1.7418
9590,1.981
9591,2.0742
9592,2.0764
9593,1.9985
9594,1.3149
9595,0.80303
9596,0.55529
9597,0.45092
9598,0.41803
9599,0.66642
9600,1.4141
9601,1.7998
9602,1.7463
9603,1.6147
9604,1.7158
9605,1.6631
9606,1.0533
9607,0.75929
9608,0.72598
9609,0.74405
9610,0.65418
9611,1.0622
9612,1.6884
9613,1.9625
9614,2.0663
9615,2.0777
9616,2.0448
9617,1.4033
9618,0.8508
9619,0.57605
9620,0.4574
9621,0.4166
9622,0.60106
9623,1.3209
9624,1.7841
9625,1.7626
9626,1.6275
9627,1.6726
9628,1.7348
9629,1.1163
9630,0.78107
9631,0.72571
9632,0.75461
9633,0.65189
9634,0.97643
9635,1.6293
9636,1.9427
9637,2.0588
9638,2.0857
9639,2.0767
9640,1.4962
9641,0.90266
9642,0.60025
9643,0.46717
9644,0.4173
9645,0.54601
9646,1.2208
9647,1.7598
9648,1.7769
9649,1.6422
9650,1.6351
9651,1.7915
9652,1.1852
9653,0.80395
9654,0.71755
9655,0.75778
9656,0.65738
9657,0.89761
9658,1.5628
9659,1.9175
9660,2.0487
9661,2.0877
9662,2.0911
9663,1.5912
9664,0.95974
9665,0.62536
9666,0.47684
9667,0.42126
9668,0.50309
9669,1.1176
9670,1.7265
9671,1.7891
9672,1.659
9673,1.611
9674,1.8285
9675,1.2598
9676,0.8331
9677,0.71402
9678,0.7519
9679,0.66667
9680,0.82717
9681,1.4887
9682,1.8894
9683,2.037
9684,2.0849
9685,2.0908
9686,1.686
9687,1.0218
9688,0.65753
9689,0.49124
9690,0.42816
9691,0.47172
9692,1.0149
9693,1.6837
9694,1.8031
9695,1.6823
9696,1.6022
9697,1.8439
9698,1.3399
9699,0.86645
9700,0.72109
9701,0.7505
9702,0.68067
9703,0.7674
9704,1.4081
9705,1.8579
9706,2.0266
9707,2.0842
9708,2.0886
9709,1.7801
9710,1.09
9711,0.68761
9712,0.50205
9713,0.43152
9714,0.44677
9715,0.91305
9716,1.629
9717,1.8058
9718,1.6931
9719,1.5916
9720,1.8301
9721,1.4234
9722,0.90812
9723,0.72877
9724,0.74866
9725,0.7025
9726,0.72279
9727,1.3217
9728,1.8218
9729,2.0131
9730,2.0822
9731,2.0824
9732,1.8659
9733,1.1631
9734,0.72487
9735,0.52067
9736,0.43891
9737,0.43196
9738,0.81932
9739,1.5641
9740,1.8122
9741,1.716
9742,1.5985
9743,1.8013
9744,1.5092
9745,0.95198
9746,0.73599
9747,0.73968
9748,0.717
9749,0.68671
9750,1.2317
9751,1.7813
9752,1.9975
9753,2.0784
9754,2.0823
9755,1.944
9756,1.2424
9757,0.76462
9758,0.53819
9759,0.4439
9760,0.42127
9761,0.73226
9762,1.4876
9763,1.8092
9764,1.7319
9765,1.6033
9766,1.755
9767,1.5935
9768,1.0036
9769,0.74773
9770,0.73485
9771,0.73559
9772,0.66591
9773,1.1407
9774,1.7346
9775,1.9804
9776,2.0727
9777,2.0817
9778,2.0063
9779,1.3263
9780,0.80753
9781,0.55637
9782,0.45086
9783,0.41679
9784,0.65709
9785,1.4024
9786,1.7968
9787,1.7457
9788,1.6139
9789,1.7081
9790,1.6728
9791,1.0615
9792,0.762
9793,0.72987
9794,0.74871
9795,0.65495
9796,1.0514
9797,1.681
9798,1.9607
9799,2.0655
9800,2.0788
9801,2.0497
9802,1.4151
9803,0.85686
9804,0.57919
9805,0.45918
9806,0.41695
9807,0.59351
9808,1.3084
9809,1.7851
9810,1.7875
9811,1.6403
9812,1.6715
9813,1.7447
9814,1.1252
9815,0.77172
9816,0.70602
9817,0.7434
9818,0.64633
9819,0.96282
9820,1.6228
9821,1.9398
9822,2.0556
9823,2.0776
9824,2.076
9825,1.5075
9826,0.90859
9827,0.60322
9828,0.46828
9829,0.41866
9830,0.54069
9831,1.2091
9832,1.7569
9833,1.7987
9834,1.6528
9835,1.6364
9836,1.7985
9837,1.1942
9838,0.79917
9839,0.7087
9840,0.75036
9841,0.65409
9842,0.8866
9843,1.5559
9844,1.9274
9845,2.056
9846,2.0849
9847,2.0915
9848,1.6029
9849,0.96413
9850,0.62266
9851,0.47698
9852,0.41986
9853,0.49768
9854,1.1061
9855,1.7206
9856,1.7877
9857,1.6555
9858,1.6042
9859,1.8293
9860,1.2675
9861,0.83808
9862,0.71638
9863,0.75994
9864,0.6732
9865,0.82313
9866,1.4812
9867,1.8866
9868,2.0376
9869,2.0855
9870,2.0923
9871,1.6949
9872,1.0283
9873,0.65784
9874,0.4896
9875,0.42664
9876,0.46821
9877,1.0047
9878,1.6787
9879,1.7998
9880,1.6772
9881,1.5963
9882,1.8418
9883,1.3472
9884,0.87142
9885,0.72282
9886,0.75501
9887,0.68628
9888,0.76459
9889,1.4006
9890,1.8548
9891,2.026
9892,2.0844
9893,2.0899
9894,1.7881
9895,1.0964
9896,0.69029
9897,0.50236
9898,0.43069
9899,0.44443
9900,0.90409
9901,1.6234
9902,1.8045
9903,1.6913
9904,1.5885
9905,1.8265
9906,1.4305
9907,0.91214
9908,0.72994
9909,0.74756
9910,0.70541
9911,0.72021
9912,1.3143
9913,1.8202
9914,2.0153
9915,2.0842
9916,2.0848
9917,1.8735
9918,1.1698
9919,0.72666
9920,0.52042
9921,0.43709
9922,0.42949
9923,0.81072
9924,1.5582
9925,1.8108
9926,1.7142
9927,1.5937
9928,1.7948
9929,1.5155
9930,0.95634
9931,0.73808
9932,0.74331
9933,0.72289
9934,0.68689
9935,1.2252
9936,1.778
9937,1.9969
9938,2.0787
9939,2.0841
9940,1.9494
9941,1.2486
9942,0.76728
9943,0.53887
9944,0.44358
9945,0.42019
9946,0.72592
9947,1.4814
9948,1.8092
9949,1.7323
9950,1.6022
9951,1.7505
9952,1.5995
9953,1.0078
9954,0.7475
9955,0.73496
9956,0.73793
9957,0.66544
9958,1.1342
9959,1.7309
9960,1.9791
9961,2.0718
9962,2.0787
9963,1.8433
9964,1.2822
9965,0.79361
9966,0.55194
9967,0.4481
9968,0.45566
9969,0.73409
9970,1.4565
9971,1.8116
9972,1.7462
9973,1.6429
9974,1.8105
9975,1.6446
9976,1.0304
9977,0.74918
9978,0.72017
9979,0.68863
9980,0.6213
9981,1.0799
9982,1.7044
9983,1.9673
9984,2.0597
9985,2.0462
9986,2.0227
9987,1.3754
9988,0.83553
9989,0.5699
9990,0.4641
9991,0.4282
9992,0.6254
9993,1.3523
9994,1.7904
9995,1.7657
9996,1.6501
9997,1.7084
9998,1.7205
9999,1.0978
10000,0.77068
10001,0.71131
10002,0.72708
10003,0.6354
10004,0.99321
10005,1.6446
10006,1.9455
10007,2.0564
10008,2.066
10009,2.0622
10010,1.4711
10011,0.88922
10012,0.59582
10013,0.46949
10014,0.42404
10015,0.56295
10016,1.2487
10017,1.7684
10018,1.7789
10019,1.6543
10020,1.6593
10021,1.7833
10022,1.1678
10023,0.79616
10024,0.71381
10025,0.74302
10026,0.64477
10027,0.91133
10028,1.5786
10029,1.9283
10030,2.0536
10031,2.0794
10032,2.0835
10033,1.5686
10034,0.9449
10035,0.61901
10036,0.4766
10037,0.42311
10038,0.51387
10039,1.143
10040,1.7356
10041,1.7886
10042,1.6604
10043,1.6221
10044,1.8242
10045,1.242
10046,0.82618
10047,0.71564
10048,0.75271
10049,0.66118
10050,0.84129
10051,1.5062
10052,1.8974
10053,2.0411
10054,2.0822
10055,2.0894
10056,1.6641
10057,1.007
10058,0.64805
10059,0.48697
10060,0.42714
10061,0.47862
10062,1.0387
10063,1.6945
10064,1.798
10065,1.6763
10066,1.6044
10067,1.843
10068,1.3209
10069,0.85924
10070,0.72283
10071,0.75294
10072,0.67738
10073,0.78019
10074,1.4269
10075,1.8656
10076,2.0299
10077,2.0848
10078,2.0897
10079,1.759
10080,1.0741
10081,0.67926
10082,0.49788
10083,0.42988
10084,0.45136
10085,0.9356
10086,1.6422
10087,1.8022
10088,1.6866
10089,1.5908
10090,1.8343
10091,1.4038
10092,0.89881
10093,0.72606
10094,0.75249
10095,0.69971
10096,0.73296
10097,1.3419
10098,1.831
10099,2.0165
10100,2.0842
10101,2.0846
10102,1.847
10103,1.146
10104,0.71633
10105,0.51626
10106,0.43719
10107,0.43468
10108,0.83994
10109,1.5798
10110,1.8132
10111,1.7115
10112,1.5963
10113,1.8091
10114,1.4897
10115,0.94072
10116,0.73208
10117,0.73225
10118,0.71032
10119,0.69257
10120,1.2519
10121,1.7908
10122,2.0008
10123,2.0803
10124,2.0777
10125,1.9266
10126,1.2238
10127,0.75196
10128,0.53223
10129,0.44377
10130,0.42432
10131,0.75183
10132,1.5066
10133,1.808
10134,1.7277
10135,1.6041
10136,1.7682
10137,1.5746
10138,0.99184
10139,0.74513
10140,0.73186
10141,0.72838
10142,0.66805
10143,1.1606
10144,1.7453
10145,1.9834
10146,2.0734
10147,2.082
10148,1.9942
10149,1.3079
10150,0.79699
10151,0.5533
10152,0.44973
10153,0.41744
10154,0.67227
10155,1.4215
10156,1.8009
10157,1.7462
10158,1.6128
10159,1.7186
10160,1.6566
10161,1.0485
10162,0.75956
10163,0.72965
10164,0.74514
10165,0.65581
10166,1.0699
10167,1.6932
10168,1.9655
10169,2.0671
10170,2.0829
10171,2.0431
10172,1.3961
10173,0.84554
10174,0.57222
10175,0.4562
10176,0.41572
10177,0.6054
10178,1.3287
10179,1.7851
10180,1.7577
10181,1.6237
10182,1.6734
10183,1.7288
10184,1.1109
10185,0.77909
10186,0.72641
10187,0.7562
10188,0.65327
10189,0.9842
10190,1.6345
10191,1.9444
10192,2.0597
10193,2.0864
10194,2.0748
10195,1.4879
10196,0.89742
10197,0.5971
10198,0.46593
10199,0.41717
10200,0.5504
10201,1.2297
10202,1.762
10203,1.7762
10204,1.6407
10205,1.6379
10206,1.7872
10207,1.1789
10208,0.8012
10209,0.71247
10210,0.75352
10211,0.65511
10212,0.90372
10213,1.5688
10214,1.9194
10215,2.0488
10216,2.0828
10217,2.0877
10218,1.5823
10219,0.95426
10220,0.61817
10221,0.4751
10222,0.42166
10223,0.50725
10224,1.1272
10225,1.7282
10226,1.7854
10227,1.6571
10228,1.6142
10229,1.8268
10230,1.2534
10231,0.833
10232,0.72445
10233,0.75941
10234,0.66745
10235,0.83337
10236,1.4947
10237,1.8924
10238,2.0403
10239,2.0861
10240,2.0932
10241,1.6788
10242,1.017
10243,0.65233
10244,0.48809
10245,0.42582
10246,0.47288
10247,1.0223
10248,1.687
10249,1.799
10250,1.6754
10251,1.5982
10252,1.8418
10253,1.333
10254,0.86475
10255,0.72133
10256,0.75377
10257,0.68254
10258,0.7734
10259,1.415
10260,1.8608
10261,2.0276
10262,2.0843
10263,2.0902
10264,1.7723
10265,1.0842
10266,0.68724
10267,0.50451
10268,0.4318
10269,0.44866
10270,0.92137
10271,1.634
10272,1.8115
10273,1.6979
10274,1.5948
10275,1.8332
10276,1.4166
10277,0.90293
10278,0.7227
10279,0.74246
10280,0.69723
10281,0.72441
10282,1.329
10283,1.8287
10284,2.025
10285,2.0864
10286,2.0829
10287,1.8597
10288,1.1566
10289,0.71434
10290,0.51122
10291,0.43495
10292,0.43138
10293,0.82614
10294,1.5709
10295,1.8021
10296,1.7021
10297,1.5889
10298,1.7997
10299,1.4995
10300,0.94983
10301,0.74135
10302,0.75065
10303,0.72406
10304,0.6941
10305,1.2416
10306,1.7849
10307,2.0009
10308,2.0793
10309,2.0839
10310,1.9363
10311,1.2346
10312,0.76051
10313,0.53553
10314,0.44222
10315,0.42145
10316,0.74018
10317,1.4956
10318,1.8082
10319,1.7288
10320,1.5998
10321,1.7586
10322,1.5852
10323,0.99864
10324,0.74631
10325,0.73102
10326,0.73379
10327,0.66769
10328,1.1496
10329,1.7391
10330,1.9876
10331,2.0765
10332,2.0794
10333,2
10334,1.3178
10335,0.80162
10336,0.54794
10337,0.44584
10338,0.41523
10339,0.66351
10340,1.4117
10341,1.7929
10342,1.7336
10343,1.6026
10344,1.7074
10345,1.6631
10346,1.0558
10347,0.76774
10348,0.73975
10349,0.75654
10350,0.66057
10351,1.0629
10352,1.6863
10353,1.9651
10354,2.0674
10355,2.085
10356,2.0472
10357,1.4054
10358,0.85066
10359,0.57603
10360,0.45722
10361,0.41479
10362,0.59903
10363,1.3184
10364,1.7837
10365,1.7621
10366,1.6242
10367,1.6681
10368,1.7354
10369,1.1175
10370,0.77954
10371,0.71266
10372,0.75084
10373,0.6515
10374,0.97486
10375,1.6281
10376,1.9594
10377,2.0698
10378,2.0848
10379,2.0762
10380,1.4975
10381,0.89944
10382,0.59038
10383,0.4625
10384,0.41646
10385,0.54515
10386,1.2204
10387,1.7561
10388,1.7643
10389,1.6336
10390,1.6307
10391,1.7903
10392,1.1853
10393,0.81003
10394,0.72824
10395,0.76658
10396,0.66217
10397,0.89976
10398,1.5614
10399,1.9233
10400,2.0543
10401,2.0877
10402,2.0908
10403,1.591
10404,0.95913
10405,0.61907
10406,0.47103
10407,0.41911
10408,0.50263
10409,1.1172
10410,1.7242
10411,1.7784
10412,1.6483
10413,1.605
10414,1.8265
10415,1.2595
10416,0.83786
10417,0.73151
10418,0.76908
10419,0.67516
10420,0.83111
10421,1.4886
10422,1.8907
10423,2.0408
10424,2.0887
10425,2.0955
10426,1.6862
10427,1.022
10428,0.65434
10429,0.48834
10430,0.42381
10431,0.46967
10432,1.0138
10433,1.6829
10434,1.7972
10435,1.671
10436,1.5921
10437,1.8396
10438,1.339
10439,0.86846
10440,0.72357
10441,0.75722
10442,0.68762
10443,0.77124
10444,1.4087
10445,1.859
10446,2.0278
10447,2.0862
10448,2.0931
10449,1.78
10450,1.0898
10451,0.68367
10452,0.50196
10453,0.42974
10454,0.44572
10455,0.9129
10456,1.6287
10457,1.8049
10458,1.6911
10459,1.5878
10460,1.8281
10461,1.4226
10462,0.9081
10463,0.73034
10464,0.75157
10465,0.70551
10466,0.72465
10467,1.3227
10468,1.8222
10469,2.0135
10470,2.0842
10471,2.0881
10472,1.8668
10473,1.1631
10474,0.72355
10475,0.51931
10476,0.43574
10477,0.42987
10478,0.81841
10479,1.5639
10480,1.809
10481,1.7095
10482,1.5908
10483,1.7968
10484,1.5078
10485,0.95255
10486,0.73829
10487,0.74601
10488,0.72357
10489,0.69052
10490,1.2334
10491,1.7821
10492,2.0022
10493,2.0822
10494,2.0911
10495,1.9448
10496,1.242
10497,0.7624
10498,0.53385
10499,0.43972
10500,0.41848
10501,0.7316
10502,1.4883
10503,1.8242
10504,1.7462
10505,1.6013
10506,1.7521
10507,1.5922
10508,1.0012
10509,0.73498
10510,0.72851
10511,0.73562
10512,0.66693
10513,1.1424
10514,1.7377
10515,1.9786
10516,2.0731
10517,2.0788
10518,2.0041
10519,1.3228
10520,0.80401
10521,0.55156
10522,0.44979
10523,0.4167
10524,0.65938
10525,1.4058
10526,1.7955
10527,1.7422
10528,1.6113
10529,1.7088
10530,1.6695
10531,1.0596
10532,0.76316
10533,0.7294
10534,0.74919
10535,0.65588
10536,1.0549
10537,1.6825
10538,1.9613
10539,2.0663
10540,2.081
10541,2.0489
10542,1.412
10543,0.85572
10544,0.58011
10545,0.45987
10546,0.41701
10547,0.59554
10548,1.3115
10549,1.7865
10550,1.7946
10551,1.6423
10552,1.6739
10553,1.743
10554,1.123
10555,0.7679
10556,0.70679
10557,0.74246
10558,0.64562
10559,0.96503
10560,1.6251
10561,1.9613
10562,2.0691
10563,2.081
10564,2.0761
10565,1.5047
10566,0.90254
10567,0.59227
10568,0.46432
10569,0.41779
10570,0.54164
10571,1.2136
10572,1.7533
10573,1.767
10574,1.6375
10575,1.6309
10576,1.7941
10577,1.1905
10578,0.81215
10579,0.7274
10580,0.76439
10581,0.66134
10582,0.8941
10583,1.5562
10584,1.9162
10585,2.0498
10586,2.0858
10587,2.0913
10588,1.598
10589,0.96444
10590,0.62392
10591,0.47384
10592,0.41921
10593,0.49981
10594,1.1094
10595,1.7226
10596,1.7841
10597,1.6513
10598,1.6039
10599,1.8284
10600,1.2653
10601,0.83847
10602,0.73043
10603,0.76792
10604,0.67572
10605,0.82601
10606,1.4835
10607,1.8884
10608,2.0397
10609,2.0881
10610,2.0953
10611,1.6929
10612,1.0264
10613,0.65619
10614,0.48968
10615,0.4229
10616,0.46721
10617,1.0066
10618,1.6794
10619,1.7988
10620,1.6711
10621,1.5895
10622,1.8386
10623,1.3443
10624,0.87035
10625,0.72921
10626,0.76306
10627,0.69198
10628,0.76925
10629,1.4042
10630,1.8567
10631,2.0276
10632,2.0862
10633,2.0901
10634,1.7838
10635,1.0932
10636,0.68909
10637,0.50406
10638,0.43069
10639,0.44555
10640,0.90849
10641,1.6261
10642,1.808
10643,1.6941
10644,1.5903
10645,1.8284
10646,1.427
10647,0.90939
10648,0.72618
10649,0.73996
10650,0.70081
10651,0.72028
10652,1.3179
10653,1.8202
10654,2.0106
10655,2.0808
10656,2.0809
10657,1.8695
10658,1.1663
10659,0.72475
10660,0.51721
10661,0.43796
10662,0.43116
10663,0.81524
10664,1.5611
10665,1.8073
10666,1.7103
10667,1.5952
10668,1.798
10669,1.5122
10670,0.9556
10671,0.73694
10672,0.74271
10673,0.72048
10674,0.68707
10675,1.2278
10676,1.779
10677,1.9998
10678,2.0816
10679,2.0799
10680,1.9459
10681,1.246
10682,0.7635
10683,0.53428
10684,0.44324
10685,0.4211
10686,0.72891
10687,1.4847
10688,1.818
10689,1.7441
10690,1.6078
10691,1.755
10692,1.5974
10693,1.0053
10694,0.74004
10695,0.72554
10696,0.7309
10697,0.66272
10698,1.1357
10699,1.7335
10700,1.977
10701,2.0705
10702,2.0747
10703,2.0069
10704,1.3292
10705,0.81054
10706,0.553
10707,0.45154
10708,0.41802
10709,0.65507
10710,1.3992
10711,1.7934
10712,1.7434
10713,1.6156
10714,1.7083
10715,1.6756
10716,1.0643
10717,0.76683
10718,0.72747
10719,0.74689
10720,0.65344
10721,1.0474
10722,1.6779
10723,1.96
10724,2.0651
10725,2.0831
10726,2.0531
10727,1.4203
10728,0.85853
10729,0.58017
10730,0.46008
10731,0.41602
10732,0.58971
10733,1.3028
10734,1.7798
10735,1.7661
10736,1.63
10737,1.6643
10738,1.7464
10739,1.1285
10740,0.78512
10741,0.72441
10742,0.75617
10743,0.6528
10744,0.96154
10745,1.6176
10746,1.9384
10747,2.0571
10748,2.0862
10749,2.0801
10750,1.5133
10751,0.91223
10752,0.60508
10753,0.46984
10754,0.41891
10755,0.5378
10756,1.2023
10757,1.7553
10758,1.7823
10759,1.6486
10760,1.6324
10761,1.8007
10762,1.1986
10763,0.80903
10764,0.71983
10765,0.75677
10766,0.65773
10767,0.88325
10768,1.5498
10769,1.9129
10770,2.0472
10771,2.0877
10772,2.0919
10773,1.609
10774,0.9708
10775,0.63249
10776,0.48027
10777,0.4228
10778,0.49653
10779,1.0984
10780,1.7195
10781,1.7988
10782,1.6671
10783,1.6101
10784,1.8338
10785,1.2748
10786,0.83667
10787,0.71544
10788,0.75353
10789,0.66912
10790,0.81483
10791,1.4751
10792,1.8855
10793,2.0366
10794,2.0843
10795,2.091
10796,1.7038
10797,1.0335
10798,0.65793
10799,0.48838
10800,0.42651
10801,0.46548
10802,0.99569
10803,1.6741
10804,1.7955
10805,1.6746
10806,1.5933
10807,1.8405
10808,1.354
10809,0.87629
10810,0.72922
10811,0.75901
10812,0.69042
10813,0.76152
10814,1.393
10815,1.8519
10816,2.0257
10817,2.0851
10818,2.0903
10819,1.7957
10820,1.1028
10821,0.69396
10822,0.50447
10823,0.43156
10824,0.44296
10825,0.89536
10826,1.618
10827,1.8083
10828,1.6954
10829,1.5896
10830,1.8249
10831,1.4383
10832,0.91479
10833,0.72865
10834,0.7471
10835,0.70645
10836,0.71627
10837,1.3066
10838,1.8183
10839,2.0157
10840,2.0819
10841,2.0848
10842,1.8813
10843,1.1765
10844,0.72808
10845,0.51604
10846,0.43451
10847,0.42717
10848,0.80228
10849,1.5521
10850,1.8026
10851,1.7029
10852,1.5859
10853,1.787
10854,1.5213
10855,0.96248
10856,0.74557
10857,0.75241
10858,0.7322
10859,0.68892
10860,1.2188
10861,1.7739
10862,1.9969
10863,2.0789
10864,2.0856
10865,1.9542
10866,1.2552
10867,0.77071
10868,0.53677
10869,0.44151
10870,0.41858
10871,0.71939
10872,1.475
10873,1.8039
10874,1.7255
10875,1.5966
10876,1.7435
10877,1.6049
10878,1.0126
10879,0.75275
10880,0.74064
10881,0.74462
10882,0.66732
10883,1.1286
10884,1.7269
10885,1.9792
10886,2.0746
10887,2.0818
10888,2.0131
10889,1.339
10890,0.81293
10891,0.55454
10892,0.44904
10893,0.41539
10894,0.6468
10895,1.3891
10896,1.7924
10897,1.7411
10898,1.6094
10899,1.6985
10900,1.6826
10901,1.0707
10902,0.7714
10903,0.72675
10904,0.75256
10905,0.65601
10906,1.0394
10907,1.672
10908,1.9596
10909,2.0652
10910,2.0805
10911,2.0548
10912,1.4283
10913,0.86408
10914,0.58215
10915,0.46054
10916,0.41633
10917,0.58503
10918,1.2941
10919,1.7806
10920,1.7705
10921,1.6325
10922,1.6621
10923,1.7522
10924,1.1344
10925,0.78347
10926,0.72197
10927,0.75504
10928,0.65209
10929,0.95354
10930,1.6126
10931,1.9372
10932,2.0564
10933,2.0862
10934,2.0818
10935,1.5215
10936,0.91675
10937,0.60083
10938,0.46462
10939,0.41646
10940,0.53266
10941,1.1932
10942,1.7501
10943,1.7726
10944,1.6371
10945,1.6223
10946,1.8015
10947,1.2042
10948,0.8144
10949,0.72649
10950,0.76713
10951,0.66517
10952,0.88086
10953,1.5439
10954,1.9165
10955,2.0516
10956,2.0882
10957,2.0926
10958,1.6154
10959,0.97439
10960,0.62852
10961,0.47859
10962,0.42151
10963,0.49376
10964,1.0912
10965,1.7151
10966,1.7865
10967,1.6588
10968,1.604
10969,1.8333
10970,1.2792
10971,0.84412
10972,0.72176
10973,0.76114
10974,0.67476
10975,0.81342
10976,1.4686
10977,1.8819
10978,2.0364
10979,2.0883
10980,2.0946
10981,1.7109
10982,1.0391
10983,0.66146
10984,0.49154
10985,0.41991
10986,0.46061
10987,0.98648
10988,1.6694
10989,1.8004
10990,1.6707
10991,1.5818
10992,1.8351
10993,1.3594
10994,0.87746
10995,0.72858
10996,0.76618
10997,0.69973
10998,0.76211
10999,1.3893
11000,1.8504
11001,2.0255
11002,2.0864
11003,2.0911
11004,1.7997
11005,1.106
11006,0.69234
11007,0.50198
11008,0.42913
11009,0.44107
11010,0.89084
11011,1.6149
11012,1.8053
11013,1.6902
11014,1.5843
11015,1.821
11016,1.4413
11017,0.91764
11018,0.73543
11019,0.75627
11020,0.71344
11021,0.7178
11022,1.3035
11023,1.8172
11024,2.0183
11025,2.0873
11026,2.0872
11027,1.8841
11028,1.1794
11029,0.72735
11030,0.51661
11031,0.43561
11032,0.42673
11033,0.79892
11034,1.5495
11035,1.804
11036,1.707
11037,1.5877
11038,1.786
11039,1.5247
11040,0.96352
11041,0.74563
11042,0.75049
11043,0.73165
11044,0.68728
11045,1.2153
11046,1.7722
11047,1.9964
11048,2.0791
11049,2.0853
11050,1.957
11051,1.2584
11052,0.77253
11053,0.54104
11054,0.44411
11055,0.41922
11056,0.71664
11057,1.4719
11058,1.8201
11059,1.7553
11060,1.6104
11061,1.7474
11062,1.6099
11063,1.013
11064,0.7364
11065,0.72093
11066,0.73191
11067,0.66005
11068,1.122
11069,1.7265
11070,2.0002
11071,2.0801
11072,2.0794
11073,2.0159
11074,1.342
11075,0.80981
11076,0.55158
11077,0.44862
11078,0.41565
11079,0.64395
11080,1.388
11081,1.7886
11082,1.7376
11083,1.6091
11084,1.6961
11085,1.6839
11086,1.0722
11087,0.77316
11088,0.73642
11089,0.75697
11090,0.65776
11091,1.0388
11092,1.6706
11093,1.9605
11094,2.0662
11095,2.0823
11096,2.056
11097,1.4302
11098,0.86452
11099,0.58104
11100,0.45883
11101,0.41548
11102,0.58351
11103,1.2922
11104,1.7767
11105,1.7641
11106,1.6273
11107,1.6582
11108,1.7524
11109,1.1358
11110,0.78812
11111,0.72853
11112,0.76053
11113,0.65516
11114,0.95375
11115,1.6107
11116,1.9363
11117,2.0566
11118,2.0828
11119,2.0806
11120,1.5227
11121,0.91804
11122,0.60053
11123,0.46518
11124,0.41776
11125,0.53292
11126,1.1919
11127,1.7492
11128,1.7714
11129,1.6402
11130,1.6246
11131,1.8033
11132,1.2058
11133,0.81502
11134,0.72457
11135,0.76387
11136,0.66303
11137,0.87838
11138,1.5419
11139,1.9107
11140,2.0471
11141,2.089
11142,2.0934
11143,1.6182
11144,0.97707
11145,0.63409
11146,0.48172
11147,0.42204
11148,0.49271
11149,1.0878
11150,1.7151
11151,1.7983
11152,1.666
11153,1.606
11154,1.8349
11155,1.2822
11156,0.84053
11157,0.71433
11158,0.75448
11159,0.67196
11160,0.80959
11161,1.4674
11162,1.8812
11163,2.0346
11164,2.0861
11165,2.0937
11166,1.7135
11167,1.0405
11168,0.66482
11169,0.49465
11170,0.42774
11171,0.46267
11172,0.9852
11173,1.6692
11174,1.8056
11175,1.6847
11176,1.5956
11177,1.841
11178,1.3628
11179,0.87712
11180,0.72352
11181,0.75188
11182,0.68876
11183,0.75478
11184,1.385
11185,1.8485
11186,2.0231
11187,2.084
11188,2.0888
11189,1.8049
11190,1.1095
11191,0.69795
11192,0.50764
11193,0.4333
11194,0.44157
11195,0.88634
11196,1.6122
11197,1.8086
11198,1.7006
11199,1.5926
11200,1.8234
11201,1.4467
11202,0.91913
11203,0.73036
11204,0.74747
11205,0.70739
11206,0.71207
11207,1.2976
11208,1.8113
11209,2.0095
11210,2.0816
11211,2.0844
11212,1.8893
11213,1.1845
11214,0.73493
11215,0.52148
11216,0.43513
11217,0.42551
11218,0.79314
11219,1.5438
11220,1.81
11221,1.713
11222,1.588
11223,1.7829
11224,1.5308
11225,0.96579
11226,0.73982
11227,0.74065
11228,0.72957
11229,0.68435
11230,1.2089
11231,1.7696
11232,1.9953
11233,2.0782
11234,2.0869
11235,1.962
11236,1.2637
11237,0.77475
11238,0.54169
11239,0.44114
11240,0.41611
11241,0.71044
11242,1.4662
11243,1.8066
11244,1.7331
11245,1.5947
11246,1.7357
11247,1.6129
11248,1.0176
11249,0.74944
11250,0.73911
11251,0.74808
11252,0.66737
11253,1.1203
11254,1.7227
11255,1.9762
11256,2.0736
11257,2.0829
11258,2.0182
11259,1.3468
11260,0.81862
11261,0.55997
11262,0.44867
11263,0.4145
11264,0.64028
11265,1.3806
11266,1.8002
11267,1.7705
11268,1.6195
11269,1.6966
11270,1.6901
11271,1.0754
11272,0.75596
11273,0.71919
11274,0.7476
11275,0.65272
11276,1.0305
11277,1.6702
11278,1.9783
11279,2.0741
11280,2.0831
11281,2.059
11282,1.4352
11283,0.86196
11284,0.57383
11285,0.45632
11286,0.41482
11287,0.57958
11288,1.2886
11289,1.7724
11290,1.7539
11291,1.6223
11292,1.6522
11293,1.7535
11294,1.1384
11295,0.79291
11296,0.72753
11297,0.76388
11298,0.65792
11299,0.95246
11300,1.6073
11301,1.9446
11302,2.0649
11303,2.0872
11304,2.083
11305,1.5265
11306,0.91873
11307,0.60418
11308,0.46815
11309,0.4174
11310,0.5309
11311,1.188
11312,1.7488
11313,1.7767
11314,1.6428
11315,1.6239
11316,1.8049
11317,1.2082
11318,0.81586
11319,0.72754
11320,0.7648
11321,0.66379
11322,0.87589
11323,1.5399
11324,1.9117
11325,2.0494
11326,2.088
11327,2.0927
11328,1.6209
11329,0.97801
11330,0.63492
11331,0.47982
11332,0.42206
11333,0.4918
11334,1.0853
11335,1.7142
11336,1.791
11337,1.6625
11338,1.6043
11339,1.8348
11340,1.2838
11341,0.84384
11342,0.71849
11343,0.75583
11344,0.67342
11345,0.80895
11346,1.4647
11347,1.882
11348,2.0355
11349,2.0854
11350,2.091
11351,1.715
11352,1.0418
11353,0.6591
11354,0.48952
11355,0.42724
11356,0.46256
11357,0.98316
11358,1.6671
11359,1.7966
11360,1.6773
11361,1.5929
11362,1.8401
11363,1.3642
11364,0.88097
11365,0.7318
11366,0.75888
11367,0.69251
11368,0.75532
11369,1.3824
11370,1.8527
11371,2.0301
11372,2.0877
11373,2.0892
11374,1.8065
11375,1.1111
11376,0.69592
11377,0.50506
11378,0.43216
11379,0.44082
11380,0.88376
11381,1.6111
11382,1.808
11383,1.6965
11384,1.5895
11385,1.8214
11386,1.4478
11387,0.91981
11388,0.7335
11389,0.75073
11390,0.71047
11391,0.71285
11392,1.2968
11393,1.811
11394,2.0099
11395,2.0826
11396,2.0865
11397,1.8905
11398,1.1855
11399,0.73503
11400,0.52455
11401,0.43836
11402,0.42682
11403,0.79252
11404,1.543
11405,1.8114
11406,1.7174
11407,1.5947
11408,1.7857
11409,1.533
11410,0.96621
11411,0.73815
11412,0.74111
11413,0.72645
11414,0.68178
11415,1.2066
11416,1.7689
11417,1.9932
11418,2.0763
11419,2.0826
11420,1.9631
11421,1.2653
11422,0.77625
11423,0.54187
11424,0.44332
11425,0.41753
11426,0.70936
11427,1.4646
11428,1.8043
11429,1.7326
11430,1.5991
11431,1.7375
11432,1.6152
11433,1.0194
11434,0.75325
11435,0.73782
11436,0.74545
11437,0.66517
11438,1.1172
11439,1.7206
11440,1.976
11441,2.0715
11442,2.0851
11443,2.021
11444,1.3502
11445,0.82112
11446,0.56114
11447,0.44844
11448,0.4124
11449,0.63693
11450,1.3768
11451,1.793
11452,1.7488
11453,1.6067
11454,1.6879
11455,1.6906
11456,1.0775
11457,0.76834
11458,0.72359
11459,0.75674
11460,0.65807
11461,1.0302
11462,1.6667
11463,1.9562
11464,2.0637
11465,2.0821
11466,2.0594
11467,1.438
11468,0.86957
11469,0.58472
11470,0.46117
11471,0.41569
11472,0.57855
11473,1.2835
11474,1.7784
11475,1.7999
11476,1.643
11477,1.6604
11478,1.7594
11479,1.142
11480,0.77533
11481,0.70498
11482,0.74613
11483,0.64837
11484,0.94332
11485,1.6074
11486,1.9295
11487,2.0521
11488,2.0779
11489,2.0795
11490,1.5301
11491,0.92279
11492,0.61133
11493,0.47366
11494,0.42211
11495,0.53078
11496,1.1845
11497,1.75
11498,1.8152
11499,1.6692
11500,1.6375
11501,1.8116
11502,1.2128
11503,0.80235
11504,0.70341
11505,0.74124
11506,0.65036
11507,0.86546
11508,1.5377
11509,1.9117
11510,2.0453
11511,2.0809
11512,2.0866
11513,1.6262
11514,0.98064
11515,0.63056
11516,0.48129
11517,0.42567
11518,0.49142
11519,1.0809
11520,1.711
11521,1.7903
11522,1.6672
11523,1.6095
11524,1.838
11525,1.2883
11526,0.84705
11527,0.72246
11528,0.75523
11529,0.67146
11530,0.80422
11531,1.459
11532,1.8856
11533,2.0427
11534,2.0876
11535,2.0906
11536,1.7214
11537,1.046
11538,0.66286
11539,0.49087
11540,0.42782
11541,0.46091
11542,0.9763
11543,1.6646
11544,1.7984
11545,1.6792
11546,1.593
11547,1.8398
11548,1.3694
11549,0.88273
11550,0.7277
11551,0.75628
11552,0.69268
11553,0.75187
11554,1.3775
11555,1.8454
11556,2.023
11557,2.0841
11558,2.089
11559,1.8123
11560,1.1161
11561,0.69983
11562,0.50877
11563,0.43127
11564,0.43918
11565,0.87724
11566,1.6062
11567,1.8087
11568,1.6978
11569,1.588
11570,1.8187
11571,1.4539
11572,0.92297
11573,0.73318
11574,0.75094
11575,0.71274
11576,0.71078
11577,1.2905
11578,1.8082
11579,2.0088
11580,2.0827
11581,2.0866
11582,1.8961
11583,1.1909
11584,0.73642
11585,0.52431
11586,0.43556
11587,0.42483
11588,0.78576
11589,1.5376
11590,1.809
11591,1.7136
11592,1.5892
11593,1.7797
11594,1.5381
11595,0.97026
11596,0.74079
11597,0.73867
11598,0.73
11599,0.68185
11600,1.201
11601,1.7659
11602,1.9914
11603,2.076
11604,2.0861
11605,1.9682
11606,1.2709
11607,0.77823
11608,0.54351
11609,0.44547
11610,0.41821
11611,0.70451
11612,1.4591
11613,1.808
11614,1.7376
11615,1.6048
11616,1.7371
11617,1.6215
11618,1.0227
11619,0.75244
11620,0.72953
11621,0.74082
11622,0.66142
11623,1.1096
11624,1.7171
11625,1.978
11626,2.0733
11627,2.0848
11628,2.0243
11629,1.3566
11630,0.82265
11631,0.56174
11632,0.45206
11633,0.41519
11634,0.63307
11635,1.3711
11636,1.7912
11637,1.7492
11638,1.6147
11639,1.6902
11640,1.6972
11641,1.0823
11642,0.77255
11643,0.73142
11644,0.75557
11645,0.65547
11646,1.0229
11647,1.6615
11648,1.9548
11649,2.0634
11650,2.0853
11651,2.0628
11652,1.4461
11653,0.8734
11654,0.58373
11655,0.46009
11656,0.41575
11657,0.57368
11658,1.2749
11659,1.7726
11660,1.7647
11661,1.6303
11662,1.6514
11663,1.7626
11664,1.1476
11665,0.79189
11666,0.71982
11667,0.7583
11668,0.65493
11669,0.93946
11670,1.5989
11671,1.9368
11672,2.0581
11673,2.0857
11674,2.0842
11675,1.54
11676,0.92743
11677,0.60871
11678,0.47056
11679,0.41716
11680,0.52435
11681,1.1734
11682,1.7446
11683,1.78
11684,1.6452
11685,1.6195
11686,1.8101
11687,1.2186
11688,0.81917
11689,0.727
11690,0.76518
11691,0.66578
11692,0.86632
11693,1.53
11694,1.9153
11695,2.0535
11696,2.0896
11697,2.0935
11698,1.6341
11699,0.98546
11700,0.63246
11701,0.47754
11702,0.42088
11703,0.48644
11704,1.071
11705,1.7071
11706,1.7861
11707,1.6576
11708,1.5975
11709,1.8351
11710,1.2939
11711,0.85135
11712,0.73115
11713,0.76707
11714,0.68171
11715,0.80391
11716,1.4544
11717,1.8778
11718,2.0363
11719,2.0888
11720,2.0951
11721,1.7276
11722,1.051
11723,0.66257
11724,0.49137
11725,0.42581
11726,0.45797
11727,0.96897
11728,1.6599
11729,1.7979
11730,1.6769
11731,1.5876
11732,1.8369
11733,1.3749
11734,0.88599
11735,0.73315
11736,0.76162
11737,0.69833
11738,0.75076
11739,1.3719
11740,1.8449
11741,2.0231
11742,2.0858
11743,2.0888
11744,1.8174
11745,1.1204
11746,0.7027
11747,0.50903
11748,0.43421
11749,0.43921
11750,0.87205
11751,1.6028
11752,1.8088
11753,1.7024
11754,1.5924
11755,1.819
11756,1.4595
11757,0.92587
11758,0.73236
11759,0.74725
11760,0.71044
11761,0.70678
11762,1.2843
11763,1.8055
11764,2.0073
11765,2.0813
11766,2.086
11767,1.9014
11768,1.1962
11769,0.74
11770,0.52516
11771,0.43919
11772,0.42518
11773,0.78045
11774,1.5327
11775,1.8094
11776,1.7196
11777,1.595
11778,1.7795
11779,1.5446
11780,0.9737
11781,0.74128
11782,0.74067
11783,0.72926
11784,0.67879
11785,1.1939
11786,1.7623
11787,1.9909
11788,2.0759
11789,2.0829
11790,1.9721
11791,1.2771
11792,0.78271
11793,0.54434
11794,0.44426
11795,0.4169
11796,0.69854
11797,1.4527
11798,1.8038
11799,1.7359
11800,1.601
11801,1.7311
11802,1.6264
11803,1.0272
11804,0.75491
11805,0.73726
11806,0.74732
11807,0.66336
11808,1.1045
11809,1.7135
11810,1.9738
11811,2.0713
11812,2.0809
11813,2.0261
11814,1.3618
11815,0.82718
11816,0.5635
11817,0.45347
11818,0.41578
11819,0.62963
11820,1.3651
11821,1.7907
11822,1.7511
11823,1.6177
11824,1.6893
11825,1.7022
11826,1.0865
11827,0.77223
11828,0.71743
11829,0.74891
11830,0.65207
11831,1.0159
11832,1.6572
11833,1.9517
11834,2.0623
11835,2.0797
11836,2.0629
11837,1.4525
11838,0.87785
11839,0.58576
11840,0.46118
11841,0.41713
11842,0.57057
11843,1.2681
11844,1.7702
11845,1.7657
11846,1.6335
11847,1.6518
11848,1.7674
11849,1.1528
11850,0.79581
11851,0.72826
11852,0.75991
11853,0.65492
11854,0.93348
11855,1.5938
11856,1.9351
11857,2.0578
11858,2.0846
11859,2.0845
11860,1.5468
11861,0.93185
11862,0.60939
11863,0.47115
11864,0.41898
11865,0.52193
11866,1.166
11867,1.7419
11868,1.7806
11869,1.6487
11870,1.6205
11871,1.8139
11872,1.2245
11873,0.82083
11874,0.72557
11875,0.76244
11876,0.6646
11877,0.85984
11878,1.5238
11879,1.9037
11880,2.0447
11881,2.0879
11882,2.0942
11883,1.6424
11884,0.99242
11885,0.64106
11886,0.4834
11887,0.42174
11888,0.48366
11889,1.0616
11890,1.7042
11891,1.7961
11892,1.665
11893,1.5988
11894,1.8372
11895,1.3019
11896,0.85159
11897,0.72469
11898,0.76126
11899,0.68014
11900,0.79662
11901,1.4473
11902,1.8769
11903,2.0346
11904,2.0859
11905,2.0915
11906,1.7355
11907,1.0564
11908,0.67083
11909,0.49548
11910,0.42873
11911,0.45715
11912,0.961
11913,1.6564
11914,1.8031
11915,1.6853
11916,1.5931
11917,1.8386
11918,1.3823
11919,0.88794
11920,0.72577
11921,0.75238
11922,0.694
11923,0.74405
11924,1.3644
11925,1.84
11926,2.0201
11927,2.0837
11928,2.085
11929,1.8247
11930,1.1267
11931,0.70506
11932,0.51128
11933,0.43333
11934,0.43781
11935,0.86411
11936,1.5971
11937,1.8073
11938,1.7006
11939,1.5906
11940,1.8157
11941,1.4663
11942,0.93026
11943,0.73362
11944,0.74792
11945,0.71317
11946,0.7047
11947,1.2769
11948,1.8027
11949,2.0087
11950,2.0842
11951,2.0825
11952,1.9066
11953,1.2024
11954,0.74083
11955,0.52725
11956,0.4408
11957,0.42563
11958,0.77405
11959,1.5274
11960,1.8092
11961,1.722
11962,1.5985
11963,1.7782
11964,1.5512
11965,0.97775
11966,0.74255
11967,0.73843
11968,0.72804
11969,0.67562
11970,1.186
11971,1.7583
11972,1.9899
11973,2.0768
11974,2.0828
11975,1.9774
11976,1.2842
11977,0.78494
11978,0.54453
11979,0.44521
11980,0.41756
11981,0.69249
11982,1.4458
11983,1.8003
11984,1.7331
11985,1.6032
11986,1.7286
11987,1.6335
11988,1.0324
11989,0.75776
11990,0.73708
11991,0.74718
11992,0.66153
11993,1.0965
11994,1.7082
11995,1.972
11996,2.0696
11997,2.0836
11998,2.0309
11999,1.3704
12000,0.83155
12001,0.56865
12002,0.45558
12003,0.41609
12004,0.62352
12005,1.356
12006,1.7926
12007,1.7587
12008,1.6229
12009,1.6869
12010,1.7098
12011,1.0921
12012,0.77248
12013,0.72563
12014,0.7516
12015,0.65198
12016,1.0075
12017,1.6522
12018,1.9506
12019,2.0618
12020,2.0848
12021,2.0676
12022,1.4616
12023,0.88264
12024,0.59252
12025,0.4649
12026,0.41726
12027,0.56496
12028,1.2584
12029,1.7706
12030,1.7768
12031,1.6402
12032,1.6493
12033,1.7732
12034,1.1591
12035,0.79271
12036,0.71798
12037,0.75467
12038,0.65305
12039,0.92498
12040,1.5886
12041,1.9263
12042,2.0522
12043,2.0823
12044,2.0847
12045,1.5552
12046,0.9376
12047,0.6152
12048,0.47361
12049,0.42139
12050,0.51894
12051,1.1571
12052,1.7401
12053,1.7848
12054,1.6557
12055,1.6227
12056,1.8185
12057,1.2315
12058,0.82103
12059,0.71881
12060,0.75591
12061,0.66165
12062,0.85158
12063,1.5168
12064,1.9003
12065,2.0423
12066,2.0843
12067,2.0903
12068,1.6508
12069,0.99816
12070,0.64472
12071,0.48499
12072,0.42364
12073,0.48184
12074,1.0527
12075,1.7005
12076,1.7983
12077,1.6689
12078,1.6011
12079,1.8397
12080,1.3092
12081,0.85346
12082,0.71926
12083,0.75244
12084,0.67694
12085,0.78941
12086,1.4393
12087,1.8772
12088,2.0397
12089,2.0878
12090,2.0899
12091,1.7448
12092,1.0627
12093,0.66768
12094,0.4933
12095,0.42802
12096,0.45448
12097,0.9511
12098,1.6508
12099,1.7972
12100,1.6804
12101,1.5891
12102,1.8358
12103,1.3895
12104,0.89351
12105,0.73273
12106,0.75857
12107,0.69979
12108,0.74184
12109,1.3562
12110,1.8364
12111,2.0203
12112,2.0847
12113,2.0904
12114,1.834
12115,1.1344
12116,0.71073
12117,0.51446
12118,0.43136
12119,0.43416
12120,0.85346
12121,1.5901
12122,1.8126
12123,1.7057
12124,1.5869
12125,1.8094
12126,1.4748
12127,0.93308
12128,0.72795
12129,0.74707
12130,0.71764
12131,0.70282
12132,1.2692
12133,1.7986
12134,2.0042
12135,2.0795
12136,2.0857
12137,1.9147
12138,1.2095
12139,0.74526
12140,0.52422
12141,0.43618
12142,0.42187
12143,0.76528
12144,1.5196
12145,1.8028
12146,1.7113
12147,1.587
12148,1.7672
12149,1.5574
12150,0.98341
12151,0.74901
12152,0.74561
12153,0.73914
12154,0.67923
12155,1.1801
12156,1.7544
12157,1.9896
12158,2.0777
12159,2.0826
12160,1.981
12161,1.2906
12162,0.7887
12163,0.5457
12164,0.4467
12165,0.41738
12166,0.68716
12167,1.4393
12168,1.8031
12169,1.738
12170,1.6057
12171,1.7261
12172,1.6398
12173,1.0363
12174,0.75875
12175,0.73553
12176,0.74676
12177,0.65993
12178,1.0893
12179,1.7045
12180,1.9705
12181,2.0697
12182,2.084
12183,2.0347
12184,1.3773
12185,0.83384
12186,0.5641
12187,0.45272
12188,0.4147
12189,0.61804
12190,1.3487
12191,1.7851
12192,1.7496
12193,1.616
12194,1.6792
12195,1.7137
12196,1.0979
12197,0.77998
12198,0.73513
12199,0.76015
12200,0.65622
12201,1.003
12202,1.6465
12203,1.9614
12204,2.0699
12205,2.0857
12206,2.0693
12207,1.4686
12208,0.88416
12209,0.58646
12210,0.4606
12211,0.41558
12212,0.56064
12213,1.2515
12214,1.7655
12215,1.7644
12216,1.6307
12217,1.6412
12218,1.775
12219,1.1637
12220,0.7988
12221,0.71232
12222,0.74934
12223,0.65341
12224,0.92062
12225,1.5825
12226,1.925
12227,2.0499
12228,2.0846
12229,2.0875
12230,1.5628
12231,0.94235
12232,0.6185
12233,0.47612
12234,0.41905
12235,0.5146
12236,1.148
12237,1.7376
12238,1.7923
12239,1.6557
12240,1.617
12241,1.8202
12242,1.2376
12243,0.82221
12244,0.71789
12245,0.75789
12246,0.66473
12247,0.84696
12248,1.5122
12249,1.8985
12250,2.0415
12251,2.084
12252,2.091
12253,1.6575
12254,1.0024
12255,0.64774
12256,0.48712
12257,0.42647
12258,0.48036
12259,1.046
12260,1.6979
12261,1.8007
12262,1.6764
12263,1.6049
12264,1.8422
12265,1.3153
12266,0.85607
12267,0.72109
12268,0.75241
12269,0.67622
12270,0.78408
12271,1.4333
12272,1.868
12273,2.0303
12274,2.0859
12275,2.0906
12276,1.7526
12277,1.069
12278,0.67862
12279,0.50036
12280,0.42963
12281,0.45285
12282,0.94289
12283,1.6464
12284,1.8086
12285,1.6909
12286,1.593
12287,1.8362
12288,1.3979
12289,0.89421
12290,0.72089
12291,0.73741
12292,0.69198
12293,0.73366
12294,1.3481
12295,1.8331
12296,2.0142
12297,2.083
12298,2.0825
12299,1.8409
12300,1.1404
12301,0.71386
12302,0.51601
12303,0.43616
12304,0.43573
12305,0.84694
12306,1.5848
12307,1.8142
12308,1.7106
12309,1.596
12310,1.8116
12311,1.4831
12312,0.93708
12313,0.73368
12314,0.74314
12315,0.71294
12316,0.69642
12317,1.2597
12318,1.795
12319,2.0025
12320,2.0806
12321,2.0792
12322,1.9208
12323,1.2171
12324,0.74922
12325,0.53069
12326,0.44228
12327,0.42434
12328,0.75836
12329,1.5129
12330,1.8341
12331,1.7591
12332,1.6136
12333,1.7751
12334,1.5692
12335,0.98406
12336,0.72103
12337,0.71499
12338,0.717
12339,0.66469
12340,1.1661
12341,1.7508
12342,1.9805
12343,2.071
12344,2.071
12345,1.9869
12346,1.2983
12347,0.79454
12348,0.5532
12349,0.44639
12350,0.41619
12351,0.67957
12352,1.4306
12353,1.8043
12354,1.7463
12355,1.606
12356,1.72
12357,1.6472
12358,1.0414
12359,0.75459
12360,0.72067
12361,0.74366
12362,0.65784
12363,1.0806
12364,1.7003
12365,1.9688
12366,2.068
12367,2.0834
12368,2.0387
12369,1.3851
12370,0.83872
12371,0.57074
12372,0.4564
12373,0.41576
12374,0.61277
12375,1.3407
12376,1.7901
12377,1.7619
12378,1.6248
12379,1.6792
12380,1.7208
12381,1.1026
12382,0.77485
12383,0.72019
12384,0.75175
12385,0.65166
12386,0.99381
12387,1.6428
12388,1.9464
12389,2.0596
12390,2.086
12391,2.072
12392,1.4762
12393,0.89052
12394,0.59329
12395,0.4646
12396,0.41708
12397,0.55664
12398,1.2425
12399,1.7657
12400,1.7733
12401,1.6388
12402,1.6421
12403,1.7809
12404,1.1699
12405,0.79766
12406,0.71013
12407,0.74072
12408,0.65462
12409,0.91346
12410,1.5775
12411,1.9221
12412,2.0486
12413,2.0815
12414,2.0863
12415,1.57
12416,0.94693
12417,0.62237
12418,0.47723
12419,0.42273
12420,0.51296
12421,1.1409
12422,1.7356
12423,1.792
12424,1.6625
12425,1.6215
12426,1.8247
12427,1.2437
12428,0.82432
12429,0.69851
12430,0.70546
12431,0.64416
12432,0.83328
12433,1.5028
12434,1.8929
12435,2.0259
12436,2.0674
12437,2.0786
12438,1.666
12439,1.0091
12440,0.6532
12441,0.49357
12442,0.43213
12443,0.48102
12444,1.0369
12445,1.6939
12446,1.8087
12447,1.6895
12448,1.6169
12449,1.8487
12450,1.3248
12451,0.85789
12452,0.71035
12453,0.73846
12454,0.66703
12455,0.77259
12456,1.4227
12457,1.8627
12458,2.0254
12459,2.0803
12460,2.0811
12461,1.7624
12462,1.0769
12463,0.68328
12464,0.50281
12465,0.43548
12466,0.45353
12467,0.933
12468,1.6405
12469,1.8082
12470,1.6996
12471,1.6034
12472,1.8396
12473,1.4086
12474,0.89915
12475,0.72328
12476,0.74156
12477,0.69049
12478,0.72581
12479,1.3364
12480,1.8282
12481,2.0145
12482,2.0788
12483,2.0821
12484,1.8527
12485,1.1505
12486,0.71827
12487,0.51599
12488,0.43774
12489,0.43398
12490,0.83438
12491,1.5758
12492,1.8134
12493,1.7124
12494,1.5971
12495,1.8071
12496,1.4949
12497,0.944
12498,0.73399
12499,0.73871
12500,0.71369
12501,0.69146
12502,1.2465
12503,1.7884
12504,1.9995
12505,2.0789
12506,2.0835
12507,1.9326
12508,1.2292
12509,0.75794
12510,0.53503
12511,0.44238
12512,0.42218
12513,0.74543
12514,1.5007
12515,1.8091
12516,1.7283
12517,1.6008
12518,1.7622
12519,1.5798
12520,0.995
12521,0.74419
12522,0.72323
12523,0.72903
12524,0.66737
12525,1.155
12526,1.7426
12527,1.981
12528,2.072
12529,2.0755
12530,1.9953
12531,1.3119
12532,0.80153
12533,0.55528
12534,0.45184
12535,0.41923
12536,0.66975
12537,1.4172
12538,1.803
12539,1.749
12540,1.6183
12541,1.7204
12542,1.6614
12543,1.051
12544,0.76033
12545,0.72773
12546,0.7415
12547,0.65279
12548,1.0644
12549,1.6904
12550,1.9641
12551,2.0655
12552,2.0806
12553,2.0446
12554,1.4009
12555,0.84753
12556,0.57404
12557,0.45846
12558,0.41524
12559,0.60198
12560,1.3235
12561,1.7836
12562,1.7627
12563,1.6251
12564,1.6713
12565,1.7322
12566,1.1143
12567,0.77888
12568,0.72252
12569,0.75506
12570,0.65287
12571,0.9796
12572,1.6312
12573,1.9426
12574,2.0587
12575,2.0869
12576,2.0764
12577,1.4934
12578,0.90079
12579,0.60018
12580,0.4669
12581,0.41728
12582,0.54741
12583,1.2238
12584,1.7609
12585,1.7768
12586,1.6418
12587,1.6364
12588,1.79
12589,1.1831
12590,0.80441
12591,0.72314
12592,0.75994
12593,0.65794
12594,0.90011
12595,1.5649
12596,1.9191
12597,2.05
12598,2.0876
12599,2.0905
12600,1.5881
12601,0.95765
12602,0.62173
12603,0.47376
12604,0.41769
12605,0.50314
12606,1.1205
12607,1.7267
12608,1.7871
12609,1.6513
12610,1.6051
12611,1.8253
12612,1.2568
12613,0.83292
12614,0.71674
12615,0.7619
12616,0.67231
12617,0.83244
12618,1.4924
12619,1.8908
12620,2.0392
12621,2.0867
12622,2.0928
12623,1.6817
12624,1.0187
12625,0.65529
12626,0.48951
12627,0.42651
12628,0.47233
12629,1.0194
12630,1.6858
12631,1.8022
12632,1.6783
12633,1.5996
12634,1.8425
12635,1.3357
12636,0.86498
12637,0.72034
12638,0.75179
12639,0.68166
12640,0.77103
12641,1.4126
12642,1.8597
12643,2.0267
12644,2.0838
12645,2.0867
12646,1.7743
12647,1.0859
12648,0.68778
12649,0.50434
12650,0.43345
12651,0.44921
12652,0.91942
12653,1.6326
12654,1.8109
12655,1.6993
12656,1.5978
12657,1.8343
12658,1.4191
12659,0.9043
12660,0.71816
12661,0.68385
12662,0.66771
12663,0.71187
12664,1.3222
12665,1.8228
12666,2.001
12667,2.0635
12668,2.0621
12669,1.8601
12670,1.1603
12671,0.72261
12672,0.52241
12673,0.44735
12674,0.43894
12675,0.82554
12676,1.5678
12677,1.815
12678,1.7293
12679,1.6192
12680,1.8153
12681,1.5088
12682,0.95029
12683,0.73042
12684,0.72444
12685,0.699
12686,0.67789
12687,1.2301
12688,1.7811
12689,1.9947
12690,2.0736
12691,2.0731
12692,1.9427
12693,1.2422
12694,0.76432
12695,0.53565
12696,0.44619
12697,0.42376
12698,0.73358
12699,1.4881
12700,1.806
12701,1.7309
12702,1.6085
12703,1.7594
12704,1.5945
12705,1.0046
12706,0.74947
12707,0.73341
12708,0.73128
12709,0.66316
12710,1.1387
12711,1.7332
12712,1.9804
12713,2.0729
12714,2.0754
12715,2.0053
12716,1.3277
12717,0.80905
12718,0.5564
12719,0.44907
12720,0.41683
12721,0.65623
12722,1.4009
12723,1.7987
12724,1.7468
12725,1.6128
12726,1.7076
12727,1.6739
12728,1.062
12729,0.76201
12730,0.72944
12731,0.74904
12732,0.65487
12733,1.0501
12734,1.6805
12735,1.9608
12736,2.0654
12737,2.0839
12738,2.0519
12739,1.4166
12740,0.85696
12741,0.57714
12742,0.45793
12743,0.41566
12744,0.5919
12745,1.3067
12746,1.7805
12747,1.761
12748,1.6266
12749,1.6641
12750,1.7433
12751,1.1258
12752,0.78403
12753,0.72625
12754,0.75818
12755,0.65398
12756,0.96557
12757,1.6202
12758,1.9415
12759,2.059
12760,2.0885
12761,2.0806
12762,1.5096
12763,0.90947
12764,0.60228
12765,0.46843
12766,0.41744
12767,0.53903
12768,1.2064
12769,1.7552
12770,1.7789
12771,1.6439
12772,1.6306
12773,1.7977
12774,1.1953
12775,0.80909
12776,0.72415
12777,0.76127
12778,0.66015
12779,0.88795
12780,1.553
12781,1.9148
12782,2.0485
12783,2.0887
12784,2.0922
12785,1.6042
12786,0.96788
12787,0.62694
12788,0.47498
12789,0.41923
12790,0.49711
12791,1.1031
12792,1.7207
12793,1.783
12794,1.6515
12795,1.6017
12796,1.8292
12797,1.2698
12798,0.83993
12799,0.72451
12800,0.76192
12801,0.67499
12802,0.8219
12803,1.4785
12804,1.8871
12805,2.0382
12806,2.0853
12807,2.093
12808,1.6979
12809,1.0301
12810,0.65871
12811,0.49103
12812,0.4208
12813,0.46506
12814,1.0005
12815,1.6768
12816,1.8023
12817,1.673
12818,1.5868
12819,1.8376
12820,1.3487
12821,0.87167
12822,0.72452
12823,0.7622
12824,0.69382
12825,0.76693
12826,1.4001
12827,1.8562
12828,2.0282
12829,2.0854
12830,2.0933
12831,1.7894
12832,1.0969
12833,0.69102
12834,0.5062
12835,0.43134
12836,0.44398
12837,0.90305
12838,1.6231
12839,1.8084
12840,1.697
12841,1.5904
12842,1.8268
12843,1.4312
12844,0.91112
12845,0.7262
12846,0.74877
12847,0.70545
12848,0.7197
12849,1.314
12850,1.8184
12851,2.012
12852,2.081
12853,2.0862
12854,1.8747
12855,1.1703
12856,0.72715
12857,0.52054
12858,0.43765
12859,0.42936
12860,0.80999
12861,1.5573
12862,1.8117
12863,1.7144
12864,1.5942
12865,1.7945
12866,1.5168
12867,0.95657
12868,0.73694
12869,0.74116
12870,0.72213
12871,0.68614
12872,1.2239
12873,1.7774
12874,1.9961
12875,2.0777
12876,2.0794
12877,1.9489
12878,1.2492
12879,0.7688
12880,0.54038
12881,0.44547
12882,0.42143
12883,0.72602
12884,1.4809
12885,1.8124
12886,1.737
12887,1.6068
12888,1.7531
12889,1.601
12890,1.0078
12891,0.74646
12892,0.73089
12893,0.73384
12894,0.66286
12895,1.1323
12896,1.7306
12897,1.9781
12898,2.0721
12899,2.0766
12900,2.0095
12901,1.3334
12902,0.81256
12903,0.55789
12904,0.45135
12905,0.41736
12906,0.65171
12907,1.3949
12908,1.7964
12909,1.7485
12910,1.616
12911,1.7057
12912,1.6793
12913,1.0665
12914,0.76602
12915,0.72677
12916,0.74739
12917,0.65329
12918,1.0435
12919,1.6762
12920,1.9595
12921,2.0661
12922,2.0787
12923,2.0526
12924,1.4226
12925,0.86021
12926,0.58046
12927,0.46088
12928,0.41777
12929,0.58904
12930,1.3006
12931,1.7794
12932,1.7661
12933,1.6338
12934,1.6664
12935,1.749
12936,1.1305
12937,0.78363
12938,0.71539
12939,0.74855
12940,0.64897
12941,0.95741
12942,1.6152
12943,1.9358
12944,2.0551
12945,2.08
12946,2.0779
12947,1.5162
12948,0.91464
12949,0.60743
12950,0.47169
12951,0.42119
12952,0.53753
12953,1.1995
12954,1.7551
12955,1.785
12956,1.654
12957,1.6367
12958,1.8037
12959,1.2012
12960,0.80736
12961,0.7144
12962,0.75058
12963,0.65399
12964,0.87883
12965,1.5472
12966,1.9107
12967,2.0457
12968,2.0817
12969,2.0878
12970,1.6115
12971,0.9726
12972,0.63415
12973,0.48171
12974,0.42548
12975,0.49694
12976,1.0961
12977,1.7188
12978,1.824
12979,1.6831
12980,1.6192
12981,1.838
12982,1.2779
12983,0.8305
12984,0.70525
12985,0.74115
12986,0.66139
12987,0.80865
12988,1.473
12989,1.8814
12990,2.0319
12991,2.0805
12992,2.0854
12993,1.7069
12994,1.0356
12995,0.66422
12996,0.49437
12997,0.43104
12998,0.46674
12999,0.9935
13000,1.6733
13001,1.8069
13002,1.6881
13003,1.604
13004,1.8451
13005,1.3578
13006,0.87408
13007,0.71583
13008,0.7428
13009,0.68034
13010,0.7544
13011,1.3893
13012,1.8518
13013,2.0245
13014,2.0843
13015,2.0835
13016,1.7992
13017,1.1053
13018,0.68938
13019,0.50232
13020,0.43348
13021,0.44356
13022,0.89233
13023,1.6158
13024,1.8011
13025,1.694
13026,1.5923
13027,1.8255
13028,1.4415
13029,0.91908
13030,0.73499
13031,0.75114
13032,0.70723
13033,0.71459
13034,1.3018
13035,1.8136
13036,2.0106
13037,2.0828
13038,2.0824
13039,1.8841
13040,1.1807
13041,0.73288
13042,0.52357
13043,0.4394
13044,0.42893
13045,0.79864
13046,1.5476
13047,1.8121
13048,1.7183
13049,1.598
13050,1.7911
13051,1.5285
13052,0.96334
13053,0.73473
13054,0.73796
13055,0.72167
13056,0.6811
13057,1.2109
13058,1.7711
13059,1.9934
13060,2.0749
13061,2.0812
13062,1.9596
13063,1.2611
13064,0.77437
13065,0.54118
13066,0.44602
13067,0.42022
13068,0.71436
13069,1.4691
13070,1.8055
13071,1.7347
13072,1.6063
13073,1.745
13074,1.6123
13075,1.0166
13076,0.75122
13077,0.7302
13078,0.73703
13079,0.66157
13080,1.1196
13081,1.7227
13082,1.9753
13083,2.0714
13084,2.0825
13085,2.0184
13086,1.347
13087,0.81726
13088,0.55735
13089,0.45035
13090,0.41543
13091,0.64049
13092,1.3807
13093,1.7909
13094,1.7448
13095,1.6123
13096,1.6948
13097,1.6896
13098,1.0764
13099,0.773
13100,0.73572
13101,0.75617
13102,0.65642
13103,1.0319
13104,1.6668
13105,1.9577
13106,2.066
13107,2.1076
13108,2.074
13109,1.4423
13110,0.86997
13111,0.58459
13112,0.45835
13113,0.40793
13114,0.57152
13115,1.2784
13116,1.7745
13117,1.766
13118,1.6176
13119,1.6372
13120,1.7548
13121,1.1428
13122,0.78906
13123,0.71928
13124,0.76912
13125,0.6642
13126,0.94935
13127,1.6056
13128,1.9332
13129,2.0548
13130,2.0865
13131,2.0842
13132,1.5306
13133,0.92278
13134,0.60494
13135,0.46741
13136,0.41615
13137,0.52832
13138,1.183
13139,1.747
13140,1.7772
13141,1.6409
13142,1.6196
13143,1.8057
13144,1.2117
13145,0.81577
13146,0.72474
13147,0.76621
13148,0.66585
13149,0.87351
13150,1.537
13151,1.9121
13152,2.0487
13153,2.0887
13154,2.0931
13155,1.6249
13156,0.98046
13157,0.63004
13158,0.47551
13159,0.42074
13160,0.48978
13161,1.0807
13162,1.7109
13163,1.7844
13164,1.6556
13165,1.599
13166,1.8338
13167,1.2868
13168,0.84801
13169,0.73038
13170,0.76709
13171,0.67995
13172,0.80912
13173,1.4614
13174,1.8798
13175,2.0367
13176,2.0882
13177,2.095
13178,1.7192
13179,1.0451
13180,0.66678
13181,0.49426
13182,0.42505
13183,0.46013
13184,0.97798
13185,1.6654
13186,1.8019
13187,1.6797
13188,1.5896
13189,1.8382
13190,1.3678
13191,0.88091
13192,0.72024
13193,0.75441
13194,0.69334
13195,0.75345
13196,1.3797
13197,1.8509
13198,2.0338
13199,2.088
13200,2.089
13201,1.8099
13202,1.1136
13203,0.69399
13204,0.50244
13205,0.43117
13206,0.43969
13207,0.88025
13208,1.6091
13209,1.8004
13210,1.6909
13211,1.5856
13212,1.8186
13213,1.45
13214,0.92391
13215,0.73865
13216,0.75615
13217,0.715
13218,0.71374
13219,1.2937
13220,1.8097
13221,2.0111
13222,2.0835
13223,2.0847
13224,1.8918
13225,1.1881
13226,0.7366
13227,0.52469
13228,0.43665
13229,0.42617
13230,0.78975
13231,1.5408
13232,1.8102
13233,1.7166
13234,1.5926
13235,1.7836
13236,1.5354
13237,0.96788
13238,0.7383
13239,0.74288
13240,0.72866
13241,0.6819
13242,1.2041
13243,1.7679
13244,1.9937
13245,2.0791
13246,2.0803
13247,1.964
13248,1.2673
13249,0.77541
13250,0.53755
13251,0.44443
13252,0.41897
13253,0.70825
13254,1.463
13255,1.7998
13256,1.7283
13257,1.6015
13258,1.7388
13259,1.6173
13260,1.0217
13261,0.75689
13262,0.7313
13263,0.74145
13264,0.66274
13265,1.1137
13266,1.718
13267,1.9991
13268,2.0859
13269,2.0849
13270,2.0225
13271,1.3539
13272,0.81726
13273,0.55239
13274,0.44626
13275,0.41318
13276,0.63456
13277,1.3749
13278,1.7862
13279,1.7335
13280,1.6025
13281,1.6853
13282,1.6924
13283,1.0804
13284,0.77892
13285,0.7436
13286,0.76615
13287,0.66159
13288,1.0292
13289,1.6629
13290,1.9572
13291,2.0647
13292,2.0869
13293,2.0617
13294,1.4418
13295,0.87095
13296,0.58601
13297,0.46158
13298,0.41504
13299,0.57624
13300,1.2793
13301,1.7761
13302,1.7701
13303,1.6315
13304,1.6535
13305,1.7602
13306,1.1443
13307,0.78811
13308,0.7131
13309,0.75293
13310,0.65265
13311,0.94225
13312,1.6027
13313,1.9313
13314,2.0536
13315,2.082
13316,2.0818
13317,1.5349
13318,0.92569
13319,0.6057
13320,0.46972
13321,0.41985
13322,0.5278
13323,1.1789
13324,1.7456
13325,1.7776
13326,1.6484
13327,1.6257
13328,1.8099
13329,1.2157
13330,0.81907
13331,0.72595
13332,0.76091
13333,0.66181
13334,0.86762
13335,1.532
13336,1.9068
13337,2.0459
13338,2.0856
13339,2.0922
13340,1.631
13341,0.98525
13342,0.63671
13343,0.48216
13344,0.42384
13345,0.48876
13346,1.0743
13347,1.7095
13348,1.7941
13349,1.6678
13350,1.6054
13351,1.8377
13352,1.2929
13353,0.84709
13354,0.72051
13355,0.75622
13356,0.67415
13357,0.80141
13358,1.4554
13359,1.8773
13360,2.0342
13361,2.0847
13362,2.0898
13363,1.7257
13364,1.0497
13365,0.66982
13366,0.49635
13367,0.43001
13368,0.46053
13369,0.97187
13370,1.6621
13371,1.8063
13372,1.6883
13373,1.5982
13374,1.8417
13375,1.3747
13376,0.88279
13377,0.72372
13378,0.74874
13379,0.68851
13380,0.74654
13381,1.3725
13382,1.8434
13383,2.0209
13384,2.0847
13385,2.0872
13386,1.8179
13387,1.1203
13388,0.70341
13389,0.51075
13390,0.4342
13391,0.43916
13392,0.87224
13393,1.6028
13394,1.8112
13395,1.7036
13396,1.5931
13397,1.8191
13398,1.4593
13399,0.92509
13400,0.73117
13401,0.74615
13402,0.7098
13403,0.70663
13404,1.2848
13405,1.8059
13406,2.007
13407,2.0812
13408,2.0859
13409,1.9012
13410,1.1957
13411,0.74188
13412,0.52843
13413,0.44062
13414,0.42602
13415,0.78107
13416,1.5332
13417,1.8141
13418,1.7253
13419,1.5995
13420,1.7821
13421,1.5448
13422,0.97255
13423,0.73784
13424,0.73443
13425,0.72463
13426,0.67652
13427,1.1936
13428,1.7626
13429,1.9913
13430,2.076
13431,2.0774
13432,1.9706
13433,1.2764
13434,0.78248
13435,0.54676
13436,0.44877
13437,0.42043
13438,0.70061
13439,1.454
13440,1.8059
13441,1.7417
13442,1.6124
13443,1.7392
13444,1.6278
13445,1.0267
13446,0.75264
13447,0.72921
13448,0.73696
13449,0.65747
13450,1.1023
13451,1.7131
13452,1.9722
13453,2.0691
13454,2.0806
13455,2.0268
13456,1.3631
13457,0.82777
13458,0.56464
13459,0.45401
13460,0.41663
13461,0.62887
13462,1.3637
13463,1.7918
13464,1.7528
13465,1.6205
13466,1.6904
13467,1.7039
13468,1.0873
13469,0.77137
13470,0.72826
13471,0.75202
13472,0.65259
13473,1.0147
13474,1.6567
13475,1.9533
13476,2.064
13477,2.0802
13478,2.0635
13479,1.4535
13480,0.87731
13481,0.58799
13482,0.46347
13483,0.4179
13484,0.57021
13485,1.2674
13486,1.7716
13487,1.771
13488,1.638
13489,1.6538
13490,1.7687
13491,1.1532
13492,0.79378
13493,0.72185
13494,0.75523
13495,0.65249
13496,0.93168
13497,1.5935
13498,1.9293
13499,2.0535
13500,2.0849
13501,2.0853
13502,1.548
13503,0.93313
13504,0.61036
13505,0.46921
13506,0.41767
13507,0.52066
13508,1.1643
13509,1.7418
13510,1.7766
13511,1.6433
13512,1.6162
13513,1.8129
13514,1.225
13515,0.82351
13516,0.72924
13517,0.76714
13518,0.66792
13519,0.86067
13520,1.5231
13521,1.9039
13522,2.0452
13523,2.0889
13524,2.0949
13525,1.6429
13526,0.99286
13527,0.64173
13528,0.4833
13529,0.42291
13530,0.4839
13531,1.0611
13532,1.7041
13533,1.7968
13534,1.6675
13535,1.6008
13536,1.8381
13537,1.3023
13538,0.85075
13539,0.7226
13540,0.75888
13541,0.6785
13542,0.79562
13543,1.4467
13544,1.8754
13545,2.034
13546,2.0861
13547,2.0909
13548,1.7363
13549,1.057
13550,0.66526
13551,0.49239
13552,0.4238
13553,0.45512
13554,0.95957
13555,1.6549
13556,1.7967
13557,1.6753
13558,1.5835
13559,1.8342
13560,1.3821
13561,0.89055
13562,0.73085
13563,0.76116
13564,0.70164
13565,0.74771
13566,1.3643
13567,1.8399
13568,2.0213
13569,2.0852
13570,2.0885
13571,1.8247
13572,1.1271
13573,0.70616
13574,0.51203
13575,0.43448
13576,0.43782
13577,0.86373
13578,1.5968
13579,1.8116
13580,1.7056
13581,1.5931
13582,1.8165
13583,1.4672
13584,0.92918
13585,0.73174
13586,0.74513
13587,0.7112
13588,0.7033
13589,1.2763
13590,1.802
13591,2.0056
13592,2.0808
13593,2.0861
13594,1.9085
13595,1.2031
13596,0.74438
13597,0.52788
13598,0.44051
13599,0.42477
13600,0.77292
13601,1.5263
13602,1.8081
13603,1.7206
13604,1.597
13605,1.7765
13606,1.5521
13607,0.97826
13608,0.74325
13609,0.73928
13610,0.7297
13611,0.67621
13612,1.1857
13613,1.7579
13614,1.9906
13615,2.0776
13616,2.0798
13617,1.9765
13618,1.2843
13619,0.78412
13620,0.5452
13621,0.44781
13622,0.4191
13623,0.69325
13624,1.4459
13625,1.8014
13626,1.7385
13627,1.6094
13628,1.7324
13629,1.6345
13630,1.0327
13631,0.75453
13632,0.7153
13633,0.72931
13634,0.65693
13635,1.0939
13636,1.7076
13637,1.9696
13638,2.0679
13639,2.0762
13640,2.0292
13641,1.3713
13642,0.83212
13643,0.56292
13644,0.45331
13645,0.4169
13646,0.62344
13647,1.3555
13648,1.7873
13649,1.7492
13650,1.6196
13651,1.6866
13652,1.71
13653,1.0932
13654,0.77753
13655,0.73166
13656,0.75466
13657,0.65313
13658,1.0073
13659,1.6504
13660,1.9515
13661,2.0623
13662,2.0845
13663,2.0675
13664,1.4627
13665,0.88283
13666,0.59174
13667,0.46422
13668,0.41735
13669,0.56465
13670,1.2571
13671,1.7707
13672,1.7744
13673,1.6392
13674,1.6492
13675,1.774
13676,1.1601
13677,0.79506
13678,0.72171
13679,0.75637
13680,0.6537
13681,0.92408
13682,1.5875
13683,1.927
13684,2.0526
13685,2.0863
13686,2.0867
13687,1.5571
13688,0.9385
13689,0.61509
13690,0.47325
13691,0.41789
13692,0.5166
13693,1.1546
13694,1.7391
13695,1.7831
13696,1.6488
13697,1.6149
13698,1.8165
13699,1.2322
13700,0.82286
13701,0.71447
13702,0.75684
13703,0.66496
13704,0.85259
13705,1.5164
13706,1.9002
13707,2.0416
13708,2.0861
13709,2.092
13710,1.6514
13711,0.99857
13712,0.6459
13713,0.48575
13714,0.42535
13715,0.48206
13716,1.0522
13717,1.7005
13718,1.7998
13719,1.6735
13720,1.6041
13721,1.8411
13722,1.3103
13723,0.85392
13724,0.72165
13725,0.75429
13726,0.67646
13727,0.78819
13728,1.4386
13729,1.8754
13730,2.0353
13731,2.0873
13732,2.0895
13733,1.7459
13734,1.0635
13735,0.6699
13736,0.49573
13737,0.42873
13738,0.45446
13739,0.95015
13740,1.6503
13741,1.8005
13742,1.6846
13743,1.5913
13744,1.8365
13745,1.391
13746,0.89344
13747,0.72804
13748,0.7525
13749,0.69682
13750,0.73966
13751,1.3547
13752,1.8369
13753,2.0208
13754,2.0866
13755,2.0901
13756,1.8359
13757,1.1356
13758,0.70987
13759,0.51321
13760,0.43374
13761,0.43496
13762,0.85222
13763,1.5893
13764,1.8081
13765,1.7034
13766,1.5893
13767,1.8103
13768,1.4766
13769,0.93537
13770,0.73145
13771,0.74706
13772,0.71652
13773,0.7013
13774,1.2665
13775,1.797
13776,2.004
13777,2.0828
13778,2.0834
13779,1.9158
13780,1.2118
13781,0.74751
13782,0.52529
13783,0.43992
13784,0.42363
13785,0.76372
13786,1.5177
13787,1.8026
13788,1.7162
13789,1.5942
13790,1.7702
13791,1.5613
13792,0.98535
13793,0.74262
13794,0.74251
13795,0.73437
13796,0.67536
13797,1.1756
13798,1.7521
13799,1.9875
13800,2.0776
13801,2.0807
13802,1.9835
13803,1.2945
13804,0.78835
13805,0.54427
13806,0.44633
13807,0.41751
13808,0.68393
13809,1.4353
13810,1.7977
13811,1.7342
13812,1.605
13813,1.7238
13814,1.6435
13815,1.0402
13816,0.76087
13817,0.73666
13818,0.74821
13819,0.65979
13820,1.0848
13821,1.7008
13822,1.9696
13823,2.0686
13824,2.0831
13825,2.0364
13826,1.3823
13827,0.83803
13828,0.5712
13829,0.45624
13830,0.41611
13831,0.61525
13832,1.3435
13833,1.7952
13834,1.793
13835,1.6365
13836,1.6862
13837,1.7205
13838,1.101
13839,0.7581
13840,0.70748
13841,0.74083
13842,0.64603
13843,0.99319
13844,1.6465
13845,1.9426
13846,2.0565
13847,2.0783
13848,2.0685
13849,1.473
13850,0.89009
13851,0.5959
13852,0.46637
13853,0.41758
13854,0.55854
13855,1.246
13856,1.7687
13857,1.8146
13858,1.6551
13859,1.65
13860,1.7815
13861,1.1684
13862,0.78248
13863,0.70221
13864,0.74362
13865,0.64809
13866,0.91235
13867,1.582
13868,1.9193
13869,2.0474
13870,2.0779
13871,2.0834
13872,1.5668
13873,0.94525
13874,0.62237
13875,0.47762
13876,0.42445
13877,0.51488
13878,1.1451
13879,1.7374
13880,1.7922
13881,1.6653
13882,1.6257
13883,1.8244
13884,1.2411
13885,0.82458
13886,0.71768
13887,0.75043
13888,0.65904
13889,0.84107
13890,1.5074
13891,1.8988
13892,2.0421
13893,2.0822
13894,2.0881
13895,1.6628
13896,1.0058
13897,0.64741
13898,0.48673
13899,0.4254
13900,0.47851
13901,1.0399
13902,1.6948
13903,1.7994
13904,1.6729
13905,1.6017
13906,1.8417
13907,1.3196
13908,0.8582
13909,0.72418
13910,0.75587
13911,0.67944
13912,0.7822
13913,1.4289
13914,1.8665
13915,2.0304
13916,2.0865
13917,2.0912
13918,1.7575
13919,1.0726
13920,0.68099
13921,0.50098
13922,0.43095
13923,0.45195
13924,0.93766
13925,1.6434
13926,1.8126
13927,1.6951
13928,1.595
13929,1.8362
13930,1.4025
13931,0.89504
13932,0.71995
13933,0.7441
13934,0.6946
13935,0.73165
13936,1.3441
13937,1.8377
13938,2.0382
13939,2.093
13940,2.0859
13941,1.8463
13942,1.1437
13943,0.70477
13944,0.50766
13945,0.42967
13946,0.43139
13947,0.84072
13948,1.5825
13949,1.798
13950,1.6927
13951,1.5793
13952,1.8011
13953,1.4834
13954,0.94281
13955,0.744
13956,0.75979
13957,0.72878
13958,0.70366
13959,1.2589
13960,1.7927
13961,2.0045
13962,2.0817
13963,2.0876
13964,1.9226
13965,1.2196
13966,0.75265
13967,0.53243
13968,0.44093
13969,0.42247
13970,0.75568
13971,1.5102
13972,1.8097
13973,1.7252
13974,1.5975
13975,1.7667
13976,1.5695
13977,0.98844
13978,0.74449
13979,0.73883
13980,0.73376
13981,0.67241
13982,1.1672
13983,1.7487
13984,1.9858
13985,2.0753
13986,2.0835
13987,1.9902
13988,1.3017
13989,0.7941
13990,0.54786
13991,0.44606
13992,0.41637
13993,0.677
13994,1.4277
13995,1.8
13996,1.7381
13997,1.6056
13998,1.7184
13999,1.6499
14000,1.0442
14001,0.76077
14002,0.73273
14003,0.74884
14004,0.65928
14005,1.0779
14006,1.6974
14007,1.9705
14008,2.0712
14009,2.1132
14010,2.0562
14011,1.3947
14012,0.84255
14013,0.57158
14014,0.45106
14015,0.40573
14016,0.60081
14017,1.3296
14018,1.784
14019,1.7543
14020,1.6038
14021,1.6533
14022,1.721
14023,1.1078
14024,0.78049
14025,0.73758
14026,0.77728
14027,0.66794
14028,0.99449
14029,1.6393
14030,1.9475
14031,2.0605
14032,2.0885
14033,2.0742
14034,1.48
14035,0.89337
14036,0.59553
14037,0.46503
14038,0.41524
14039,0.55405
14040,1.2379
14041,1.7658
14042,1.7787
14043,1.6379
14044,1.6386
14045,1.7823
14046,1.1728
14047,0.79771
14048,0.71701
14049,0.75896
14050,0.6573
14051,0.91126
14052,1.576
14053,1.9236
14054,2.0521
14055,2.0845
14056,2.0878
14057,1.573
14058,0.94814
14059,0.61863
14060,0.47521
14061,0.42134
14062,0.51087
14063,1.1377
14064,1.7329
14065,1.787
14066,1.6571
14067,1.6168
14068,1.8238
14069,1.2454
14070,0.82728
14071,0.72036
14072,0.75769
14073,0.66545
14074,0.83998
14075,1.5031
14076,1.8949
14077,2.0407
14078,2.0862
14079,2.0914
14080,1.6681
14081,1.0098
14082,0.65049
14083,0.48874
14084,0.42588
14085,0.47658
14086,1.034
14087,1.6926
14088,1.802
14089,1.6762
14090,1.6014
14091,1.8422
14092,1.3242
14093,0.85962
14094,0.7212
14095,0.754
14096,0.67966
14097,0.77876
14098,1.4243
14099,1.8676
14100,2.0304
14101,2.0843
14102,2.088
14103,1.7616
14104,1.0756
14105,0.67848
14106,0.49607
14107,0.42914
14108,0.45065
14109,0.93289
14110,1.6407
14111,1.7982
14112,1.6838
14113,1.5889
14114,1.833
14115,1.4055
14116,0.90095
14117,0.73548
14118,0.75793
14119,0.70305
14120,0.73342
14121,1.3401
14122,1.8313
14123,2.0181
14124,2.0874
14125,2.1087
14126,1.8567
14127,1.1507
14128,0.71115
14129,0.51081
14130,0.42478
14131,0.42477
14132,0.82996
14133,1.5743
14134,1.8018
14135,1.6921
14136,1.5665
14137,1.7888
14138,1.4905
14139,0.94595
14140,0.74472
14141,0.76637
14142,0.74157
14143,0.70702
14144,1.2533
14145,1.7907
14146,2.0096
14147,2.084
14148,2.0915
14149,1.9281
14150,1.2249
14151,0.75258
14152,0.53083
14153,0.43932
14154,0.42054
14155,0.74944
14156,1.5059
14157,1.8048
14158,1.7206
14159,1.5923
14160,1.7603
14161,1.5733
14162,0.99244
14163,0.74955
14164,0.74466
14165,0.74035
14166,0.67439
14167,1.1633
14168,1.7457
14169,1.986
14170,2.0756
14171,2.0851
14172,1.9931
14173,1.3063
14174,0.79704
14175,0.549
14176,0.44546
14177,0.41452
14178,0.67264
14179,1.4228
14180,1.7983
14181,1.7368
14182,1.6009
14183,1.7125
14184,1.653
14185,1.0472
14186,0.76258
14187,0.73867
14188,0.75509
14189,0.66185
14190,1.0748
14191,1.6948
14192,1.9675
14193,2.0685
14194,2.0861
14195,2.0426
14196,1.3929
14197,0.84443
14198,0.57362
14199,0.45665
14200,0.41495
14201,0.6073
14202,1.3319
14203,1.7877
14204,1.7609
14205,1.6236
14206,1.6742
14207,1.7263
14208,1.1083
14209,0.77877
14210,0.72816
14211,0.75672
14212,0.65375
14213,0.98725
14214,1.6371
14215,1.9541
14216,2.0663
14217,2.0837
14218,2.0733
14219,1.484
14220,0.89363
14221,0.58924
14222,0.46276
14223,0.41652
14224,0.55233
14225,1.2346
14226,1.7596
14227,1.7662
14228,1.6338
14229,1.637
14230,1.784
14231,1.1759
14232,0.80491
14233,0.71621
14234,0.75634
14235,0.65672
14236,0.90832
14237,1.5706
14238,1.9211
14239,2.0499
14240,2.0846
14241,2.0878
14242,1.5783
14243,0.95211
14244,0.62367
14245,0.4764
14246,0.42178
14247,0.5091
14248,1.1314
14249,1.7319
14250,1.7905
14251,1.6598
14252,1.6167
14253,1.8262
14254,1.2502
14255,0.82779
14256,0.71043
14257,0.74565
14258,0.66125
14259,0.83368
14260,1.4981
14261,1.8924
14262,2.0367
14263,2.0813
14264,2.0884
14265,1.6742
14266,1.0138
14267,0.64697
14268,0.48647
14269,0.42725
14270,0.47545
14271,1.0278
14272,1.6885
14273,1.7945
14274,1.6743
14275,1.6016
14276,1.8429
14277,1.3295
14278,0.86476
14279,0.72712
14280,0.7555
14281,0.68082
14282,0.77521
14283,1.4175
14284,1.8619
14285,2.0291
14286,2.0848
14287,2.0897
14288,1.769
14289,1.0819
14290,0.68388
14291,0.50078
14292,0.43117
14293,0.44934
14294,0.9247
14295,1.6359
14296,1.8057
14297,1.6922
14298,1.5927
14299,1.8331
14300,1.4134
14301,0.90259
14302,0.72849
14303,0.75072
14304,0.70038
14305,0.72752
14306,1.3322
14307,1.8264
14308,2.0155
14309,2.0829
14310,2.086
14311,1.8574
14312,1.1546
14313,0.71998
14314,0.51588
14315,0.43592
14316,0.43193
14317,0.82871
14318,1.5719
14319,1.808
14320,1.7075
14321,1.5916
14322,1.802
14323,1.4986
14324,0.94774
14325,0.73648
14326,0.74296
14327,0.71932
14328,0.69251
14329,1.2428
14330,1.7862
14331,1.9995
14332,2.0802
14333,2.0845
14334,1.9358
14335,1.2329
14336,0.75863
14337,0.53303
14338,0.44093
14339,0.42103
14340,0.74145
14341,1.4972
14342,1.8271
14343,1.7568
14344,1.6089
14345,1.7623
14346,1.5845
14347,0.9954
14348,0.72662
14349,0.71966
14350,0.72571
14351,0.66426
14352,1.1499
14353,1.7422
14354,1.9769
14355,2.0713
14356,2.0817
14357,2.0011
14358,1.3155
14359,0.80393
14360,0.55434
14361,0.44951
14362,0.4167
14363,0.66511
14364,1.4127
14365,1.7992
14366,1.7451
14367,1.6115
14368,1.7124
14369,1.6633
14370,1.0541
14371,0.76201
14372,0.72504
14373,0.74628
14374,0.65572
14375,1.0619
14376,1.688
14377,1.9677
14378,2.0695
14379,2.0798
14380,2.0455
14381,1.404
14382,0.84864
14383,0.57569
14384,0.45812
14385,0.41464
14386,0.59988
14387,1.3207
14388,1.7837
14389,1.7637
14390,1.6242
14391,1.6687
14392,1.7339
14393,1.116
14394,0.77866
14395,0.72
14396,0.75541
14397,0.65332
14398,0.97746
14399,1.63
14400,1.9429
14401,2.0606
14402,2.0831
14403,2.0752
14404,1.4948
14405,0.90119
14406,0.59808
14407,0.46596
14408,0.4151
14409,0.54609
14410,1.2222
14411,1.7602
14412,1.7749
14413,1.6362
14414,1.6313
14415,1.7892
14416,1.1836
14417,0.80336
14418,0.71793
14419,0.76103
14420,0.66
14421,0.90056
14422,1.5646
14423,1.9196
14424,2.0505
14425,2.0852
14426,2.0896
14427,1.5879
14428,0.95743
14429,0.62187
14430,0.4764
14431,0.42145
14432,0.50472
14433,1.1214
14434,1.7265
14435,1.7872
14436,1.6581
14437,1.6122
14438,1.8279
14439,1.2574
14440,0.83413
14441,0.71791
14442,0.7578
14443,0.66804
14444,0.83
14445,1.4908
14446,1.8907
14447,2.0393
14448,2.0847
14449,2.0911
14450,1.6829
14451,1.0198
14452,0.65509
14453,0.4908
14454,0.42767
14455,0.47248
14456,1.018
14457,1.6851
14458,1.8001
14459,1.6798
14460,1.6014
14461,1.8434
14462,1.3371
14463,0.86643
14464,0.71755
14465,0.75052
14466,0.68057
14467,0.76944
14468,1.4104
14469,1.8603
14470,2.0266
14471,2.0838
14472,2.0878
14473,1.7769
14474,1.0876
14475,0.68573
14476,0.49938
14477,0.43055
14478,0.44735
14479,0.9162
14480,1.6308
14481,1.8019
14482,1.6891
14483,1.5899
14484,1.8302
14485,1.4202
14486,0.90723
14487,0.72973
14488,0.75306
14489,0.70418
14490,0.72527
14491,1.3249
14492,1.823
14493,2.0146
14494,2.0819
14495,2.0862
14496,1.864
14497,1.1611
14498,0.72386
14499,0.52076
14500,0.43802
14501,0.43144
14502,0.82143
14503,1.5661
14504,1.8124
14505,1.7156
14506,1.5965
14507,1.801
14508,1.5065
14509,0.95051
14510,0.7309
14511,0.73905
14512,0.71744
14513,0.68817
14514,1.2347
14515,1.7826
14516,1.9975
14517,2.0765
14518,2.0821
14519,1.9418
14520,1.2397
14521,0.76352
14522,0.53673
14523,0.44419
14524,0.4217
14525,0.73497
14526,1.4904
14527,1.8076
14528,1.7311
14529,1.6035
14530,1.7571
14531,1.5909
14532,1.0024
14533,0.74823
14534,0.73528
14535,0.73479
14536,0.66619
14537,1.1433
14538,1.7358
14539,1.9811
14540,2.0729
14541,2.0814
14542,2.0045
14543,1.324
14544,0.80743
14545,0.55695
14546,0.45069
14547,0.41674
14548,0.65889
14549,1.4045
14550,1.7981
14551,1.7468
14552,1.6137
14553,1.7094
14554,1.6706
14555,1.0596
14556,0.76295
14557,0.71732
14558,0.74338
14559,0.65322
14560,1.0531
14561,1.6826
14562,1.96
14563,2.0658
14564,2.0779
14565,2.0486
14566,1.4127
14567,0.85584
14568,0.57784
14569,0.4599
14570,0.41765
14571,0.59531
14572,1.3109
14573,1.7831
14574,1.7655
14575,1.6325
14576,1.6708
14577,1.7423
14578,1.1234
14579,0.78286
14580,0.72285
14581,0.75208
14582,0.65013
14583,0.96665
14584,1.6224
14585,1.9398
14586,2.0573
14587,2.0847
14588,2.078
14589,1.5063
14590,0.90811
14591,0.60165
14592,0.46851
14593,0.41898
14594,0.54138
14595,1.2101
14596,1.7569
14597,1.7783
14598,1.6463
14599,1.6344
14600,1.7974
14601,1.1931
14602,0.80628
14603,0.70256
14604,0.73482
14605,0.89949
14606,1.1999
14607,1.5563
14608,1.8234
14609,1.9982
14610,2.0609
14611,1.8552
14612,1.3584
14613,0.91831
14614,0.64102
14615,0.49407
14616,0.47082
14617,0.70571
14618,1.3223
14619,1.8098
14620,1.8478
14621,1.7323
14622,1.8451
14623,1.7726
14624,1.1304
14625,0.75127
14626,0.65685
14627,0.62919
14628,0.56059
14629,0.91745
14630,1.6095
14631,1.9256
14632,2.0095
14633,1.965
14634,2.0174
14635,1.5138
14636,0.91751
14637,0.61815
14638,0.50737
14639,0.46998
14640,0.5627
14641,1.2074
14642,1.7611
14643,1.8239
14644,1.7568
14645,1.7389
14646,1.8391
14647,1.2102
14648,0.79953
14649,0.66281
14650,0.65646
14651,0.58472
14652,0.83843
14653,1.5306
14654,1.8955
14655,2.005
14656,2.0073
14657,2.0356
14658,1.6222
14659,0.98402
14660,0.64987
14661,0.50743
14662,0.4598
14663,0.51123
14664,1.0875
14665,1.7169
14666,1.8267
14667,1.7418
14668,1.6872
14669,1.8695
14670,1.2969
14671,0.8378
14672,0.68571
14673,0.684
14674,0.61466
14675,0.77121
14676,1.4467
14677,1.8711
14678,2.0114
14679,2.0412
14680,2.0469
14681,1.7278
14682,1.0539
14683,0.67423
14684,0.50586
14685,0.45101
14686,0.47249
14687,0.97188
14688,1.6611
14689,1.8119
14690,1.722
14691,1.6439
14692,1.8635
14693,1.3844
14694,0.88568
14695,0.709
14696,0.71165
14697,0.65452
14698,0.72429
14699,1.3577
14700,1.8365
14701,2.01
14702,2.0669
14703,2.0594
14704,1.8257
14705,1.1297
14706,0.71118
14707,0.51826
14708,0.44704
14709,0.44578
14710,0.86397
14711,1.5955
14712,1.8175
14713,1.7256
14714,1.622
14715,1.8315
14716,1.4743
14717,0.93049
14718,0.72397
14719,0.72316
14720,0.68862
14721,0.68883
14722,1.2666
14723,1.7982
14724,2
14725,2.0726
14726,2.0695
14727,1.9129
14728,1.2094
14729,0.74879
14730,0.53262
14731,0.44648
14732,0.42824
14733,0.76796
14734,1.5206
14735,1.8123
14736,1.7329
14737,1.6117
14738,1.7817
14739,1.5612
14740,0.98196
14741,0.7377
14742,0.72074
14743,0.71604
14744,0.66649
14745,1.1745
14746,1.7534
14747,1.9838
14748,2.0727
14749,2.0765
14750,1.9832
14751,1.2932
14752,0.79061
14753,0.55095
14754,0.45079
14755,0.4201
14756,0.68565
14757,1.4364
14758,1.8062
14759,1.7479
14760,1.6172
14761,1.731
14762,1.6448
14763,1.0385
14764,0.75451
14765,0.71331
14766,0.73264
14767,0.65217
14768,1.0823
14769,1.7019
14770,1.9761
14771,2.0722
14772,2.075
14773,2.0345
14774,1.3815
14775,0.83553
14776,0.56667
14777,0.45607
14778,0.41769
14779,0.61629
14780,1.3453
14781,1.7871
14782,1.7573
14783,1.626
14784,1.6842
14785,1.7187
14786,1.1007
14787,0.77607
14788,0.71776
14789,0.72636
14790,0.64704
14791,0.99511
14792,1.6433
14793,1.9467
14794,2.0586
14795,2.076
14796,2.0673
14797,1.4735
14798,0.88971
14799,0.59501
14800,0.46597
14801,0.41933
14802,0.55956
14803,1.2456
14804,1.7669
14805,1.7771
14806,1.6439
14807,1.6485
14808,1.7813
14809,1.1685
14810,0.7967
14811,0.69951
14812,0.72532
14813,0.64335
14814,0.91059
14815,1.5777
14816,1.9423
14817,2.0607
14818,2.0779
14819,2.0825
14820,1.5695
14821,0.94306
14822,0.6103
14823,0.47041
14824,0.42212
14825,0.51326
14826,1.1425
14827,1.733
14828,1.7762
14829,1.6515
14830,1.6176
14831,1.8226
14832,1.2415
14833,0.83096
14834,0.72771
14835,0.76186
14836,0.66634
14837,0.84395
14838,1.5056
14839,1.8969
14840,2.0427
14841,2.0853
14842,2.093
14843,1.6644
14844,1.0076
14845,0.64912
14846,0.48819
14847,0.42466
14848,0.47739
14849,1.0377
14850,1.6942
14851,1.8017
14852,1.6751
14853,1.6005
14854,1.8414
14855,1.321
14856,0.85809
14857,0.71754
14858,0.75205
14859,0.67891
14860,0.78097
14861,1.4273
14862,1.8664
14863,2.0295
14864,2.0865
14865,2.0918
14866,1.7595
14867,1.074
14868,0.67946
14869,0.49826
14870,0.42921
14871,0.45074
14872,0.93534
14873,1.6422
14874,1.8037
14875,1.6871
14876,1.5896
14877,1.8335
14878,1.4036
14879,0.89857
14880,0.72679
14881,0.74972
14882,0.6995
14883,0.73314
14884,1.3422
14885,1.8343
14886,2.021
14887,2.0832
14888,2.0871
14889,1.8477
14890,1.1456
14891,0.71421
14892,0.51555
14893,0.43521
14894,0.43338
14895,0.83925
14896,1.5804
14897,1.8098
14898,1.708
14899,1.5918
14900,1.8065
14901,1.4881
14902,0.94147
14903,0.73246
14904,0.73305
14905,0.71323
14906,0.69471
14907,1.2536
14908,1.7915
14909,1.9992
14910,2.0802
14911,2.0801
14912,1.9255
14913,1.2225
14914,0.75546
14915,0.5346
14916,0.44413
14917,0.42436
14918,0.75302
14919,1.5072
14920,1.8116
14921,1.7312
14922,1.6053
14923,1.7694
14924,1.574
14925,0.99056
14926,0.74232
14927,0.73287
14928,0.72806
14929,0.66795
14930,1.1617
14931,1.7462
14932,1.9892
14933,2.0754
14934,2.0786
14935,1.992
14936,1.3057
14937,0.79508
14938,0.55181
14939,0.45008
14940,0.41835
14941,0.6744
14942,1.4245
14943,1.8026
14944,1.7477
14945,1.6149
14946,1.7215
14947,1.6546
14948,1.0467
14949,0.75802
14950,0.71866
14951,0.73915
14952,0.65358
14953,1.0715
14954,1.6947
14955,1.9727
14956,2.0714
14957,2.0776
14958,2.0405
14959,1.3933
14960,0.84225
14961,0.5691
14962,0.4557
14963,0.41678
14964,0.60785
14965,1.3327
14966,1.7834
14967,1.7549
14968,1.6235
14969,1.6763
14970,1.7267
14971,1.1089
14972,0.78161
14973,0.72926
14974,0.75588
14975,0.65283
14976,0.98682
14977,1.6358
14978,1.9456
14979,2.06
14980,2.085
14981,2.0735
14982,1.4852
14983,0.89589
14984,0.59206
14985,0.46222
14986,0.41599
14987,0.55159
14988,1.2325
14989,1.7621
14990,1.8085
14991,1.6491
14992,1.6411
14993,1.7868
14994,1.1776
14995,0.78928
14996,0.70877
14997,0.75121
14998,0.65327
14999,0.90456
15000,1.5727
15001,1.9251
15002,2.0517
15003,2.1052
15004,2.1115
15005,1.5884
15006,0.95449
15007,0.61975
15008,0.47324
15009,0.41097
15010,0.49765
15011,1.1216
15012,1.7263
15013,1.7839
15014,1.6405
15015,1.588
15016,1.8173
15017,1.2529
15018,0.83292
15019,0.73174
15020,0.78084
15021,0.68656
15022,0.84241
15023,1.4978
15024,1.8941
15025,2.0416
15026,2.0923
15027,2.1017
15028,1.676
15029,1.0148
15030,0.65007
15031,0.48437
15032,0.42
15033,0.4708
15034,1.0245
15035,1.688
15036,1.7931
15037,1.6625
15038,1.5855
15039,1.836
15040,1.3289
15041,0.8647
15042,0.7246
15043,0.76654
15044,0.69237
15045,0.78088
15046,1.42
15047,1.8642
15048,2.0305
15049,2.0886
15050,2.0933
15051,1.7665
15052,1.0799
15053,0.68281
15054,0.5012
15055,0.42839
15056,0.44869
15057,0.92705
15058,1.6373
15059,1.8062
15060,1.6893
15061,1.5882
15062,1.8314
15063,1.4104
15064,0.90096
15065,0.7273
15066,0.75372
15067,0.70317
15068,0.73068
15069,1.3359
15070,1.8279
15071,2.0162
15072,2.0834
15073,2.0877
15074,1.8542
15075,1.1516
15076,0.71811
15077,0.51807
15078,0.43632
15079,0.43247
15080,0.83259
15081,1.5748
15082,1.8096
15083,1.7106
15084,1.5934
15085,1.8042
15086,1.4952
15087,0.94526
15088,0.73523
15089,0.74348
15090,0.71796
15091,0.69335
15092,1.2465
15093,1.7884
15094,2.0001
15095,2.0801
15096,2.0858
15097,1.9328
15098,1.2295
15099,0.75852
15100,0.53526
15101,0.44263
15102,0.42207
15103,0.74508
15104,1.5005
15105,1.8122
15106,1.7315
15107,1.6018
15108,1.7624
15109,1.5802
15110,0.99467
15111,0.74318
15112,0.72553
15113,0.72968
15114,0.66736
15115,1.1547
15116,1.7427
15117,1.9857
15118,2.0742
15119,2.0834
15120,1.9978
15121,1.313
15122,0.79877
15123,0.55184
15124,0.44966
15125,0.41645
15126,0.66765
15127,1.4169
15128,1.7983
15129,1.7441
15130,1.6102
15131,1.7138
15132,1.66
15133,1.0518
15134,0.76221
15135,0.73252
15136,0.74893
15137,0.65725
15138,1.0662
15139,1.6901
15140,1.965
15141,2.0672
15142,2.0839
15143,2.0453
15144,1.4006
15145,0.84799
15146,0.56987
15147,0.45343
15148,0.41324
15149,0.60157
15150,1.3236
15151,1.7831
15152,1.7547
15153,1.6165
15154,1.6661
15155,1.7304
15156,1.1139
15157,0.78249
15158,0.73247
15159,0.76395
15160,0.65783
15161,0.98235
15162,1.6321
15163,1.9447
15164,2.06
15165,2.088
15166,2.0765
15167,1.4915
15168,0.89996
15169,0.59807
15170,0.46549
15171,0.41646
15172,0.54815
15173,1.2257
15174,1.7617
15175,1.776
15176,1.6396
15177,1.6353
15178,1.7885
15179,1.1815
15180,0.80234
15181,0.71279
15182,0.75472
15183,0.65643
15184,0.90136
15185,1.5665
15186,1.9185
15187,2.0485
15188,2.0838
15189,2.0881
15190,1.5855
15191,0.95649
15192,0.6202
15193,0.47471
15194,0.42139
15195,0.50586
15196,1.1239
15197,1.727
15198,1.7835
15199,1.655
15200,1.6121
15201,1.8271
15202,1.2556
15203,0.83415
15204,0.72692
15205,0.76207
15206,0.66938
15207,0.83217
15208,1.4924
15209,1.8919
15210,2.0406
15211,2.0877
15212,2.0942
15213,1.6819
15214,1.0189
15215,0.65176
15216,0.48789
15217,0.42546
15218,0.47168
15219,1.0188
15220,1.685
15221,1.7963
15222,1.6739
15223,1.5963
15224,1.8411
15225,1.3354
15226,0.86702
15227,0.7256
15228,0.75783
15229,0.68537
15230,0.77279
15231,1.4122
15232,1.864
15233,2.0331
15234,2.0855
15235,2.0907
15236,1.7754
15237,1.0862
15238,0.68018
15239,0.49693
15240,0.42899
15241,0.44682
15242,0.91771
15243,1.6319
15244,1.7971
15245,1.6839
15246,1.5856
15247,1.8285
15248,1.4175
15249,0.908
15250,0.7349
15251,0.75775
15252,0.70755
15253,0.72842
15254,1.3274
15255,1.8251
15256,2.0154
15257,2.084
15258,2.0862
15259,1.8608
15260,1.1587
15261,0.71899
15262,0.51759
15263,0.43714
15264,0.43181
15265,0.82424
15266,1.5683
15267,1.8089
15268,1.7111
15269,1.5942
15270,1.8016
15271,1.5033
15272,0.95016
15273,0.73479
15274,0.7277
15275,0.71343
15276,0.68811
15277,1.2368
15278,1.7835
15279,1.996
15280,2.0764
15281,2.0827
15282,1.9395
15283,1.2377
15284,0.7624
15285,0.53788
15286,0.44153
15287,0.42053
15288,0.73668
15289,1.4923
15290,1.8097
15291,1.7318
15292,1.5993
15293,1.7557
15294,1.5883
15295,1.0003
15296,0.74503
15297,0.73579
15298,0.73696
15299,0.66825
15300,1.1468
15301,1.7379
15302,1.9814
15303,2.0738
15304,2.0841
15305,2.0033
15306,1.321
15307,0.80505
15308,0.55488
15309,0.44831
15310,0.41578
15311,0.6608
15312,1.4076
15313,1.7993
15314,1.7458
15315,1.6104
15316,1.7086
15317,1.6672
15318,1.0573
15319,0.7627
15320,0.7317
15321,0.75057
15322,0.65703
15323,1.0579
15324,1.6854
15325,1.9647
15326,2.0684
15327,2.0873
15328,2.0504
15329,1.4095
15330,0.85262
15331,0.57596
15332,0.45561
15333,0.41334
15334,0.59543
15335,1.3144
15336,1.7827
15337,1.7604
15338,1.6203
15339,1.6625
15340,1.7367
15341,1.1198
15342,0.78058
15343,0.72107
15344,0.75864
15345,0.6557
15346,0.97368
15347,1.6264
15348,1.9406
15349,2.0577
15350,2.0824
15351,2.0761
15352,1.4997
15353,0.90495
15354,0.59674
15355,0.46479
15356,0.41764
15357,0.54458
15358,1.217
15359,1.7563
15360,1.7709
15361,1.6391
15362,1.6338
15363,1.793
15364,1.1883
15365,0.80902
15366,0.7241
15367,0.76182
15368,0.65935
15369,0.89535
15370,1.559
15371,1.9167
15372,2.0496
15373,2.085
15374,2.0907
15375,1.5951
15376,0.96235
15377,0.62445
15378,0.47605
15379,0.42103
15380,0.5016
15381,1.1131
15382,1.7242
15383,1.7889
15384,1.6574
15385,1.6091
15386,1.8293
15387,1.2632
15388,0.83514
15389,0.71658
15390,0.75786
15391,0.66975
15392,0.82541
15393,1.4856
15394,1.8895
15395,2.0389
15396,2.0856
15397,2.0882
15398,1.7249
15399,1.04
15400,0.66342
15401,0.49248
15402,0.42724
15403,0.46771
15404,0.98279
15405,1.6683
15406,1.8019
15407,1.6807
15408,1.6032
15409,1.845
15410,1.3653
15411,0.87952
15412,0.72777
15413,0.75222
15414,0.68542
15415,0.7511
15416,1.3812
15417,1.8472
15418,2.0233
15419,2.0841
15420,2.0865
15421,1.8083
15422,1.1127
15423,0.69946
15424,0.50916
15425,0.434
15426,0.44134
15427,0.88244
15428,1.6095
15429,1.8128
15430,1.7031
15431,1.5943
15432,1.8232
15433,1.4506
15434,0.91974
15435,0.73086
15436,0.74615
15437,0.70684
15438,0.70977
15439,1.2939
15440,1.8099
15441,2.0089
15442,2.0811
15443,2.0846
15444,1.8926
15445,1.1874
15446,0.73684
15447,0.52597
15448,0.4388
15449,0.42669
15450,0.79029
15451,1.5411
15452,1.8113
15453,1.7202
15454,1.596
15455,1.7852
15456,1.5354
15457,0.96762
15458,0.73716
15459,0.7396
15460,0.72586
15461,0.68056
15462,1.2039
15463,1.7676
15464,1.9925
15465,2.0759
15466,2.0824
15467,1.965
15468,1.2677
15469,0.77697
15470,0.54222
15471,0.44421
15472,0.41801
15473,0.7074
15474,1.4624
15475,1.803
15476,1.7327
15477,1.6008
15478,1.7374
15479,1.6176
15480,1.0211
15481,0.75456
15482,0.73817
15483,0.74495
15484,0.66421
15485,1.1144
15486,1.7189
15487,1.9758
15488,2.0714
15489,2.0846
15490,2.0223
15491,1.3529
15492,0.82267
15493,0.56227
15494,0.45075
15495,0.41439
15496,0.63559
15497,1.374
15498,1.7947
15499,1.7521
15500,1.6136
15501,1.6911
15502,1.6945
15503,1.0797
15504,0.77008
15505,0.73131
15506,0.75582
15507,0.65598
15508,1.0261
15509,1.6643
15510,1.9558
15511,2.0643
15512,2.0863
15513,2.0622
15514,1.4423
15515,0.87098
15516,0.58366
15517,0.46003
15518,0.41537
15519,0.57567
15520,1.279
15521,1.7746
15522,1.7654
15523,1.6299
15524,1.6524
15525,1.76
15526,1.1445
15527,0.79026
15528,0.72634
15529,0.76095
15530,0.65594
15531,0.94348
15532,1.6024
15533,1.9361
15534,2.0573
15535,2.0837
15536,2.0833
15537,1.5349
15538,0.92439
15539,0.60876
15540,0.47004
15541,0.41799
15542,0.52706
15543,1.179
15544,1.747
15545,1.7813
15546,1.6461
15547,1.6222
15548,1.8088
15549,1.2149
15550,0.81513
15551,0.71083
15552,0.75008
15553,0.65901
15554,0.86729
15555,1.5332
15556,1.9095
15557,2.0445
15558,2.0827
15559,2.0897
15560,1.6296
15561,0.98353
15562,0.63802
15563,0.48277
15564,0.42394
15565,0.48954
15566,1.0762
15567,1.7107
15568,1.796
15569,1.6679
15570,1.6066
15571,1.8378
15572,1.2914
15573,0.8458
15574,0.71224
15575,0.75201
15576,0.67188
15577,0.80168
15578,1.4571
15579,1.8771
15580,2.0331
15581,2.0854
15582,2.0891
15583,1.7241
15584,1.0485
15585,0.66119
15586,0.49235
15587,0.42865
15588,0.46063
15589,0.97355
15590,1.662
15591,1.7975
15592,1.6807
15593,1.5943
15594,1.8403
15595,1.3726
15596,0.88503
15597,0.72718
15598,0.75495
15599,0.69207
15600,0.74953
15601,1.3733
15602,1.8436
15603,2.0224
15604,2.0829
15605,2.088
15606,1.816
15607,1.1194
15608,0.70155
15609,0.50553
15610,0.4308
15611,0.43836
15612,0.87321
15613,1.6035
15614,1.8018
15615,1.6914
15616,1.5848
15617,1.8162
15618,1.4572
15619,0.92676
15620,0.73883
15621,0.75582
15622,0.71676
15623,0.71083
15624,1.2866
15625,1.806
15626,2.0089
15627,2.0825
15628,2.0868
15629,1.899
15630,1.1946
15631,0.73954
15632,0.5213
15633,0.43518
15634,0.4241
15635,0.7819
15636,1.5342
15637,1.8038
15638,1.7087
15639,1.5866
15640,1.7765
15641,1.5415
15642,0.97332
15643,0.74225
15644,0.74892
15645,0.73599
15646,0.68314
15647,1.1977
15648,1.7634
15649,1.9926
15650,2.0794
15651,2.0841
15652,1.9694
15653,1.2743
15654,0.78107
15655,0.54498
15656,0.44598
15657,0.41844
15658,0.70186
15659,1.4557
15660,1.8058
15661,1.7375
15662,1.6055
15663,1.7361
15664,1.6249
15665,1.0251
15666,0.75336
15667,0.7337
15668,0.74225
15669,0.66109
15670,1.1061
15671,1.7149
15672,1.9735
15673,2.0711
15674,2.0834
15675,2.0259
15676,1.3601
15677,0.8258
15678,0.56424
15679,0.45326
15680,0.41583
15681,0.63079
15682,1.3669
15683,1.7917
15684,1.7522
15685,1.6185
15686,1.6903
15687,1.701
15688,1.0851
15689,0.77026
15690,0.71638
15691,0.74773
15692,0.6517
15693,1.0174
15694,1.6587
15695,1.9517
15696,2.0622
15697,2.0792
15698,2.0622
15699,1.4505
15700,0.87685
15701,0.58385
15702,0.45979
15703,0.41676
15704,0.57159
15705,1.2702
15706,1.7699
15707,1.7623
15708,1.6309
15709,1.6513
15710,1.7657
15711,1.1513
15712,0.79638
15713,0.72881
15714,0.76125
15715,0.65575
15716,0.93572
15717,1.595
15718,1.931
15719,2.0549
15720,2.0866
15721,2.0854
15722,1.5451
15723,0.93138
15724,0.6131
15725,0.47322
15726,0.41965
15727,0.52287
15728,1.1676
15729,1.7438
15730,1.8267
15731,1.6693
15732,1.6289
15733,1.8164
15734,1.2243
15735,0.80538
15736,0.70092
15737,0.74392
15738,0.65472
15739,0.85598
15740,1.5272
15741,1.9145
15742,2.0501
15743,2.0834
15744,2.0884
15745,1.6406
15746,0.98878
15747,0.63495
15748,0.48161
15749,0.42499
15750,0.4858
15751,1.0656
15752,1.7051
15753,1.7893
15754,1.6669
15755,1.6044
15756,1.8388
15757,1.299
15758,0.85213
15759,0.71815
15760,0.74835
15761,0.67272
15762,0.79602
15763,1.4479
15764,1.8735
15765,2.0309
15766,2.0828
15767,2.0891
15768,1.7338
15769,1.056
15770,0.66845
15771,0.49411
15772,0.42933
15773,0.45817
15774,0.96258
15775,1.6566
15776,1.8022
15777,1.685
15778,1.5948
15779,1.8397
15780,1.3819
15781,0.88783
15782,0.72729
15783,0.75311
15784,0.6931
15785,0.74382
15786,1.3644
15787,1.84
15788,2.0207
15789,2.0839
15790,2.0875
15791,1.8256
15792,1.127
15793,0.70617
15794,0.50998
15795,0.43387
15796,0.43743
15797,0.86326
15798,1.5968
15799,1.8097
15800,1.702
15801,1.591
15802,1.8154
15803,1.4669
15804,0.92947
15805,0.73503
15806,0.74885
15807,0.71359
15808,0.70456
15809,1.2768
15810,1.8026
15811,2.0121
15812,2.0844
15813,2.0842
15814,1.9075
15815,1.2028
15816,0.73941
15817,0.5232
15818,0.43806
15819,0.42426
15820,0.77311
15821,1.5271
15822,1.8027
15823,1.713
15824,1.5916
15825,1.7743
15826,1.5505
15827,0.97911
15828,0.74748
15829,0.7468
15830,0.73476
15831,0.67911
15832,1.1873
15833,1.758
15834,1.9908
15835,2.0765
15836,2.0851
15837,1.9769
15838,1.2842
15839,0.78545
15840,0.54159
15841,0.4425
15842,0.41586
15843,0.69216
15844,1.4454
15845,1.7982
15846,1.7276
15847,1.5964
15848,1.7247
15849,1.6324
15850,1.0327
15851,0.76083
15852,0.72947
15853,0.74829
15854,0.66311
15855,1.0973
15856,1.7082
15857,1.971
15858,2.0693
15859,2.0805
15860,2.0295
15861,1.3698
15862,0.83144
15863,0.56611
15864,0.45199
15865,0.41501
15866,0.62378
15867,1.3563
15868,1.7911
15869,1.7541
15870,1.6169
15871,1.6844
15872,1.7085
15873,1.0919
15874,0.77369
15875,0.72959
15876,0.75614
15877,0.65457
15878,1.0092
15879,1.6526
15880,1.9515
15881,2.0622
15882,2.0858
15883,2.0675
15884,1.4604
15885,0.88141
15886,0.58701
15887,0.461
15888,0.4158
15889,0.56525
15890,1.2595
15891,1.7693
15892,1.7666
15893,1.632
15894,1.6453
15895,1.771
15896,1.158
15897,0.7957
15898,0.71541
15899,0.75609
15900,0.655
15901,0.92742
15902,1.5889
15903,1.9272
15904,2.0524
15905,2.0832
15906,2.0854
15907,1.5538
15908,0.93706
15909,0.617
15910,0.47439
15911,0.42112
15912,0.51948
15913,1.1582
15914,1.7414
15915,1.7881
15916,1.657
15917,1.6231
15918,1.8184
15919,1.2307
15920,0.81964
15921,0.7017
15922,0.72284
15923,0.64923
15924,0.84776
15925,1.5164
15926,1.901
15927,2.0348
15928,2.0744
15929,2.0837
15930,1.6502
15931,0.99785
15932,0.63902
15933,0.48418
15934,0.4284
15935,0.48448
15936,1.054
15937,1.7
15938,1.7936
15939,1.675
15940,1.6102
15941,1.8436
15942,1.3099
15943,0.85564
15944,0.72076
15945,0.75029
15946,0.6721
15947,0.78655
15948,1.4369
15949,1.8695
15950,2.0307
15951,2.0844
15952,2.0867
15953,1.7462
15954,1.0652
15955,0.67649
15956,0.49866
15957,0.43212
15958,0.45598
15959,0.94929
15960,1.6499
15961,1.8075
15962,1.6937
15963,1.5991
15964,1.8401
15965,1.394
15966,0.89217
15967,0.72343
15968,0.74416
15969,0.69036
15970,0.73483
15971,1.3521
15972,1.8373
15973,2.0211
15974,2.0843
15975,2.082
15976,1.8369
15977,1.1367
15978,0.71015
15979,0.51219
15980,0.43638
15981,0.43664
15982,0.85117
15983,1.5885
15984,1.8096
15985,1.7074
15986,1.5958
15987,1.8134
15988,1.4787
15989,0.93592
15990,0.73469
15991,0.74403
15992,0.71222
15993,0.69808
15994,1.2637
15995,1.7961
15996,2.0037
15997,2.0803
15998,2.0835
15999,1.9184
16000,1.2141
16001,0.75018
16002,0.53171
16003,0.44001
16004,0.42289
16005,0.76091
16006,1.5153
16007,1.8289
16008,1.7526
16009,1.6064
16010,1.7729
16011,1.5651
16012,0.98281
16013,0.7237
16014,0.7212
16015,0.72233
16016,0.66875
16017,1.1712
16018,1.7533
16019,2.0062
16020,2.0807
16021,2.0767
16022,1.9858
16023,1.2953
16024,0.78497
16025,0.54128
16026,0.44495
16027,0.41701
16028,0.6823
16029,1.4362
16030,1.7942
16031,1.7286
16032,1.6014
16033,1.7208
16034,1.6424
16035,1.0401
16036,0.76631
16037,0.74336
16038,0.75299
16039,0.66245
16040,1.0867
16041,1.7008
16042,1.9846
16043,2.0763
16044,2.0851
16045,2.0365
16046,1.3815
16047,0.8346
16048,0.56237
16049,0.45018
16050,0.41326
16051,0.61473
16052,1.3449
16053,1.7831
16054,1.7433
16055,1.6101
16056,1.6736
16057,1.7154
16058,1.1002
16059,0.7809
16060,0.72508
16061,0.75972
16062,0.65713
16063,1.0005
16064,1.6442
16065,1.9485
16066,2.0609
16067,2.0828
16068,2.069
16069,1.4713
16070,0.88868
16071,0.59263
16072,0.46321
16073,0.41696
16074,0.55985
16075,1.2475
16076,1.7676
16077,1.7727
16078,1.6374
16079,1.6443
16080,1.7786
16081,1.1667
16082,0.79786
16083,0.7219
16084,0.75854
16085,0.65549
16086,0.91734
16087,1.5808
16088,1.9245
16089,2.0519
16090,2.0864
16091,2.0881
16092,1.5661
16093,0.94411
16094,0.61648
16095,0.47296
16096,0.41992
16097,0.51329
16098,1.1448
16099,1.7357
16100,1.7836
16101,1.6527
16102,1.6154
16103,1.8207
16104,1.2397
16105,0.82577
16106,0.72446
16107,0.76186
16108,0.667
16109,0.84605
16110,1.509
16111,1.9077
16112,2.051
16113,2.0891
16114,2.0931
16115,1.6612
16116,1.0034
16117,0.63904
16118,0.48303
16119,0.4204
16120,0.47677
16121,1.0413
16122,1.6945
16123,1.7885
16124,1.6613
16125,1.5911
16126,1.837
16127,1.316
16128,0.86101
16129,0.7287
16130,0.76601
16131,0.68741
16132,0.78865
16133,1.4315
16134,1.8677
16135,2.0315
16136,2.0851
16137,2.0934
16138,1.753
16139,1.0699
16140,0.67865
16141,0.50015
16142,0.42996
16143,0.45277
16144,0.94167
16145,1.6457
16146,1.8067
16147,1.6915
16148,1.5933
16149,1.8363
16150,1.399
16151,0.89495
16152,0.72323
16153,0.74947
16154,0.69643
16155,0.7345
16156,1.3473
16157,1.8366
16158,2.0252
16159,2.0863
16160,2.0852
16161,1.8422
16162,1.141
16163,0.7091
16164,0.51133
16165,0.43482
16166,0.43461
16167,0.84538
16168,1.5848
16169,1.806
16170,1.7028
16171,1.5909
16172,1.8088
16173,1.4826
16174,0.93913
16175,0.73828
16176,0.74858
16177,0.71776
16178,0.69885
16179,1.2598
16180,1.794
16181,2.0037
16182,2.0808
16183,2.085
16184,1.9219
16185,1.218
16186,0.75031
16187,0.53029
16188,0.43811
16189,0.42201
16190,0.75674
16191,1.5117
16192,1.8075
16193,1.7201
16194,1.5932
16195,1.7652
16196,1.5671
16197,0.98777
16198,0.74473
16199,0.73643
16200,0.73485
16201,0.67397
16202,1.1697
16203,1.7496
16204,2.0012
16205,2.0808
16206,2.0854
16207,1.989
16208,1.3
16209,0.78877
16210,0.54567
16211,0.44402
16212,0.41379
16213,0.67754
16214,1.4305
16215,1.7972
16216,1.7347
16217,1.5972
16218,1.7137
16219,1.6458
16220,1.0426
16221,0.76138
16222,0.73675
16223,0.75539
16224,0.66375
16225,1.0829
16226,1.6995
16227,1.9684
16228,2.0692
16229,2.0875
16230,2.0392
16231,1.3851
16232,0.83894
16233,0.56595
16234,0.45096
16235,0.41256
16236,0.61181
16237,1.34
16238,1.7853
16239,1.7506
16240,1.6122
16241,1.6714
16242,1.7185
16243,1.1026
16244,0.7788
16245,0.73554
16246,0.76502
16247,0.65906
16248,0.99716
16249,1.6426
16250,1.95
16251,2.062
16252,2.0845
16253,2.071
16254,1.4748
16255,0.88986
16256,0.58892
16257,0.4606
16258,0.41283
16259,0.55612
16260,1.2434
16261,1.764
16262,1.7665
16263,1.6255
16264,1.634
16265,1.7771
16266,1.1687
16267,0.80231
16268,0.73262
16269,0.77126
16270,0.6637
16271,0.91907
16272,1.5794
16273,1.9255
16274,2.053
16275,2.0867
16276,2.0889
16277,1.5671
16278,0.94474
16279,0.61344
16280,0.47002
16281,0.41761
16282,0.51217
16283,1.1433
16284,1.7336
16285,1.7772
16286,1.6449
16287,1.6098
16288,1.8192
16289,1.2404
16290,0.82943
16291,0.73046
16292,0.76914
16293,0.67176
16294,0.8475
16295,1.5079
16296,1.8982
16297,2.0434
16298,2.0893
16299,2.0954
16300,1.6621
16301,1.0058
16302,0.64764
16303,0.48727
16304,0.42423
16305,0.4777
16306,1.0402
16307,1.6953
16308,1.7975
16309,1.6718
16310,1.5987
16311,1.8403
16312,1.3187
16313,0.85869
16314,0.72522
16315,0.75824
16316,0.68154
16317,0.78382
16318,1.4298
16319,1.8671
16320,2.031
16321,2.0877
16322,2.0922
16323,1.7562
16324,1.0718
16325,0.67827
16326,0.49595
16327,0.42694
16328,0.45077
16329,0.93831
16330,1.6439
16331,1.7985
16332,1.6798
16333,1.5848
16334,1.832
16335,1.4003
16336,0.8984
16337,0.7325
16338,0.75967
16339,0.70459
16340,0.73739
16341,1.346
16342,1.8327
16343,2.0197
16344,2.086
16345,2.0906
16346,1.8444
16347,1.1433
16348,0.70877
16349,0.50955
16350,0.42729
16351,0.43025
16352,0.84137
16353,1.5818
16354,1.8037
16355,1.6941
16356,1.5757
16357,1.7996
16358,1.4833
16359,0.94123
16360,0.73896
16361,0.75257
16362,0.72781
16363,0.70379
16364,1.2596
16365,1.7935
16366,2.0032
16367,2.0805
16368,2.0898
16369,1.923
16370,1.2189
16371,0.75177
16372,0.53044
16373,0.439
16374,0.42133
16375,0.75559
16376,1.5109
16377,1.8057
16378,1.7199
16379,1.5922
16380,1.7639
16381,1.5678
16382,0.98874
16383,0.74761
16384,0.74364
16385,0.73839
16386,0.67522
16387,1.1691
16388,1.7488
16389,1.9914
16390,2.0781
16391,2.0821
16392,1.9884
16393,1.3005
16394,0.79142
16395,0.54683
16396,0.44729
16397,0.41701
16398,0.67849
16399,1.4296
16400,1.7985
16401,1.738
16402,1.6068
16403,1.7205
16404,1.6488
16405,1.0438
16406,0.76271
16407,0.73682
16408,0.7489
16409,0.65917
16410,1.0789
16411,1.6975
16412,1.9686
16413,2.0691
16414,2.0842
16415,2.0396
16416,1.3881
16417,0.84055
16418,0.56578
16419,0.45127
16420,0.41368
16421,0.61022
16422,1.337
16423,1.7844
16424,1.7512
16425,1.6146
16426,1.6722
16427,1.7211
16428,1.1048
16429,0.78002
16430,0.73165
16431,0.76211
16432,0.65722
16433,0.99389
16434,1.6404
16435,1.9485
16436,2.0629
16437,2.0847
16438,2.0719
16439,1.4782
16440,0.89179
16441,0.58745
16442,0.46105
16443,0.4136
16444,0.55458
16445,1.24
16446,1.7616
16447,1.7638
16448,1.6267
16449,1.6333
16450,1.7792
16451,1.1714
16452,0.80305
16453,0.71809
16454,0.76089
16455,0.65984
16456,0.91467
16457,1.5755
16458,1.9324
16459,2.0582
16460,2.0871
16461,2.0889
16462,1.5719
16463,0.94623
16464,0.61134
16465,0.46906
16466,0.41741
16467,0.51006
16468,1.1384
16469,1.7316
16470,1.7736
16471,1.6428
16472,1.6073
16473,1.82
16474,1.2434
16475,0.83132
16476,0.71415
16477,0.72347
16478,0.65628
16479,0.83907
16480,1.5021
16481,1.8949
16482,2.0344
16483,2.0787
16484,2.0864
16485,1.6669
16486,1.0098
16487,0.65052
16488,0.49032
16489,0.42979
16490,0.47922
16491,1.0353
16492,1.6929
16493,1.8031
16494,1.6838
16495,1.6106
16496,1.8462
16497,1.3251
16498,0.85958
16499,0.71592
16500,0.74519
16501,0.67228
16502,0.77473
16503,1.4225
16504,1.8632
16505,2.0274
16506,2.0838
16507,2.0879
16508,1.7644
16509,1.0779
16510,0.68282
16511,0.50131
16512,0.43158
16513,0.45075
16514,0.93032
16515,1.6392
16516,1.807
16517,1.6936
16518,1.5948
16519,1.8349
16520,1.409
16521,0.90011
16522,0.72562
16523,0.74698
16524,0.69705
16525,0.72875
16526,1.3369
16527,1.8293
16528,2.0148
16529,2.0831
16530,2.0831
16531,1.852
16532,1.15
16533,0.71807
16534,0.51735
16535,0.43675
16536,0.43376
16537,0.83479
16538,1.5761
16539,1.8093
16540,1.7098
16541,1.5952
16542,1.8064
16543,1.494
16544,0.9445
16545,0.73645
16546,0.74382
16547,0.71639
16548,0.69305
16549,1.2477
16550,1.7886
16551,2.001
16552,2.0798
16553,2.0835
16554,1.9315
16555,1.2284
16556,0.75642
16557,0.53372
16558,0.44121
16559,0.42191
16560,0.7462
16561,1.5015
16562,1.8231
16563,1.7469
16564,1.6061
16565,1.7644
16566,1.5797
16567,0.99298
16568,0.73164
16569,0.72466
16570,0.7274
16571,0.66635
16572,1.1553
16573,1.7444
16574,2.0059
16575,2.0815
16576,2.0801
16577,1.9967
16578,1.3108
16579,0.79373
16580,0.54478
16581,0.44612
16582,0.41637
16583,0.66912
16584,1.4204
16585,1.7934
16586,1.7327
16587,1.6044
16588,1.7125
16589,1.6565
16590,1.0507
16591,0.76581
16592,0.73861
16593,0.7535
16594,0.66016
16595,1.0703
16596,1.691
16597,1.9666
16598,2.0678
16599,2.0842
16600,2.0436
16601,1.3977
16602,0.84645
16603,0.5747
16604,0.45717
16605,0.41564
16606,0.60454
16607,1.3268
16608,1.7855
16609,1.763
16610,1.626
16611,1.6736
16612,1.7303
16613,1.112
16614,0.77834
16615,0.72494
16616,0.75492
16617,0.65248
16618,0.98187
16619,1.6335
16620,1.9448
16621,2.0595
16622,2.0808
16623,2.073
16624,1.4893
16625,0.89834
16626,0.59846
16627,0.46698
16628,0.41892
16629,0.55047
16630,1.2286
16631,1.7633
16632,1.8174
16633,1.6599
16634,1.647
16635,1.7912
16636,1.181
16637,0.78713
16638,0.70186
16639,0.74239
16640,0.64801
16641,0.89821
16642,1.5696
16643,1.9348
16644,2.0592
16645,2.0821
16646,2.0864
16647,1.5844
16648,0.952
16649,0.61624
16650,0.47296
16651,0.42124
16652,0.506
16653,1.1268
16654,1.7276
16655,1.779
16656,1.6519
16657,1.6111
16658,1.8257
16659,1.2528
16660,0.83456
16661,0.72753
16662,0.76378
16663,0.67045
16664,0.83538
16665,1.4947
16666,1.901
16667,2.0489
16668,2.0898
16669,2.0939
16670,1.6783
16671,1.0155
16672,0.64528
16673,0.48515
16674,0.42164
16675,0.47154
16676,1.0224
16677,1.6862
16678,1.7923
16679,1.6659
16680,1.5899
16681,1.8383
16682,1.3312
16683,0.86715
16684,0.73008
16685,0.76487
16686,0.69006
16687,0.77808
16688,1.4166
16689,1.8616
16690,2.0296
16691,2.0884
16692,2.0935
16693,1.7703
16694,1.083
16695,0.68282
16696,0.49767
16697,0.42713
16698,0.44717
16699,0.92253
16700,1.6346
16701,1.7995
16702,1.6815
16703,1.583
16704,1.8283
16705,1.4136
16706,0.90517
16707,0.73407
16708,0.75969
16709,0.70851
16710,0.73118
16711,1.3322
16712,1.8262
16713,2.0163
16714,2.0865
16715,2.0877
16716,1.8568
16717,1.1548
16718,0.71399
16719,0.5128
16720,0.43438
16721,0.43137
16722,0.82857
16723,1.5717
16724,1.8059
16725,1.7037
16726,1.5884
16727,1.8005
16728,1.4982
16729,0.94859
16730,0.74112
16731,0.75036
16732,0.72363
16733,0.69459
16734,1.2431
16735,1.7859
16736,2.0011
16737,2.0804
16738,2.0851
16739,1.9354
16740,1.233
16741,0.75925
16742,0.5316
16743,0.43977
16744,0.42058
16745,0.74135
16746,1.4971
16747,1.8053
16748,1.721
16749,1.5941
16750,1.7565
16751,1.5826
16752,0.99803
16753,0.75038
16754,0.74248
16755,0.74068
16756,0.67161
16757,1.1527
16758,1.7402
16759,1.9843
16760,2.0743
16761,2.0805
16762,1.9982
16763,1.3156
16764,0.80006
16765,0.54916
16766,0.44815
16767,0.4167
16768,0.66591
16769,1.4136
16770,1.7951
16771,1.7384
16772,1.6083
16773,1.7123
16774,1.6627
16775,1.0547
16776,0.76563
16777,0.73577
16778,0.75115
16779,0.65766
16780,1.063
16781,1.6871
16782,1.9648
16783,2.0671
16784,2.0837
16785,2.0465
16786,1.4045
16787,0.85014
16788,0.57642
16789,0.45786
16790,0.41586
16791,0.60002
16792,1.3197
16793,1.7841
16794,1.7646
16795,1.6276
16796,1.671
16797,1.7353
16798,1.1169
16799,0.77963
16800,0.72412
16801,0.75486
16802,0.65226
16803,0.97582
16804,1.6289
16805,1.9465
16806,2.0614
16807,2.0839
16808,2.0757
16809,1.4964
16810,0.90155
16811,0.59422
16812,0.46463
16813,0.41725
16814,0.546
16815,1.2211
16816,1.7567
16817,1.7703
16818,1.6379
16819,1.6341
16820,1.7909
16821,1.1854
16822,0.80839
16823,0.72856
16824,0.76386
16825,0.66012
16826,0.89897
16827,1.5619
16828,1.9187
16829,2.0504
16830,2.0883
16831,2.0914
16832,1.5914
16833,0.95996
16834,0.62536
16835,0.47599
16836,0.41988
16837,0.50264
16838,1.1171
16839,1.7261
16840,1.7892
16841,1.6555
16842,1.6084
16843,1.8276
16844,1.26
16845,0.83425
16846,0.72149
16847,0.76175
16848,0.67132
16849,0.82885
16850,1.4892
16851,1.8899
16852,2.0393
16853,2.0876
16854,2.0947
16855,1.6864
16856,1.022
16857,0.65412
16858,0.487
16859,0.42386
16860,0.46956
16861,1.014
16862,1.6832
16863,1.8332
16864,1.6882
16865,1.5984
16866,1.8418
16867,1.3395
16868,0.85887
16869,0.70948
16870,0.74702
16871,0.68146
16872,0.76827
16873,1.4105
16874,1.8579
16875,2.024
16876,2.0832
16877,2.0862
16878,1.7782
16879,1.0878
16880,0.68727
16881,0.50326
16882,0.42617
16883,0.44555
16884,0.91535
16885,1.6303
16886,1.8089
16887,1.687
16888,1.584
16889,1.8269
16890,1.4198
16891,0.90559
16892,0.72794
16893,0.75333
16894,0.70736
16895,0.72721
16896,1.3266
16897,1.8241
16898,2.014
16899,2.0831
16900,2.0853
16901,1.8624
16902,1.1592
16903,0.72277
16904,0.51948
16905,0.43702
16906,0.43156
16907,0.82337
16908,1.5676
16909,1.8112
16910,1.7128
16911,1.5947
16912,1.801
16913,1.5042
16914,0.94986
16915,0.73095
16916,0.73946
16917,0.71792
16918,0.68951
16919,1.2367
16920,1.7832
16921,1.9998
16922,2.0801
16923,2.08
16924,1.9392
16925,1.2378
16926,0.7622
16927,0.53699
16928,0.44423
16929,0.42232
16930,0.73725
16931,1.4925
16932,1.8089
16933,1.7316
16934,1.6042
16935,1.7591
16936,1.589
16937,1.0008
16938,0.74772
16939,0.73528
16940,0.73359
16941,0.66607
16942,1.1454
16943,1.7372
16944,1.9815
16945,2.0737
16946,2.0816
16947,2.0032
16948,1.3218
16949,0.80568
16950,0.55495
16951,0.45023
16952,0.41702
16953,0.66072
16954,1.4069
16955,1.7995
16956,1.7462
16957,1.6137
16958,1.7108
16959,1.6691
16960,1.0581
16961,0.76163
16962,0.72844
16963,0.74727
16964,0.65479
16965,1.0556
16966,1.684
16967,1.9621
16968,2.0653
16969,2.0833
16970,2.0496
16971,1.4108
16972,0.85338
16973,0.57403
16974,0.45617
16975,0.41533
16976,0.59556
16977,1.313
16978,1.786
16979,1.7977
16980,1.6385
16981,1.6708
16982,1.7408
16983,1.1218
16984,0.76685
16985,0.70831
16986,0.74569
16987,0.64801
16988,0.96775
16989,1.6272
16990,1.9377
16991,2.056
16992,2.0779
16993,2.0748
16994,1.502
16995,0.9059
16996,0.60036
16997,0.46942
16998,0.42045
16999,0.5441
17000,1.2154
17001,1.7586
17002,1.7814
17003,1.6492
17004,1.6392
17005,1.796
17006,1.19
17007,0.80545
17008,0.71781
17009,0.75336
17010,0.65426
17011,0.89113
17012,1.5582
17013,1.9155
17014,2.048
17015,2.0835
17016,2.0897
17017,1.5975
17018,0.96363
17019,0.62744
17020,0.47945
17021,0.42282
17022,0.50119
17023,1.1108
17024,1.7239
17025,1.7952
17026,1.665
17027,1.613
17028,1.8315
17029,1.2653
17030,0.8338
17031,0.71507
17032,0.75328
17033,0.6669
17034,0.82229
17035,1.484
17036,1.8901
17037,2.0389
17038,2.0841
17039,2.09
17040,1.6923
17041,1.0256
17042,0.6513
17043,0.48662
17044,0.42682
17045,0.46927
17046,1.0082
17047,1.6794
17048,1.7946
17049,1.6743
17050,1.5964
17051,1.8417
17052,1.3443
17053,0.87186
17054,0.73056
17055,0.75871
17056,0.68707
17057,0.76694
17058,1.4027
17059,1.859
17060,2.031
17061,2.0881
17062,2.0889
17063,1.785
17064,1.0942
17065,0.6861
17066,0.50248
17067,0.43115
17068,0.4456
17069,0.90712
17070,1.6253
17071,1.8027
17072,1.6917
17073,1.5902
17074,1.8282
17075,1.4278
17076,0.91127
17077,0.72885
17078,0.75118
17079,0.70519
17080,0.72134
17081,1.3165
17082,1.8204
17083,2.0184
17084,2.0857
17085,2.0867
17086,1.8718
17087,1.1682
17088,0.7244
17089,0.51697
17090,0.43651
17091,0.42948
17092,0.81262
17093,1.5599
17094,1.8073
17095,1.709
17096,1.5915
17097,1.7946
17098,1.5133
17099,0.95586
17100,0.74084
17101,0.74633
17102,0.72467
17103,0.68861
17104,1.2275
17105,1.7786
17106,1.9979
17107,2.0796
17108,2.0842
17109,1.9476
17110,1.2469
17111,0.76664
17112,0.53574
17113,0.44049
17114,0.41851
17115,0.72714
17116,1.4831
17117,1.8052
17118,1.7258
17119,1.5941
17120,1.7471
17121,1.5963
17122,1.007
17123,0.75107
17124,0.73962
17125,0.74365
17126,0.66939
17127,1.1381
17128,1.7323
17129,1.982
17130,2.0746
17131,2.0817
17132,2.0074
17133,1.3295
17134,0.80937
17135,0.55602
17136,0.45046
17137,0.41643
17138,0.65449
17139,1.3992
17140,1.7978
17141,1.7467
17142,1.6132
17143,1.7061
17144,1.6752
17145,1.0634
17146,0.76585
17147,0.7307
17148,0.74992
17149,0.65519
17150,1.0484
17151,1.6792
17152,1.9629
17153,2.0659
17154,2.0845
17155,2.0531
17156,1.4186
17157,0.85708
17158,0.57987
17159,0.46017
17160,0.41635
17161,0.59084
17162,1.3048
17163,1.7867
17164,1.7996
17165,1.6439
17166,1.6701
17167,1.7471
17168,1.1274
17169,0.7675
17170,0.70462
17171,0.74254
17172,0.64601
17173,0.95932
17174,1.6217
17175,1.9341
17176,2.0534
17177,2.0758
17178,2.0754
17179,1.5099
17180,0.91078
17181,0.60606
17182,0.47223
17183,0.42215
17184,0.54072
17185,1.2066
17186,1.7566
17187,1.7833
17188,1.6548
17189,1.6398
17190,1.8012
17191,1.1963
17192,0.80635
17193,0.69426
17194,0.69542
17195,0.63265
17196,0.876
17197,1.5486
17198,1.9117
17199,2.0306
17200,2.059
17201,2.0743
17202,1.6055
17203,0.96957
17204,0.63583
17205,0.48931
17206,0.43422
17207,0.50401
17208,1.1034
17209,1.7222
17210,1.8038
17211,1.6896
17212,1.6363
17213,1.8434
17214,1.275
17215,0.83535
17216,0.70043
17217,0.71911
17218,0.6458
17219,0.80431
17220,1.4714
17221,1.8812
17222,2.0261
17223,2.0697
17224,2.0758
17225,1.7046
17226,1.0356
17227,0.66571
17228,0.49796
17229,0.43485
17230,0.46997
17231,0.99547
17232,1.6741
17233,1.8113
17234,1.6972
17235,1.6145
17236,1.85
17237,1.3584
17238,0.87279
17239,0.71736
17240,0.73755
17241,0.67337
17242,0.75072
17243,1.3884
17244,1.8499
17245,2.0214
17246,2.0791
17247,2.0779
17248,1.7991
17249,1.1057
17250,0.69744
17251,0.50943
17252,0.43776
17253,0.44579
17254,0.89304
17255,1.616
17256,1.8124
17257,1.7075
17258,1.6038
17259,1.8311
17260,1.4435
17261,0.91586
17262,0.72114
17263,0.73651
17264,0.69639
17265,0.7086
17266,1.3002
17267,1.8126
17268,2.0074
17269,2.0808
17270,2.0766
17271,1.885
17272,1.1812
17273,0.73289
17274,0.52387
17275,0.43928
17276,0.42944
17277,0.79828
17278,1.5472
17279,1.835
17280,1.7402
17281,1.6073
17282,1.7947
17283,1.5302
17284,0.96016
17285,0.72116
17286,0.72323
17287,0.71241
17288,0.67627
17289,1.2088
17290,1.7725
17291,2.0018
17292,2.0814
17293,2.0748
17294,1.9594
17295,1.2603
17296,0.76988
17297,0.53535
17298,0.44439
17299,0.4206
17300,0.71475
17301,1.471
17302,1.8003
17303,1.7273
17304,1.6034
17305,1.7444
17306,1.6105
17307,1.0171
17308,0.75598
17309,0.73883
17310,0.74119
17311,0.66381
17312,1.1215
17313,1.7224
17314,1.9775
17315,2.0714
17316,2.0821
17317,2.017
17318,1.3459
17319,0.81844
17320,0.56224
17321,0.45288
17322,0.41658
17323,0.64195
17324,1.3819
17325,1.7969
17326,1.7541
17327,1.6191
17328,1.6994
17329,1.69
17330,1.0748
17331,0.76608
17332,0.72595
17333,0.74863
17334,0.65244
17335,1.0311
17336,1.6685
17337,1.9563
17338,2.0634
17339,2.0838
17340,2.0591
17341,1.4359
17342,0.86773
17343,0.58185
17344,0.45997
17345,0.41615
17346,0.57991
17347,1.286
17348,1.7759
17349,1.7644
17350,1.6305
17351,1.6566
17352,1.7564
17353,1.14
17354,0.78869
17355,0.72209
17356,0.75745
17357,0.65389
17358,0.94812
17359,1.6065
17360,1.9341
17361,2.0554
17362,2.0834
17363,2.0828
17364,1.5293
17365,0.92215
17366,0.60976
17367,0.47179
17368,0.41943
17369,0.53021
17370,1.185
17371,1.75
17372,1.7842
17373,1.6513
17374,1.628
17375,1.8079
17376,1.2111
17377,0.81391
17378,0.72059
17379,0.75746
17380,0.65965
17381,0.8711
17382,1.5376
17383,1.917
17384,2.0519
17385,2.0868
17386,2.0928
17387,1.6251
17388,0.97954
17389,0.63329
17390,0.48032
17391,0.42172
17392,0.48992
17393,1.0813
17394,1.7123
17395,1.7915
17396,1.6618
17397,1.6022
17398,1.8348
17399,1.2864
17400,0.84541
17401,0.72009
17402,0.76003
17403,0.67621
17404,0.80793
17405,1.4623
17406,1.8811
17407,2.036
17408,2.0867
17409,2.0925
17410,1.7181
17411,1.044
17412,0.6633
17413,0.48961
17414,0.42574
17415,0.46089
17416,0.97956
17417,1.666
17418,1.7951
17419,1.6744
17420,1.589
17421,1.8382
17422,1.3664
17423,0.88234
17424,0.7336
17425,0.76223
17426,0.69608
17427,0.75544
17428,1.3807
17429,1.8469
17430,2.0243
17431,2.0857
17432,2.091
17433,1.809
17434,1.1135
17435,0.69609
17436,0.50442
17437,0.42715
17438,0.43799
17439,0.88032
17440,1.6083
17441,1.8038
17442,1.6905
17443,1.5797
17444,1.8157
17445,1.4496
17446,0.92269
17447,0.73599
17448,0.75893
17449,0.71891
17450,0.71599
17451,1.2952
17452,1.8128
17453,2.0163
17454,2.0866
17455,2.0881
17456,1.8918
17457,1.187
17458,0.73167
17459,0.51842
17460,0.43619
17461,0.42565
17462,0.79021
17463,1.5423
17464,1.8036
17465,1.7084
17466,1.5883
17467,1.7818
17468,1.533
17469,0.96908
17470,0.74757
17471,0.75066
17472,0.73353
17473,0.68494
17474,1.2063
17475,1.7676
17476,1.9947
17477,2.0784
17478,2.085
17479,1.9634
17480,1.2666
17481,0.77688
17482,0.54365
17483,0.44559
17484,0.41899
17485,0.70906
17486,1.4637
17487,1.8079
17488,1.7373
17489,1.6051
17490,1.7409
17491,1.6173
17492,1.0195
17493,0.75114
17494,0.73329
17495,0.74039
17496,0.66193
17497,1.1145
17498,1.72
17499,1.975
17500,2.0705
17501,2.0825
17502,2.0212
17503,1.3516
17504,0.82163
17505,0.56157
17506,0.45237
17507,0.41605
17508,0.63709
17509,1.3757
17510,1.7935
17511,1.7498
17512,1.6168
17513,1.6945
17514,1.6941
17515,1.0791
17516,0.76941
17517,0.73017
17518,0.75268
17519,0.65412
17520,1.0264
17521,1.6645
17522,1.9554
17523,2.0641
17524,2.0848
17525,2.0613
17526,1.4418
17527,0.87097
17528,0.58479
17529,0.46104
17530,0.41622
17531,0.57639
17532,1.2797
17533,1.7742
17534,1.7672
17535,1.6323
17536,1.6549
17537,1.7603
17538,1.1444
17539,0.79161
17540,0.72637
17541,0.75908
17542,0.65457
17543,0.94313
17544,1.6023
17545,1.9334
17546,2.0556
17547,2.0875
17548,2.0842
17549,1.5353
17550,0.9253
17551,0.60812
17552,0.46924
17553,0.41831
17554,0.52678
17555,1.1782
17556,1.7468
17557,1.7793
17558,1.6464
17559,1.6223
17560,1.809
17561,1.2153
17562,0.81617
17563,0.72421
17564,0.7626
17565,0.66364
17566,0.86861
17567,1.5332
17568,1.9105
17569,2.0479
17570,2.0859
17571,2.0916
17572,1.6296
17573,0.98356
17574,0.63183
17575,0.4766
17576,0.422
17577,0.48862
17578,1.0758
17579,1.709
17580,1.7857
17581,1.6585
17582,1.6005
17583,1.8355
17584,1.291
17585,0.84938
17586,0.72756
17587,0.76415
17588,0.67877
17589,0.80512
17590,1.4571
17591,1.8779
17592,2.0357
17593,2.0865
17594,2.0937
17595,1.7239
17596,1.0487
17597,0.6688
17598,0.49653
17599,0.42856
17600,0.46013
17601,0.97328
17602,1.663
17603,1.8065
17604,1.6867
17605,1.5954
17606,1.8405
17607,1.3727
17608,0.88183
17609,0.72561
17610,0.75226
17611,0.69085
17612,0.74887
17613,1.3749
17614,1.8492
17615,2.0313
17616,2.0881
17617,2.0866
17618,1.8149
17619,1.1176
17620,0.69511
17621,0.50129
17622,0.43129
17623,0.43891
17624,0.875
17625,1.6053
17626,1.8002
17627,1.6908
17628,1.5858
17629,1.8171
17630,1.4547
17631,0.9259
17632,0.74044
17633,0.75664
17634,0.71626
17635,0.71179
17636,1.2889
17637,1.8086
17638,2.0114
17639,2.0836
17640,2.0847
17641,1.8962
17642,1.1923
17643,0.73816
17644,0.52395
17645,0.43954
17646,0.42658
17647,0.78525
17648,1.537
17649,1.8083
17650,1.7175
17651,1.5961
17652,1.7832
17653,1.5403
17654,0.9711
17655,0.74112
17656,0.736
17657,0.72543
17658,0.67858
17659,1.198
17660,1.7642
17661,1.993
17662,2.0784
17663,2.0794
17664,1.9679
17665,1.273
17666,0.77981
17667,0.54338
17668,0.44479
17669,0.41899
17670,0.70323
17671,1.4573
17672,1.8044
17673,1.7354
17674,1.605
17675,1.7371
17676,1.6233
17677,1.0245
17678,0.75424
17679,0.73518
17680,0.74245
17681,0.6614
17682,1.1077
17683,1.7155
17684,1.9741
17685,2.0706
17686,2.0835
17687,2.0254
17688,1.3588
17689,0.82428
17690,0.56443
17691,0.45242
17692,0.4137
17693,0.63096
17694,1.3681
17695,1.7922
17696,1.7544
17697,1.6139
17698,1.6871
17699,1.6988
17700,1.0837
17701,0.76906
17702,0.72707
17703,0.75576
17704,0.65592
17705,1.021
17706,1.6609
17707,1.9566
17708,2.0642
17709,2.0863
17710,2.0505
17711,1.4586
17712,0.87748
17713,0.5888
17714,0.46335
17715,0.41634
17716,0.56719
17717,1.2641
17718,1.7738
17719,1.8151
17720,1.6495
17721,1.6566
17722,1.7721
17723,1.1559
17724,0.77646
17725,0.70264
17726,0.74338
17727,0.64697
17728,0.92592
17729,1.5944
17730,1.9242
17731,2.0492
17732,2.0766
17733,2.0812
17734,1.5494
17735,0.93435
17736,0.61713
17737,0.47432
17738,0.41607
17739,0.51954
17740,1.1628
17741,1.743
17742,1.7908
17743,1.6479
17744,1.6158
17745,1.8134
17746,1.2259
17747,0.81726
17748,0.71995
17749,0.76309
17750,0.66668
17751,0.85928
17752,1.5241
17753,1.9052
17754,2.0451
17755,2.0887
17756,1.9992
17757,1.586
17758,0.9801
17759,0.63793
17760,0.48296
17761,0.4334
17762,0.54252
17763,1.1065
17764,1.7223
17765,1.7994
17766,1.6735
17767,1.6797
17768,1.8669
17769,1.2843
17770,0.83956
17771,0.71924
17772,0.72542
17773,0.62647
17774,0.78602
17775,1.4587
17776,1.8782
17777,2.032
17778,2.0661
17779,2.0654
17780,1.718
17781,1.0453
17782,0.6677
17783,0.49874
17784,0.43771
17785,0.46814
17786,0.98125
17787,1.6666
17788,1.8434
17789,1.7446
17790,1.7461
17791,1.8726
17792,1.3788
17793,0.87538
17794,0.6966
17795,0.6631
17796,0.60608
17797,0.70853
17798,1.3592
17799,1.8366
17800,1.9954
17801,2.0258
17802,2.0223
17803,1.8142
17804,1.1238
17805,0.70961
17806,0.5251
17807,0.46381
17808,0.45965
17809,0.87717
17810,1.6025
17811,1.8222
17812,1.7516
17813,1.6624
17814,1.8568
17815,1.4725
17816,0.92731
17817,0.71464
17818,0.69474
17819,0.65608
17820,0.67392
17821,1.2645
17822,1.8011
17823,2.0172
17824,2.066
17825,2.0437
17826,1.9068
17827,1.2075
17828,0.7406
17829,0.52719
17830,0.45222
17831,0.43548
17832,0.77298
17833,1.5253
17834,1.8042
17835,1.7315
17836,1.6264
17837,1.7944
17838,1.5603
17839,0.98311
17840,0.74341
17841,0.72333
17842,0.70658
17843,0.66096
17844,1.1733
17845,1.7521
17846,1.985
17847,2.071
17848,2.0654
17849,1.9801
17850,1.2936
17851,0.79166
17852,0.55037
17853,0.45096
17854,0.42229
17855,0.68674
17856,1.4365
17857,1.8136
17858,1.7684
17859,1.6287
17860,1.7379
17861,1.6468
17862,1.0384
17863,0.74167
17864,0.71062
17865,0.72519
17866,0.64739
17867,1.0795
17868,1.7028
17869,1.9749
17870,2.0694
17871,2.0702
17872,2.0341
17873,1.3818
17874,0.83622
17875,0.5642
17876,0.4562
17877,0.4188
17878,0.61624
17879,1.3451
17880,1.7839
17881,1.7521
17882,1.6254
17883,1.6848
17884,1.719
17885,1.1013
17886,0.78038
17887,0.72916
17888,0.75173
17889,0.65063
17890,0.99614
17891,1.6425
17892,1.957
17893,2.0685
17894,2.0829
17895,2.0699
17896,1.4745
17897,0.8878
17898,0.58973
17899,0.46288
17900,0.41722
17901,0.55801
17902,1.2449
17903,1.7641
17904,1.7664
17905,1.6346
17906,1.6423
17907,1.7796
17908,1.1686
17909,0.80243
17910,0.72881
17911,0.7625
17912,0.65754
17913,0.91633
17914,1.5782
17915,1.9248
17916,2.0526
17917,2.0876
17918,2.0892
17919,1.5691
17920,0.94596
17921,0.61431
17922,0.47064
17923,0.41721
17924,0.51105
17925,1.141
17926,1.7333
17927,1.7792
17928,1.6455
17929,1.6088
17930,1.8195
17931,1.2418
17932,0.82846
17933,0.72097
17934,0.76322
17935,0.67019
17936,0.84565
17937,1.5067
17938,1.8966
17939,2.0415
17940,2.0879
17941,2.0935
17942,1.6633
17943,1.0065
17944,0.64952
17945,0.4873
17946,0.42541
17947,0.47791
17948,1.0391
17949,1.6948
17950,1.8008
17951,1.675
17952,1.6014
17953,1.8417
17954,1.3202
17955,0.8582
17956,0.72065
17957,0.7542
17958,0.67911
17959,0.78159
17960,1.4285
17961,1.866
17962,2.0297
17963,2.0859
17964,2.0909
17965,1.7578
17966,1.073
17967,0.67963
17968,0.49935
17969,0.43048
17970,0.45174
17971,0.93728
17972,1.6432
17973,1.8057
17974,1.6905
17975,1.5929
17976,1.8352
17977,1.4026
17978,0.89732
17979,0.72784
17980,0.75137
17981,0.69821
17982,0.73306
17983,1.3436
17984,1.8334
17985,2.0221
17986,2.0839
17987,2.0858
17988,1.8461
17989,1.1446
17990,0.71001
17991,0.51135
17992,0.43444
17993,0.43366
17994,0.84101
17995,1.5814
17996,1.8028
17997,1.7014
17998,1.5893
17999,1.8062
18000,1.4865
18001,0.94241
18002,0.73867
18003,0.75029
18004,0.72016
18005,0.69819
18006,1.2554
18007,1.7916
18008,2.0032
18009,2.0798
18010,2.084
18011,1.9252
18012,1.2221
18013,0.754
18014,0.53396
18015,0.44259
18016,0.42313
18017,0.75325
18018,1.508
18019,1.8105
18020,1.7287
18021,1.6013
18022,1.7671
18023,1.5725
18024,0.99001
18025,0.74408
18026,0.73606
18027,0.73133
18028,0.67018
18029,1.1636
18030,1.7472
18031,1.9862
18032,2.0769
18033,2.0788
18034,1.991
18035,1.3044
18036,0.79611
18037,0.54489
18038,0.44643
18039,0.41705
18040,0.67514
18041,1.4253
18042,1.7977
18043,1.7352
18044,1.6058
18045,1.7179
18046,1.6522
18047,1.0463
18048,0.76338
18049,0.73735
18050,0.75046
18051,0.65924
18052,1.0753
18053,1.6951
18054,1.9677
18055,2.0683
18056,2.0838
18057,2.0412
18058,1.3919
18059,0.84312
18060,0.57342
18061,0.45676
18062,0.41586
18063,0.6085
18064,1.3333
18065,1.7866
18066,1.7611
18067,1.6253
18068,1.6766
18069,1.726
18070,1.1077
18071,0.77725
18072,0.72213
18073,0.75294
18074,0.65182
18075,0.98731
18076,1.6375
18077,1.9442
18078,2.0599
18079,2.081
18080,2.0718
18081,1.4831
18082,0.89492
18083,0.59617
18084,0.46681
18085,0.41859
18086,0.55371
18087,1.2351
18088,1.7638
18089,1.7762
18090,1.6433
18091,1.6429
18092,1.7858
18093,1.1756
18094,0.79958
18095,0.71667
18096,0.75407
18097,0.65378
18098,0.90671
18099,1.5719
18100,1.9234
18101,2.0517
18102,2.0834
18103,2.087
18104,1.5781
18105,0.95124
18106,0.62068
18107,0.47603
18108,0.42228
18109,0.5093
18110,1.1322
18111,1.7313
18112,1.7878
18113,1.6595
18114,1.6172
18115,1.8262
18116,1.2496
18117,0.82908
18118,0.71967
18119,0.75615
18120,0.66489
18121,0.83576
18122,1.4987
18123,1.8936
18124,2.04
18125,2.0851
18126,2.0907
18127,1.6735
18128,1.0134
18129,0.65213
18130,0.48831
18131,0.42567
18132,0.47489
18133,1.0282
18134,1.6897
18135,1.8009
18136,1.6756
18137,1.6
18138,1.8422
18139,1.3288
18140,0.86218
18141,0.71661
18142,0.75275
18143,0.68054
18144,0.7757
18145,1.4194
18146,1.8669
18147,2.0316
18148,2.0871
18149,2.0885
18150,1.7673
18151,1.0798
18152,0.67806
18153,0.49923
18154,0.42998
18155,0.44944
18156,0.92691
18157,1.6372
18158,1.8025
18159,1.6891
18160,1.5907
18161,1.8326
18162,1.4108
18163,0.90255
18164,0.73273
18165,0.75422
18166,0.70212
18167,0.72984
18168,1.3347
18169,1.8277
18170,2.0162
18171,2.0816
18172,2.0861
18173,1.8546
18174,1.1525
18175,0.71856
18176,0.51491
18177,0.4349
18178,0.4321
18179,0.83149
18180,1.574
18181,1.8059
18182,1.7046
18183,1.5898
18184,1.8025
18185,1.4957
18186,0.94659
18187,0.73897
18188,0.74874
18189,0.72164
18190,0.69473
18191,1.2462
18192,1.7876
18193,2.0013
18194,2.0822
18195,2.0822
18196,1.9322
18197,1.2299
18198,0.75808
18199,0.53448
18200,0.44273
18201,0.42244
18202,0.74512
18203,1.5002
18204,1.8097
18205,1.7281
18206,1.6011
18207,1.7623
18208,1.5806
18209,0.99521
18210,0.74506
18211,0.72234
18212,0.72827
18213,0.66674
18214,1.1539
18215,1.7419
18216,1.9823
18217,2.0745
18218,2.0764
18219,1.9966
18220,1.3131
18221,0.80173
18222,0.55431
18223,0.45037
18224,0.41831
18225,0.66837
18226,1.4162
18227,1.8008
18228,1.7465
18229,1.6153
18230,1.7177
18231,1.6617
18232,1.052
18233,0.75889
18234,0.72397
18235,0.74221
18236,0.65352
18237,1.0636
18238,1.6896
18239,1.9681
18240,2.0694
18241,2.0783
18242,2.0445
18243,1.4015
18244,0.84748
18245,0.57152
18246,0.45707
18247,0.41661
18248,0.60214
18249,1.3237
18250,1.7817
18251,1.7574
18252,1.6253
18253,1.6728
18254,1.7328
18255,1.115
18256,0.78288
18257,0.72837
18258,0.75625
18259,0.6528
18260,0.97903
18261,1.63
18262,1.9439
18263,2.0605
18264,2.0816
18265,2.0742
18266,1.4935
18267,0.90051
18268,0.59869
18269,0.46775
18270,0.419
18271,0.54843
18272,1.224
18273,1.7612
18274,1.7773
18275,1.6454
18276,1.6399
18277,1.7915
18278,1.1835
18279,0.80263
18280,0.71666
18281,0.75425
18282,0.65446
18283,0.89819
18284,1.5642
18285,1.9178
18286,2.0486
18287,2.0867
18288,2.0897
18289,1.589
18290,0.95839
18291,0.62624
18292,0.47877
18293,0.42216
18294,0.50443
18295,1.1202
18296,1.7277
18297,1.8294
18298,1.6783
18299,1.6201
18300,1.8311
18301,1.2592
18302,0.82041
18303,0.70229
18304,0.74286
18305,0.65991
18306,0.82469
18307,1.492
18308,1.8879
18309,2.0341
18310,2.0797
18311,2.0868
18312,1.6839
18313,1.0201
18314,0.65691
18315,0.49304
18316,0.43051
18317,0.47344
18318,1.0184
18319,1.6854
18320,1.8059
18321,1.6874
18322,1.608
18323,1.8461
18324,1.3381
18325,0.86509
18326,0.7129
18327,0.74322
18328,0.6752
18329,0.76635
18330,1.4097
18331,1.8577
18332,2.0248
18333,2.0803
18334,2.0869
18335,1.7784
18336,1.0887
18337,0.68848
18338,0.50492
18339,0.42909
18340,0.44636
18341,0.91478
18342,1.63
18343,1.8074
18344,1.6942
18345,1.5893
18346,1.8293
18347,1.4213
18348,0.90654
18349,0.72649
18350,0.749
18351,0.70343
18352,0.7245
18353,1.3244
18354,1.823
18355,2.0132
18356,2.0823
18357,2.088
18358,1.865
18359,1.1613
18360,0.72324
18361,0.51845
18362,0.43661
18363,0.43062
18364,0.82064
18365,1.5657
18366,1.8093
18367,1.7112
18368,1.5929
18369,1.7988
18370,1.5061
18371,0.95135
18372,0.73649
18373,0.74207
18374,0.72061
18375,0.68984
18376,1.235
18377,1.7824
18378,1.9996
18379,2.0786
18380,2.069
18381,1.8001
18382,1.2225
18383,0.75585
18384,0.53058
18385,0.44104
18386,0.46613
18387,0.78923
18388,1.5196
18389,1.8112
18390,1.723
18391,1.638
18392,1.8378
18393,1.5786
18394,0.98864
18395,0.74589
18396,0.72985
18397,0.68167
18398,0.63768
18399,1.152
18400,1.7436
18401,1.9933
18402,2.0706
18403,2.0443
18404,1.986
18405,1.3085
18406,0.79491
18407,0.5499
18408,0.45775
18409,0.4282
18410,0.67667
18411,1.4239
18412,1.8009
18413,1.7499
18414,1.6363
18415,1.7388
18416,1.6615
18417,1.0496
18418,0.75743
18419,0.71244
18420,0.72164
18421,0.64143
18422,1.0622
18423,1.6897
18424,1.9855
18425,2.0754
18426,2.07
18427,2.0407
18428,1.4004
18429,0.84439
18430,0.56561
18431,0.45618
18432,0.41854
18433,0.604
18434,1.3257
18435,1.778
18436,1.7504
18437,1.6255
18438,1.6757
18439,1.7326
18440,1.1147
18441,0.78723
18442,0.73267
18443,0.7561
18444,0.65192
18445,0.97957
18446,1.6291
18447,1.944
18448,2.0597
18449,2.084
18450,2.0753
18451,1.4941
18452,0.9017
18453,0.5992
18454,0.46651
18455,0.41771
18456,0.54758
18457,1.2228
18458,1.7602
18459,1.7779
18460,1.6428
18461,1.637
18462,1.791
18463,1.184
18464,0.80313
18465,0.7173
18466,0.75679
18467,0.65638
18468,0.89839
18469,1.5639
18470,1.9251
18471,2.0529
18472,2.087
18473,2.0898
18474,1.5894
18475,0.95722
18476,0.62294
18477,0.47591
18478,0.42095
18479,0.50386
18480,1.1201
18481,1.7271
18482,1.7869
18483,1.6572
18484,1.6109
18485,1.8276
18486,1.2577
18487,0.83302
18488,0.7186
18489,0.75761
18490,0.66871
18491,0.83003
18492,1.4909
18493,1.893
18494,2.0403
18495,2.0876
18496,2.0959
18497,1.685
18498,1.0202
18499,0.65261
18500,0.48583
18501,0.42222
18502,0.46929
18503,1.0156
18504,1.6836
18505,1.7957
18506,1.6673
18507,1.589
18508,1.8381
18509,1.3368
18510,0.8678
18511,0.73005
18512,0.76466
18513,0.69145
18514,0.7746
18515,1.4119
18516,1.8624
18517,2.0299
18518,2.0912
18519,2.0929
18520,1.7757
18521,1.0864
18522,0.68559
18523,0.50184
18524,0.43004
18525,0.44691
18526,0.91739
18527,1.6318
18528,1.8074
18529,1.6928
18530,1.5897
18531,1.83
18532,1.4188
18533,0.9052
18534,0.72725
18535,0.74992
18536,0.70306
18537,0.72574
18538,1.327
18539,1.8261
18540,2.0202
18541,2.0863
18542,2.0857
18543,1.862
18544,1.1588
18545,0.71661
18546,0.51359
18547,0.43558
18548,0.43106
18549,0.82363
18550,1.5685
18551,1.803
18552,1.7047
18553,1.5899
18554,1.7991
18555,1.5026
18556,0.95156
18557,0.74124
18558,0.74863
18559,0.72339
18560,0.69255
18561,1.238
18562,1.7842
18563,2.0085
18564,2.085
18565,2.0838
18566,1.9388
18567,1.2375
18568,0.75707
18569,0.52961
18570,0.4399
18571,0.42033
18572,0.73686
18573,1.4937
18574,1.8015
18575,1.719
18576,1.5937
18577,1.7538
18578,1.5863
18579,1.0015
18580,0.75478
18581,0.7464
18582,0.74318
18583,0.6716
18584,1.1489
18585,1.7374
18586,1.9842
18587,2.0758
18588,2.0823
18589,2.001
18590,1.3199
18591,0.80418
18592,0.55487
18593,0.44724
18594,0.41423
18595,0.66155
18596,1.4089
18597,1.7983
18598,1.7438
18599,1.6047
18600,1.7062
18601,1.6653
18602,1.0563
18603,0.76271
18604,0.72376
18605,0.75053
18606,0.65805
18607,1.0601
18608,1.6864
18609,1.9622
18610,2.0658
18611,2.08
18612,2.0468
18613,1.4066
18614,0.85225
18615,0.57836
18616,0.4601
18617,0.41734
18618,0.59916
18619,1.3175
18620,1.7839
18621,1.7647
18622,1.6316
18623,1.6732
18624,1.7378
18625,1.1187
18626,0.78089
18627,0.71654
18628,0.74943
18629,0.64927
18630,0.97218
18631,1.6265
18632,1.9445
18633,2.06
18634,2.0799
18635,2.0747
18636,1.4994
18637,0.90367
18638,0.59562
18639,0.46619
18640,0.41879
18641,0.54522
18642,1.2179
18643,1.7561
18644,1.773
18645,1.6423
18646,1.6365
18647,1.7936
18648,1.1881
18649,0.80841
18650,0.72556
18651,0.75998
18652,0.65773
18653,0.89497
18654,1.5592
18655,1.9173
18656,2.0497
18657,2.0866
18658,2.0904
18659,1.5952
18660,0.96234
18661,0.62787
18662,0.47933
18663,0.42147
18664,0.50178
18665,1.1131
18666,1.7251
18667,1.7935
18668,1.6622
18669,1.6116
18670,1.8301
18671,1.2633
18672,0.83338
18673,0.71195
18674,0.75017
18675,0.66613
18676,0.82376
18677,1.4855
18678,1.888
18679,2.036
18680,2.0843
18681,2.0901
18682,1.6903
18683,1.0247
18684,0.65579
18685,0.48985
18686,0.42187
18687,0.46809
18688,1.0096
18689,1.6808
18690,1.7997
18691,1.6709
18692,1.5898
18693,1.8388
18694,1.3423
18695,0.86964
18696,0.72427
18697,0.76132
18698,0.69065
18699,0.77023
18700,1.4063
18701,1.8571
18702,2.0271
18703,2.0884
18704,2.0906
18705,1.7818
18706,1.0916
18707,0.68163
18708,0.50003
18709,0.43063
18710,0.44592
18711,0.91065
18712,1.627
18713,1.7992
18714,1.6887
18715,1.5885
18716,1.8283
18717,1.4247
18718,0.91093
18719,0.73214
18720,0.75453
18721,0.70651
18722,0.72372
18723,1.3195
18724,1.8204
18725,2.0141
18726,2.0818
18727,2.0863
18728,1.8687
18729,1.1657
18730,0.72175
18731,0.51846
18732,0.43641
18733,0.42996
18734,0.8157
18735,1.5618
18736,1.8081
18737,1.7107
18738,1.5921
18739,1.7964
18740,1.5108
18741,0.95474
18742,0.73958
18743,0.74559
18744,0.72326
18745,0.68898
18746,1.2298
18747,1.7799
18748,1.9982
18749,2.0791
18750,2.0845
18751,1.9458
18752,1.2447
18753,0.76504
18754,0.53764
18755,0.44287
18756,0.42037
18757,0.72977
18758,1.4853
18759,1.8253
18760,1.7528
18761,1.6091
18762,1.7552
18763,1.5966
18764,1.0035
18765,0.73262
18766,0.7224
18767,0.72945
18768,0.66251
18769,1.1369
18770,1.7352
18771,1.9762
18772,2.0711
18773,2.0755
18774,2.0063
18775,1.327
18776,0.80947
18777,0.55594
18778,0.45193
18779,0.41833
18780,0.65674
18781,1.4013
18782,1.7974
18783,1.7476
18784,1.6175
18785,1.7103
18786,1.6743
18787,1.0623
18788,0.76555
18789,0.72894
18790,0.74604
18791,0.65308
18792,1.0493
18793,1.6799
18794,1.9616
18795,2.0669
18796,2.0783
18797,2.0502
18798,1.4166
18799,0.85663
18800,0.57893
18801,0.4581
18802,0.41403
18803,0.5915
18804,1.3066
18805,1.7803
18806,1.7625
18807,1.6222
18808,1.6613
18809,1.7424
18810,1.1255
18811,0.784
18812,0.72301
18813,0.7597
18814,0.6555
18815,0.96658
18816,1.6208
18817,1.9392
18818,2.0575
18819,2.0886
18820,2.081
18821,1.5088
18822,0.90955
18823,0.60178
18824,0.46731
18825,0.41601
18826,0.53889
18827,1.2067
18828,1.756
18829,1.7797
18830,1.6404
18831,1.6277
18832,1.7966
18833,1.1947
18834,0.80754
18835,0.72274
18836,0.76335
18837,0.66185
18838,0.88915
18839,1.5544
18840,1.9185
18841,2.051
18842,2.0868
18843,2.0911
18844,1.6025
18845,0.96624
18846,0.62517
18847,0.47736
18848,0.42156
18849,0.49875
18850,1.1055
18851,1.7207
18852,1.7875
18853,1.6592
18854,1.608
18855,1.831
18856,1.2689
18857,0.83801
18858,0.71597
18859,0.74908
18860,0.66767
18861,0.81981
18862,1.4787
18863,1.8883
18864,2.0377
18865,2.085
18866,2.0904
18867,1.6977
18868,1.0298
18869,0.65267
18870,0.48687
18871,0.42667
18872,0.46761
18873,1.0018
18874,1.6763
18875,1.7941
18876,1.674
18877,1.595
18878,1.8413
18879,1.3493
18880,0.87451
18881,0.72555
18882,0.75744
18883,0.68811
18884,0.76394
18885,1.3974
18886,1.8534
18887,2.0261
18888,2.0831
18889,2.0898
18890,1.7908
18891,1.099
18892,0.6912
18893,0.50171
18894,0.42994
18895,0.44359
18896,0.90063
18897,1.6212
18898,1.8027
18899,1.6888
18900,1.5864
18901,1.8249
18902,1.4332
18903,0.9139
18904,0.7345
18905,0.75599
18906,0.71009
18907,0.72061
18908,1.3117
18909,1.8173
18910,2.013
18911,2.0834
18912,2.0878
18913,1.8767
18914,1.1727
18915,0.72832
18916,0.52142
18917,0.43698
18918,0.42857
18919,0.8073
18920,1.5551
18921,1.8148
18922,1.7151
18923,1.5933
18924,1.7926
18925,1.5188
18926,0.95743
18927,0.73298
18928,0.74037
18929,0.72307
18930,0.68582
18931,1.2219
18932,1.7766
18933,1.9953
18934,2.0756
18935,2.083
18936,1.952
18937,1.2513
18938,0.76963
18939,0.53933
18940,0.4414
18941,0.41784
18942,0.72246
18943,1.4784
18944,1.8053
18945,1.7302
18946,1.5954
18947,1.7443
18948,1.6011
18949,1.0099
18950,0.75051
18951,0.73767
18952,0.74362
18953,0.6682
18954,1.1329
18955,1.7296
18956,1.979
18957,2.0728
18958,2.0811
18959,2.0105
18960,1.3345
18961,0.81321
18962,0.55959
18963,0.45207
18964,0.41695
18965,0.65069
18966,1.3938
18967,1.7984
18968,1.7511
18969,1.6172
18970,1.7052
18971,1.6802
18972,1.0668
18973,0.76095
18974,0.72563
18975,0.74704
18976,0.65299
18977,1.0426
18978,1.6762
18979,1.9582
18980,2.0658
18981,2.079
18982,2.0531
18983,1.4233
18984,0.86085
18985,0.58166
18986,0.46148
18987,0.41781
18988,0.58856
18989,1.2998
18990,1.7809
18991,1.7678
18992,1.6348
18993,1.6663
18994,1.7496
18995,1.1308
18996,0.78205
18997,0.71883
18998,0.75115
18999,0.64981
19000,0.95689
19001,1.6151
19002,1.9372
19003,2.057
19004,2.0808
19005,2.0789
19006,1.5169
19007,0.91471
19008,0.60595
19009,0.46933
19010,0.41887
19011,0.5362
19012,1.1986
19013,1.7534
19014,1.7799
19015,1.6472
19016,1.6309
19017,1.8021
19018,1.2013
19019,0.80987
19020,0.71387
19021,0.75387
19022,0.65721
19023,0.88048
19024,1.5467
19025,1.9113
19026,2.0457
19027,2.0821
19028,2.0886
19029,1.6116
19030,0.97285
19031,0.63383
19032,0.48139
19033,0.42455
19034,0.4966
19035,1.0956
19036,1.7184
19037,1.7968
19038,1.669
19039,1.6129
19040,1.8359
19041,1.2775
19042,0.83931
19043,0.71792
19044,0.75257
19045,0.66778
19046,0.81173
19047,1.4714
19048,1.8829
19049,2.0358
19050,2.0846
19051,2.0913
19052,1.7081
19053,1.0369
19054,0.66187
19055,0.49209
19056,0.42524
19057,0.46367
19058,0.99073
19059,1.6718
19060,1.845
19061,1.7048
19062,1.6017
19063,1.8434
19064,1.359
19065,0.86712
19066,0.70129
19067,0.73694
19068,0.68015
19069,0.75388
19070,1.3902
19071,1.8488
19072,2.0176
19073,2.0794
19074,2.0816
19075,1.7991
19076,1.1044
19077,0.698
19078,0.51033
19079,0.43696
19080,0.44508
19081,0.89415
19082,1.6168
19083,1.8434
19084,1.7317
19085,1.6109
19086,1.8333
19087,1.4432
19088,0.9096
19089,0.70519
19090,0.72193
19091,0.6885
19092,0.70552
19093,1.3011
19094,1.8129
19095,2.0017
19096,2.0745
19097,2.0736
19098,1.884
19099,1.1788
19100,0.73535
19101,0.52747
19102,0.44368
19103,0.43172
19104,0.80137
19105,1.5491
19106,1.8156
19107,1.7268
19108,1.6084
19109,1.7974
19110,1.5281
19111,0.96191
19112,0.73376
19113,0.72974
19114,0.71288
19115,0.67694
19116,1.2106
19117,1.7716
19118,1.9946
19119,2.0779
19120,2.0742
19121,1.9573
19122,1.26
19123,0.77311
19124,0.54014
19125,0.44686
19126,0.42193
19127,0.71593
19128,1.4707
19129,1.804
19130,1.7339
19131,1.6088
19132,1.7483
19133,1.6117
19134,1.0163
19135,0.75247
19136,0.73197
19137,0.73515
19138,0.66048
19139,1.1201
19140,1.7228
19141,1.9758
19142,2.0695
19143,2.0798
19144,2.0171
19145,1.3461
19146,0.8191
19147,0.5622
19148,0.45373
19149,0.41727
19150,0.64195
19151,1.3817
19152,1.7945
19153,1.7524
19154,1.6197
19155,1.7002
19156,1.6904
19157,1.0754
19158,0.76858
19159,0.72704
19160,0.74836
19161,0.6521
19162,1.0306
19163,1.6677
19164,1.9562
19165,2.0634
19166,2.0831
19167,2.0589
19168,1.4368
19169,0.86815
19170,0.58362
19171,0.4616
19172,0.41688
19173,0.57969
19174,1.2849
19175,1.7765
19176,1.7692
19177,1.6342
19178,1.6588
19179,1.758
19180,1.1409
19181,0.78913
19182,0.72292
19183,0.7555
19184,0.65243
19185,0.94622
19186,1.6057
19187,1.9334
19188,2.055
19189,2.0839
19190,2.0827
19191,1.5307
19192,0.92269
19193,0.6095
19194,0.47194
19195,0.41888
19196,0.52929
19197,1.1833
19198,1.7492
19199,1.7869
19200,1.6507
19201,1.6267
19202,1.8082
19203,1.212
19204,0.81245
19205,0.71317
19206,0.75265
19207,0.65833
19208,0.86977
19209,1.537
19210,1.9076
19211,2.044
19212,2.0822
19213,2.089
19214,1.625
19215,0.98125
19216,0.63747
19217,0.48276
19218,0.42463
19219,0.4915
19220,1.0812
19221,1.7127
19222,1.7972
19223,1.6695
19224,1.6093
19225,1.8377
19226,1.288
19227,0.84348
19228,0.71218
19229,0.74329
19230,0.66724
19231,0.8028
19232,1.4601
19233,1.8796
19234,2.0316
19235,2.0816
19236,2.0873
19237,1.72
19238,1.0455
19239,0.66519
19240,0.4922
19241,0.42911
19242,0.4621
19243,0.97813
19244,1.6652
19245,1.799
19246,1.6813
19247,1.5961
19248,1.8414
19249,1.369
19250,0.88252
19251,0.71716
19252,0.68145
19253,0.65482
19254,0.73795
19255,1.3727
19256,1.8451
19257,2.008
19258,2.0604
19259,2.0625
19260,1.8097
19261,1.1169
19262,0.70401
19263,0.51795
19264,0.44673
19265,0.44888
19266,0.88067
19267,1.6072
19268,1.8206
19269,1.7283
19270,1.6242
19271,1.838
19272,1.4593
19273,0.92187
19274,0.7173
19275,0.71593
19276,0.6814
19277,0.69317
19278,1.2819
19279,1.8049
19280,1.9995
19281,2.0713
19282,2.0677
19283,1.8994
19284,1.1956
19285,0.74285
19286,0.53138
19287,0.44589
19288,0.43065
19289,0.78315
19290,1.5338
19291,1.8158
19292,1.7332
19293,1.6134
19294,1.791
19295,1.5468
19296,0.97263
19297,0.73441
19298,0.70175
19299,0.70316
19300,0.66619
19301,1.1888
19302,1.7611
19303,1.9826
19304,2.0678
19305,2.0681
19306,1.9709
19307,1.2786
19308,0.78466
19309,0.5502
19310,0.45135
19311,0.42294
19312,0.69974
19313,1.4516
19314,1.8081
19315,1.7486
19316,1.6209
19317,1.7436
19318,1.6319
19319,1.0284
19320,0.74939
19321,0.71903
19322,0.72837
19323,0.65213
19324,1.0967
19325,1.7109
19326,1.9706
19327,2.0687
19328,2.072
19329,2.0264
19330,1.3666
19331,0.82924
19332,0.56405
19333,0.45459
19334,0.41837
19335,0.62723
19336,1.3603
19337,1.7894
19338,1.7516
19339,1.6234
19340,1.6918
19341,1.7076
19342,1.0902
19343,0.77597
19344,0.73014
19345,0.7506
19346,0.65092
19347,1.0102
19348,1.6531
19349,1.952
19350,2.0631
19351,2.0798
19352,2.0644
19353,1.4583
19354,0.88085
19355,0.58935
19356,0.46219
19357,0.41671
19358,0.56715
19359,1.2618
19360,1.771
19361,1.7719
19362,1.6345
19363,1.6491
19364,1.7708
19365,1.1568
19366,0.7948
19367,0.72507
19368,0.75922
19369,0.65506
19370,0.92862
19371,1.5907
19372,1.9286
19373,2.0537
19374,2.0876
19375,2.0868
19376,1.5526
19377,0.936
19378,0.60888
19379,0.47055
19380,0.41849
19381,0.51883
19382,1.1595
19383,1.7381
19384,1.779
19385,1.6468
19386,1.6166
19387,1.8151
19388,1.229
19389,0.82428
19390,0.72806
19391,0.76521
19392,0.66721
19393,0.85667
19394,1.5191
19395,1.9023
19396,2.0445
19397,2.0889
19398,2.0946
19399,1.6482
19400,0.99635
19401,0.63617
19402,0.48164
19403,0.42225
19404,0.48179
19405,1.0552
19406,1.7
19407,1.7904
19408,1.6632
19409,1.597
19410,1.8376
19411,1.3067
19412,0.85557
19413,0.72854
19414,0.76373
19415,0.68236
19416,0.79383
19417,1.4413
19418,1.8717
19419,2.0334
19420,2.0876
19421,2.094
19422,1.7429
19423,1.0622
19424,0.67318
19425,0.4971
19426,0.42458
19427,0.45335
19428,0.95229
19429,1.6516
19430,1.8044
19431,1.6807
19432,1.5847
19433,1.8337
19434,1.3885
19435,0.89074
19436,0.72961
19437,0.75957
19438,0.70205
19439,0.74371
19440,1.359
19441,1.8378
19442,2.0204
19443,2.0849
19444,2.0878
19445,1.8307
19446,1.1317
19447,0.7073
19448,0.51206
19449,0.43327
19450,0.43612
19451,0.85745
19452,1.5926
19453,1.8092
19454,1.7025
19455,1.5898
19456,1.8128
19457,1.4722
19458,0.93252
19459,0.73326
19460,0.74714
19461,0.71495
19462,0.70267
19463,1.2712
19464,1.7995
19465,2.0048
19466,2.081
19467,2.0865
19468,1.9129
19469,1.2078
19470,0.74624
19471,0.52854
19472,0.43734
19473,0.42285
19474,0.76728
19475,1.5213
19476,1.8312
19477,1.7461
19478,1.602
19479,1.7744
19480,1.5579
19481,0.97809
19482,0.72464
19483,0.72518
19484,0.72435
19485,0.67219
19486,1.1794
19487,1.7574
19488,1.9996
19489,2.079
19490,2.0787
19491,1.9808
19492,1.2877
19493,0.78324
19494,0.53945
19495,0.44241
19496,0.41675
19497,0.68876
19498,1.4433
19499,1.7973
19500,1.7271
19501,1.5987
19502,1.7236
19503,1.6353
19504,1.0347
19505,0.76217
19506,0.74113
19507,0.75213
19508,0.66378
19509,1.0945
19510,1.7062
19511,1.9733
19512,2.0704
19513,2.0854
19514,2.0325
19515,1.3733
19516,0.83245
19517,0.5631
19518,0.45095
19519,0.41393
19520,0.62075
19521,1.3528
19522,1.7866
19523,1.747
19524,1.6127
19525,1.6796
19526,1.7101
19527,1.0945
19528,0.77732
19529,0.73062
19530,0.75979
19531,0.65675
19532,1.0074
19533,1.6499
19534,1.9508
19535,2.0623
19536,2.0872
19537,2.0689
19538,1.4638
19539,0.88335
19540,0.58779
19541,0.46021
19542,0.41506
19543,0.56306
19544,1.2556
19545,1.7699
19546,1.7916
19547,1.6412
19548,1.6464
19549,1.7741
19550,1.161
19551,0.7868
19552,0.71439
19553,0.75472
19554,0.65393
19555,0.92334
19556,1.589
19557,1.9254
19558,2.0516
19559,2.0823
19560,2.0848
19561,1.5563
19562,0.93827
19563,0.61717
19564,0.47401
19565,0.42145
19566,0.51824
19567,1.1562
19568,1.7406
19569,1.7876
19570,1.6569
19571,1.6226
19572,1.8187
19573,1.2321
19574,0.82195
19575,0.71964
19576,0.75592
19577,0.6618
19578,0.85095
19579,1.5167
19580,1.9003
19581,2.0425
19582,2.087
19583,2.0933
19584,1.6522
19585,0.99871
19586,0.64657
19587,0.48721
19588,0.42516
19589,0.4814
19590,1.0516
19591,1.7006
19592,1.8018
19593,1.6756
19594,1.6039
19595,1.8409
19596,1.3104
19597,0.85292
19598,0.71726
19599,0.75216
19600,0.67595
19601,0.78789
19602,1.4384
19603,1.8711
19604,2.0316
19605,2.0859
19606,2.0916
19607,1.7469
19608,1.0645
19609,0.67506
19610,0.49686
19611,0.42893
19612,0.45396
19613,0.94918
19614,1.6501
19615,1.8035
19616,1.6859
19617,1.5913
19618,1.8362
19619,1.3921
19620,0.89269
19621,0.7263
19622,0.75166
19623,0.69679
19624,0.73908
19625,1.3544
19626,1.8358
19627,2.0185
19628,2.0834
19629,2.0846
19630,1.8346
19631,1.1352
19632,0.71064
19633,0.51431
19634,0.43506
19635,0.43633
19636,0.85346
19637,1.5896
19638,1.8094
19639,1.7066
19640,1.5935
19641,1.813
19642,1.4766
19643,0.93513
19644,0.73229
19645,0.74298
19646,0.71249
19647,0.69938
19648,1.2661
19649,1.798
19650,2.0036
19651,2.0808
19652,2.0803
19653,1.9153
19654,1.2115
19655,0.74555
19656,0.5256
19657,0.441
19658,0.4246
19659,0.76432
19660,1.5183
19661,1.8043
19662,1.7192
19663,1.5977
19664,1.7725
19665,1.561
19666,0.98522
19667,0.74718
19668,0.74104
19669,0.73173
19670,0.67399
19671,1.1752
19672,1.7523
19673,1.9899
19674,2.0772
19675,2.0794
19676,1.9833
19677,1.2944
19678,0.79074
19679,0.54723
19680,0.44772
19681,0.4183
19682,0.68436
19683,1.4359
19684,1.8012
19685,1.7384
19686,1.6089
19687,1.726
19688,1.6436
19689,1.0391
19690,0.75856
19691,0.72369
19692,0.74116
19693,0.65669
19694,1.0844
19695,1.7018
19696,1.9674
19697,2.068
19698,2.0774
19699,2.0348
19700,1.3811
19701,0.83864
19702,0.57166
19703,0.4575
19704,0.41757
19705,0.6166
19706,1.3447
19707,1.7909
19708,1.7613
19709,1.6279
19710,1.6851
19711,1.7191
19712,1.1001
19713,0.77482
19714,0.72338
19715,0.74927
19716,0.64963
19717,0.99588
19718,1.6444
19719,1.9476
19720,2.0602
19721,2.0837
19722,2.0702
19723,1.4734
19724,0.88893
19725,0.59357
19726,0.46546
19727,0.41785
19728,0.55864
19729,1.2455
19730,1.7676
19731,1.7778
19732,1.642
19733,1.6455
19734,1.7802
19735,1.1681
19736,0.79621
19737,0.71595
19738,0.75437
19739,0.65349
19740,0.91492
19741,1.58
19742,1.9268
19743,2.053
19744,2.0821
19745,2.0855
19746,1.567
19747,0.9441
19748,0.61432
19749,0.47347
19750,0.42118
19751,0.51368
19752,1.1444
19753,1.7341
19754,1.7829
19755,1.654
19756,1.6177
19757,1.8219
19758,1.2406
19759,0.82773
19760,0.72605
19761,0.76068
19762,0.6657
19763,0.84461
19764,1.5073
19765,1.8979
19766,2.0426
19767,2.0883
19768,2.0935
19769,1.6631
19770,1.0063
19771,0.64566
19772,0.48324
19773,0.42157
19774,0.47656
19775,1.039
19776,1.6945
19777,1.7954
19778,1.6653
19779,1.5934
19780,1.8382
19781,1.3188
19782,0.85902
19783,0.72759
19784,0.7632
19785,0.68568
19786,0.78564
19787,1.4302
19788,1.8671
19789,2.0313
19790,2.0876
19791,2.0938
19792,1.7562
19793,1.0717
19794,0.67804
19795,0.49929
19796,0.42688
19797,0.4506
19798,0.9384
19799,1.6438
19800,1.8036
19801,1.6843
19802,1.586
19803,1.8323
19804,1.4003
19805,0.89708
19806,0.72786
19807,0.75477
19808,0.70234
19809,0.73652
19810,1.3462
19811,1.8323
19812,2.0175
19813,2.0839
19814,2.086
19815,1.843
19816,1.1423
19817,0.71411
19818,0.51573
19819,0.43554
19820,0.43472
19821,0.84413
19822,1.583
19823,1.827
19824,1.7184
19825,1.5969
19826,1.8108
19827,1.4855
19828,0.93598
19829,0.72394
19830,0.7335
19831,0.70977
19832,0.69416
19833,1.2573
19834,1.7941
19835,1.9991
19836,2.0775
19837,2.0674
19838,1.7884
19839,1.1938
19840,0.74361
19841,0.52748
19842,0.44072
19843,0.46885
19844,0.81605
19845,1.5452
19846,1.8159
19847,1.7233
19848,1.64
19849,1.8469
19850,1.5477
19851,0.96965
19852,0.73813
19853,0.72628
19854,0.67578
19855,0.64695
19856,1.185
19857,1.7602
19858,1.99
19859,2.0655
19860,2.0482
19861,1.9672
19862,1.2787
19863,0.78369
19864,0.54693
19865,0.45592
19866,0.42859
19867,0.70211
19868,1.4528
19869,1.807
19870,1.7507
19871,1.6336
19872,1.754
19873,1.6343
19874,1.0294
19875,0.75103
19876,0.71249
19877,0.71722
19878,0.64509
19879,1.093
19880,1.709
19881,1.9674
19882,2.0638
19883,2.0696
19884,2.027
19885,1.3693
19886,0.83264
19887,0.56966
19888,0.45741
19889,0.41977
19890,0.62581
19891,1.3573
19892,1.7927
19893,1.7621
19894,1.6308
19895,1.6946
19896,1.7112
19897,1.0921
19898,0.76805
19899,0.71127
19900,0.73939
19901,0.64533
19902,1.0048
19903,1.6518
19904,1.9478
19905,2.0588
19906,2.0747
19907,2.0636
19908,1.4614
19909,0.88325
19910,0.58673
19911,0.46406
19912,0.41949
19913,0.56631
19914,1.2588
19915,1.7669
19916,1.7691
19917,1.6401
19918,1.653
19919,1.7742
19920,1.1601
19921,0.79798
19922,0.724
19923,0.75491
19924,0.65201
19925,0.92396
19926,1.5862
19927,1.9272
19928,2.0529
19929,2.0847
19930,2.0859
19931,1.5576
19932,0.93902
19933,0.61356
19934,0.47142
19935,0.41996
19936,0.51727
19937,1.154
19938,1.7387
19939,1.7817
19940,1.651
19941,1.6182
19942,1.8181
19943,1.2332
19944,0.82345
19945,0.71572
19946,0.75299
19947,0.6623
19948,0.85056
19949,1.5149
19950,1.9014
19951,2.0423
19952,2.0838
19953,2.0906
19954,1.653
19955,0.99934
19956,0.64342
19957,0.48583
19958,0.42606
19959,0.48194
19960,1.0507
19961,1.6992
19962,1.798
19963,1.674
19964,1.605
19965,1.8417
19966,1.3116
19967,0.85542
19968,0.71979
19969,0.75295
19970,0.67572
19971,0.78686
19972,1.4366
19973,1.8691
19974,2.0308
19975,2.0857
19976,2.0905
19977,1.7484
19978,1.0661
19979,0.67648
19980,0.49822
19981,0.43019
19982,0.45423
19983,0.94723
19984,1.6488
19985,1.8075
19986,1.6905
19987,1.5946
19988,1.8376
19989,1.3945
19990,0.89215
19991,0.7232
19992,0.74946
19993,0.69484
19994,0.73659
19995,1.3522
19996,1.8348
19997,2.018
19998,2.0823
19999,2.0867
20000,1.8384
20001,1.1376
20002,0.71095
20003,0.51128
20004,0.43306
20005,0.43454
20006,0.84953
20007,1.5874
20008,1.8074
20009,1.7009
20010,1.5881
20011,1.809
20012,1.4787
20013,0.93709
20014,0.73436
20015,0.74156
20016,0.71561
20017,0.70013
20018,1.2638
20019,1.7967
20020,2.0064
20021,2.0825
20022,2.0823
20023,1.9177
20024,1.2139
20025,0.74642
20026,0.52673
20027,0.44026
20028,0.42369
20029,0.76148
20030,1.5163
20031,1.8052
20032,1.7195
20033,1.5963
20034,1.77
20035,1.563
20036,0.98619
20037,0.74638
20038,0.74209
20039,0.73372
20040,0.67432
20041,1.1735
20042,1.7512
20043,1.9877
20044,2.075
20045,2.0825
20046,1.9857
20047,1.2964
20048,0.79197
20049,0.54574
20050,0.44508
20051,0.41663
20052,0.68179
20053,1.4332
20054,1.7985
20055,1.7339
20056,1.6032
20057,1.721
20058,1.6447
20059,1.0408
20060,0.76176
20061,0.73863
20062,0.75082
20063,0.66095
20064,1.084
20065,1.7006
20066,1.9694
20067,2.0695
20068,2.0848
20069,2.0374
20070,1.3831
20071,0.83832
20072,0.56765
20073,0.45284
20074,0.41292
20075,0.61332
20076,1.3421
20077,1.7858
20078,1.7523
20079,1.6135
20080,1.6739
20081,1.7174
20082,1.1013
20083,0.77777
20084,0.73046
20085,0.76174
20086,0.65745
20087,0.99851
20088,1.6439
20089,1.957
20090,2.0671
20091,2.0855
20092,2.0712
20093,1.4732
20094,0.88725
20095,0.5858
20096,0.46108
20097,0.41539
20098,0.5579
20099,1.2462
20100,1.7632
20101,1.7632
20102,1.6303
20103,1.6387
20104,1.7775
20105,1.1675
20106,0.80166
20107,0.72453
20108,0.76386
20109,0.65935
20110,0.91864
20111,1.5792
20112,1.9346
20113,2.0601
20114,2.0867
20115,2.0888
20116,1.567
20117,0.94298
20118,0.61332
20119,0.47071
20120,0.41806
20121,0.51235
20122,1.1438
20123,1.7341
20124,1.8231
20125,1.6638
20126,1.6172
20127,1.8218
20128,1.2407
20129,0.81423
20130,0.70691
20131,0.75189
20132,0.66284
20133,0.84357
20134,1.5112
20135,1.8955
20136,2.0387
20137,2.0824
20138,2.0917
20139,1.6611
20140,1.0042
20141,0.64982
20142,0.48855
20143,0.42688
20144,0.47903
20145,1.0429
20146,1.6967
20147,1.8024
20148,1.6788
20149,1.6051
20150,1.8424
20151,1.3176
20152,0.85596
20153,0.71236
20154,0.74134
20155,0.67266
20156,0.78103
20157,1.4305
20158,1.8684
20159,2.0282
20160,2.0817
20161,2.0851
20162,1.7541
20163,1.0704
20164,0.67413
20165,0.49617
20166,0.43143
20167,0.45382
20168,0.94128
20169,1.6449
20170,1.801
20171,1.6882
20172,1.5953
20173,1.8374
20174,1.3998
20175,0.89724
20176,0.73238
20177,0.75265
20178,0.69653
20179,0.73384
20180,1.3454
20181,1.8358
20182,2.0261
20183,2.0871
20184,2.0853
20185,1.8439
20186,1.1429
20187,0.70923
20188,0.50862
20189,0.43392
20190,0.43396
20191,0.84284
20192,1.5831
20193,1.8007
20194,1.6981
20195,1.5876
20196,1.8064
20197,1.4842
20198,0.94198
20199,0.74101
20200,0.75264
20201,0.7212
20202,0.69966
20203,1.2577
20204,1.7926
20205,2.0037
20206,2.0802
20207,2.0871
20208,1.9237
20209,1.2203
20210,0.7529
20211,0.52855
20212,0.43871
20213,0.42167
20214,0.75451
20215,1.5096
20216,1.8238
20217,1.7409
20218,1.6007
20219,1.7668
20220,1.5705
20221,0.98739
20222,0.73178
20223,0.72946
20224,0.72957
20225,0.6704
20226,1.1657
20227,1.7499
20228,1.983
20229,2.0735
20230,2.0771
20231,1.9893
20232,1.301
20233,0.79609
20234,0.55215
20235,0.44972
20236,0.41872
20237,0.67825
20238,1.4284
20239,1.8021
20240,1.7443
20241,1.6138
20242,1.7238
20243,1.6509
20244,1.0439
20245,0.75414
20246,0.72775
20247,0.74196
20248,0.65531
20249,1.0762
20250,1.6973
20251,1.9662
20252,2.0676
20253,2.0781
20254,2.0388
20255,1.389
20256,0.84271
20257,0.57364
20258,0.45847
20259,0.41749
20260,0.61101
20261,1.3364
20262,1.7892
20263,1.7628
20264,1.6293
20265,1.6812
20266,1.725
20267,1.1058
20268,0.77667
20269,0.72301
20270,0.74998
20271,0.6497
20272,0.98861
20273,1.639
20274,1.9457
20275,2.0595
20276,2.0841
20277,2.0722
20278,1.4814
20279,0.89429
20280,0.59662
20281,0.4661
20282,0.41838
20283,0.55443
20284,1.237
20285,1.7654
20286,1.7769
20287,1.6432
20288,1.6432
20289,1.7846
20290,1.1742
20291,0.80016
20292,0.71461
20293,0.75384
20294,0.65375
20295,0.90798
20296,1.5735
20297,1.9244
20298,2.0522
20299,2.0838
20300,2.087
20301,1.576
20302,0.94992
20303,0.62122
20304,0.47526
20305,0.42131
20306,0.50979
20307,1.1343
20308,1.7322
20309,1.8148
20310,1.669
20311,1.6203
20312,1.8264
20313,1.2485
20314,0.82013
20315,0.70916
20316,0.74864
20317,0.66102
20318,0.83509
20319,1.5022
20320,1.8932
20321,2.0378
20322,2.0821
20323,2.0885
20324,1.671
20325,1.0113
20326,0.65241
20327,0.48992
20328,0.4276
20329,0.47639
20330,1.0319
20331,1.6918
20332,1.8011
20333,1.6788
20334,1.6041
20335,1.8433
20336,1.3262
20337,0.86067
20338,0.72051
20339,0.75127
20340,0.67799
20341,0.77646
20342,1.4218
20343,1.8665
20344,2.0314
20345,2.0863
20346,2.0875
20347,1.7643
20348,1.0778
20349,0.67677
20350,0.49534
20351,0.42952
20352,0.45015
20353,0.93001
20354,1.6388
20355,1.7996
20356,1.6844
20357,1.5892
20358,1.8326
20359,1.4081
20360,0.90212
20361,0.73123
20362,0.75316
20363,0.70174
20364,0.73134
20365,1.3371
20366,1.8312
20367,2.0193
20368,2.0857
20369,2.0897
20370,1.8533
20371,1.1506
20372,0.71728
20373,0.51675
20374,0.43492
20375,0.43191
20376,0.83325
20377,1.5759
20378,1.8107
20379,1.7086
20380,1.5907
20381,1.8031
20382,1.4935
20383,0.94422
20384,0.73483
20385,0.74594
20386,0.72007
20387,0.6951
20388,1.2487
20389,1.7891
20390,2.0012
20391,2.0799
20392,2.0865
20393,1.9316
20394,1.2278
20395,0.75725
20396,0.53356
20397,0.43972
20398,0.42078
20399,0.74638
20400,1.502
20401,1.8084
20402,1.7257
20403,1.5955
20404,1.7597
20405,1.5776
20406,0.99398
20407,0.74641
20408,0.7404
20409,0.73812
20410,0.67205
20411,1.1587
20412,1.744
20413,1.9843
20414,2.0747
20415,2.0846
20416,1.9959
20417,1.3101
20418,0.7992
20419,0.55243
20420,0.44782
20421,0.41621
20422,0.6699
20423,1.419
20424,1.8
20425,1.7423
20426,1.6085
20427,1.7146
20428,1.6577
20429,1.0498
20430,0.76128
20431,0.73315
20432,0.74949
20433,0.65798
20434,1.069
20435,1.6921
20436,1.9657
20437,2.0676
20438,2.0842
20439,2.0442
20440,1.3978
20441,0.84571
20442,0.5742
20443,0.45772
20444,0.41593
20445,0.60433
20446,1.327
20447,1.785
20448,1.7626
20449,1.6268
20450,1.6738
20451,1.7302
20452,1.112
20453,0.77853
20454,0.72477
20455,0.75445
20456,0.65226
20457,0.98215
20458,1.6335
20459,1.9503
20460,2.0634
20461,2.0834
20462,2.074
20463,1.4894
20464,0.89694
20465,0.59135
20466,0.46374
20467,0.41703
20468,0.54968
20469,1.2288
20470,1.7585
20471,1.7679
20472,1.6361
20473,1.6362
20474,1.7871
20475,1.18
20476,0.80714
20477,0.72988
20478,0.76446
20479,0.65984
20480,0.90466
20481,1.567
20482,1.9219
20483,2.0538
20484,2.0873
20485,2.0898
20486,1.5838
20487,0.95474
20488,0.62093
20489,0.47491
20490,0.42061
20491,0.50614
20492,1.1256
20493,1.7281
20494,1.7839
20495,1.6548
20496,1.6112
20497,1.8262
20498,1.254
20499,0.8327
20500,0.71533
20501,0.75363
20502,0.6666
20503,0.83256
20504,1.4937
20505,1.8912
20506,2.038
20507,2.0835
20508,2.0922
20509,1.6793
20510,1.0176
20511,0.65447
20512,0.49083
20513,0.42448
20514,0.47235
20515,1.0215
20516,1.6869
20517,1.8043
20518,1.6764
20519,1.597
20520,1.8412
20521,1.3336
20522,0.86322
20523,0.72256
20524,0.75559
20525,0.68379
20526,0.77351
20527,1.4155
20528,1.861
20529,2.0281
20530,2.087
20531,2.0915
20532,1.7729
20533,1.0841
20534,0.68623
20535,0.50303
20536,0.43086
20537,0.44794
20538,0.92112
20539,1.6338
20540,1.8088
20541,1.6943
20542,1.5919
20543,1.8316
20544,1.4162
20545,0.90335
20546,0.72256
20547,0.73171
20548,0.69733
20549,0.7255
20550,1.3294
20551,1.8254
20552,2.0102
20553,2.0787
20554,2.0807
20555,1.8584
20556,1.1561
20557,0.72265
20558,0.52057
20559,0.43802
20560,0.43323
20561,0.8275
20562,1.5705
20563,1.8138
20564,1.7162
20565,1.5986
20566,1.8051
20567,1.5014
20568,0.94751
20569,0.73084
20570,0.72806
20571,0.71063
20572,0.68748
20573,1.2393
20574,1.7855
20575,1.9955
20576,2.077
20577,2.0753
20578,1.936
20579,1.2346
20580,0.76057
20581,0.53437
20582,0.4454
20583,0.42388
20584,0.74094
20585,1.4956
20586,1.8075
20587,1.7305
20588,1.6069
20589,1.7631
20590,1.5866
20591,0.99928
20592,0.74915
20593,0.73473
20594,0.73088
20595,0.66523
20596,1.1475
20597,1.7381
20598,1.9849
20599,2.0752
20600,2.077
20601,2.0005
20602,1.3195
20603,0.8026
20604,0.54889
20605,0.44896
20606,0.41742
20607,0.663
20608,1.4098
20609,1.7928
20610,1.7372
20611,1.6101
20612,1.7114
20613,1.6664
20614,1.0577
20615,0.76852
20616,0.73633
20617,0.75099
20618,0.65675
20619,1.0586
20620,1.6842
20621,1.9638
20622,2.0669
20623,2.0833
20624,2.0483
20625,1.4091
20626,0.85275
20627,0.57817
20628,0.45926
20629,0.41626
20630,0.59726
20631,1.3148
20632,1.7831
20633,1.7642
20634,1.629
20635,1.6697
20636,1.739
20637,1.1204
20638,0.7809
20639,0.71783
20640,0.75214
20641,0.65096
20642,0.97088
20643,1.6253
20644,1.9466
20645,2.0608
20646,2.0812
20647,2.0758
20648,1.5014
20649,0.90429
20650,0.5919
20651,0.46398
20652,0.418
20653,0.54381
20654,1.2156
20655,1.7547
20656,1.7665
20657,1.6378
20658,1.6326
20659,1.7937
20660,1.1894
20661,0.80977
20662,0.71984
20663,0.7575
20664,0.65801
20665,0.89375
20666,1.557
20667,1.9182
20668,2.0496
20669,2.0846
20670,2.0896
20671,1.5969
20672,0.9634
20673,0.62048
20674,0.47501
20675,0.42149
20676,0.50124
20677,1.1109
20678,1.7219
20679,1.782
20680,1.6557
20681,1.6087
20682,1.8299
20683,1.2651
20684,0.83871
20685,0.72761
20686,0.76319
20687,0.67201
20688,0.82477
20689,1.4825
20690,1.8917
20691,2.0407
20692,2.086
20693,2.0924
20694,1.6928
20695,1.0263
20696,0.65558
20697,0.48843
20698,0.42639
20699,0.46885
20700,1.0069
20701,1.6797
20702,1.7982
20703,1.6762
20704,1.5961
20705,1.8416
20706,1.3451
20707,0.87101
20708,0.72191
20709,0.75134
20710,0.6847
20711,0.76541
20712,1.4021
20713,1.8616
20714,2.036
20715,2.0884
20716,2.0898
20717,1.7866
20718,1.0946
20719,0.68387
20720,0.49761
20721,0.42668
20722,0.4433
20723,0.90534
20724,1.6249
20725,1.7987
20726,1.6825
20727,1.5807
20728,1.8233
20729,1.4268
20730,0.91213
20731,0.73213
20732,0.75946
20733,0.71314
20734,0.72557
20735,1.3182
20736,1.8215
20737,2.0148
20738,2.0889
20739,2.0891
20740,1.8705
20741,1.1671
20742,0.72542
20743,0.51324
20744,0.43365
20745,0.42834
20746,0.81339
20747,1.5604
20748,1.8016
20749,1.7006
20750,1.5843
20751,1.7918
20752,1.5112
20753,0.95646
20754,0.74251
20755,0.72573
20756,0.71929
20757,0.68815
20758,1.2284
20759,1.7789
20760,2.0058
20761,2.0809
20762,2.0851
20763,1.9465
20764,1.2462
20765,0.76278
20766,0.53132
20767,0.43791
20768,0.41844
20769,0.72789
20770,1.4849
20771,1.8006
20772,1.7169
20773,1.5897
20774,1.7459
20775,1.5945
20776,1.0069
20777,0.75579
20778,0.74857
20779,0.74875
20780,0.67209
20781,1.1404
20782,1.7326
20783,1.9818
20784,2.0741
20785,2.0857
20786,2.0074
20787,1.3286
20788,0.80985
20789,0.55868
20790,0.45083
20791,0.41588
20792,0.6551
20793,1.3998
20794,1.7996
20795,1.7498
20796,1.6138
20797,1.7062
20798,1.6745
20799,1.0624
20800,0.76222
20801,0.71639
20802,0.74434
20803,0.65327
20804,1.0489
20805,1.6803
20806,1.9588
20807,2.0653
20808,2.0784
20809,2.0506
20810,1.4169
20811,0.85805
20812,0.58077
20813,0.46022
20814,0.41734
20815,0.59237
20816,1.3065
20817,1.7815
20818,1.7655
20819,1.6321
20820,1.6681
20821,1.7449
20822,1.1262
20823,0.78479
20824,0.72531
20825,0.75409
20826,0.65117
20827,0.96359
20828,1.6195
20829,1.9564
20830,2.0672
20831,2.0843
20832,2.0785
20833,1.5101
20834,0.90721
20835,0.59517
20836,0.46549
20837,0.41801
20838,0.53921
20839,1.2069
20840,1.7519
20841,1.7705
20842,1.6401
20843,1.6301
20844,1.7975
20845,1.1954
20846,0.81287
20847,0.72446
20848,0.7626
20849,0.66081
20850,0.88853
20851,1.5516
20852,1.914
20853,2.0487
20854,2.0849
20855,2.0914
20856,1.6044
20857,0.96852
20858,0.62766
20859,0.47666
20860,0.4209
20861,0.49787
20862,1.1027
20863,1.7206
20864,1.788
20865,1.6575
20866,1.6061
20867,1.8311
20868,1.2708
20869,0.83861
20870,0.71664
20871,0.7483
20872,0.6683
20873,0.81825
20874,1.4771
20875,1.8959
20876,2.0482
20877,2.0871
20878,2.0913
20879,1.6998
20880,1.0302
20881,0.65277
20882,0.48626
20883,0.42586
20884,0.46651
20885,0.99964
20886,1.6759
20887,1.7918
20888,1.6715
20889,1.5923
20890,1.8402
20891,1.3497
20892,0.87542
20893,0.72923
20894,0.76055
20895,0.69082
20896,0.76465
20897,1.3968
20898,1.8545
20899,2.028
20900,2.0847
20901,2.0912
20902,1.7916
20903,1.0996
20904,0.69232
20905,0.50647
20906,0.43183
20907,0.44398
20908,0.89995
20909,1.621
20910,1.807
20911,1.6968
20912,1.591
20913,1.8266
20914,1.4342
20915,0.91338
20916,0.72813
20917,0.74641
20918,0.70471
20919,0.71772
20920,1.3105
20921,1.8169
20922,2.0107
20923,2.0827
20924,2.0881
20925,1.8783
20926,1.1735
20927,0.73083
20928,0.52363
20929,0.4358
20930,0.42759
20931,0.80576
20932,1.554
20933,1.8126
20934,1.7163
20935,1.5914
20936,1.7907
20937,1.5196
20938,0.95825
20939,0.73455
20940,0.73013
20941,0.72095
20942,0.685
20943,1.2207
20944,1.776
20945,1.9985
20946,2.0789
20947,2.0795
20948,1.9515
20949,1.2519
20950,0.76631
20951,0.53345
20952,0.44205
20953,0.41998
20954,0.72286
20955,1.4788
20956,1.8005
20957,1.7221
20958,1.5977
20959,1.7469
20960,1.6017
20961,1.0116
20962,0.75554
20963,0.743
20964,0.74356
20965,0.66736
20966,1.1315
20967,1.7278
20968,1.9799
20969,2.0727
20970,2.0845
20971,2.0125
20972,1.3371
20973,0.81214
20974,0.55772
20975,0.45108
20976,0.41573
20977,0.64833
20978,1.391
20979,1.7952
20980,1.7479
20981,1.6137
20982,1.7012
20983,1.6817
20984,1.0689
20985,0.76528
20986,0.71304
20987,0.74303
20988,0.65203
20989,1.0399
20990,1.6739
20991,1.9567
20992,2.0626
20993,2.0765
20994,2.0531
20995,1.4261
20996,0.8624
20997,0.57782
20998,0.4595
20999,0.41762
21000,0.58683
21001,1.2966
21002,1.776
21003,1.7609
21004,1.6306
21005,1.6638
21006,1.751
21007,1.1336
21008,0.78997
21009,0.72738
21010,0.7565
21011,0.65234
21012,0.95555
21013,1.6118
21014,1.9368
21015,2.0567
21016,2.085
21017,2.0816
21018,1.5209
21019,0.91694
21020,0.60669
21021,0.46989
21022,0.41831
21023,0.53389
21024,1.1939
21025,1.7518
21026,1.7826
21027,1.6473
21028,1.6282
21029,1.8036
21030,1.2044
21031,0.81072
21032,0.71782
21033,0.7579
21034,0.65957
21035,0.87815
21036,1.5441
21037,1.9107
21038,2.0463
21039,2.0887
21040,2.0928
21041,1.6165
21042,0.9756
21043,0.63372
21044,0.47963
21045,0.42161
21046,0.49316
21047,1.0902
21048,1.7161
21049,1.794
21050,1.6623
21051,1.6048
21052,1.8337
21053,1.2802
21054,0.84098
21055,0.71476
21056,0.7466
21057,0.66942
21058,0.81056
21059,1.4684
21060,1.8815
21061,2.0331
21062,2.0824
21063,2.0886
21064,1.7102
21065,1.0388
21066,0.66471
21067,0.49468
21068,0.42913
21069,0.46486
21070,0.98861
21071,1.6707
21072,1.8051
21073,1.6851
21074,1.5993
21075,1.843
21076,1.3612
21077,0.87688
21078,0.7218
21079,0.74846
21080,0.68518
21081,0.7542
21082,1.386
21083,1.8508
21084,2.0257
21085,2.0926
21086,2.1168
21087,1.8144
21088,1.1125
21089,0.6928
21090,0.50099
21091,0.42252
21092,0.43175
21093,0.87769
21094,1.6079
21095,1.8015
21096,1.6813
21097,1.5642
21098,1.8055
21099,1.4466
21100,0.9223
21101,0.7399
21102,0.7705
21103,0.73285
21104,0.72437
21105,1.2998
21106,1.8116
21107,2.0117
21108,2.0852
21109,2.0926
21110,1.8879
21111,1.1836
21112,0.73382
21113,0.52353
21114,0.43669
21115,0.4259
21116,0.79443
21117,1.5447
21118,1.8096
21119,1.7145
21120,1.5904
21121,1.7846
21122,1.5302
21123,0.96543
21124,0.73928
21125,0.74469
21126,0.72951
21127,0.68435
21128,1.2098
21129,1.7701
21130,1.9944
21131,2.0775
21132,2.0841
21133,1.9611
21134,1.2628
21135,0.77503
21136,0.53837
21137,0.44202
21138,0.41792
21139,0.71185
21140,1.4672
21141,1.8197
21142,1.7592
21143,1.6092
21144,1.7431
21145,1.614
21146,1.0163
21147,0.73471
21148,0.72129
21149,0.73432
21150,0.66034
21151,1.1172
21152,1.724
21153,1.9723
21154,2.0697
21155,2.0759
21156,2.0173
21157,1.3462
21158,0.81935
21159,0.56387
21160,0.45314
21161,0.41721
21162,0.64143
21163,1.3812
21164,1.7996
21165,1.7579
21166,1.6213
21167,1.7002
21168,1.6907
21169,1.0749
21170,0.76403
21171,0.72305
21172,0.74643
21173,0.65129
21174,1.0301
21175,1.6688
21176,1.9556
21177,2.0628
21178,2.0835
21179,2.0593
21180,1.4362
21181,0.86795
21182,0.58361
21183,0.46145
21184,0.417
21185,0.57994
21186,1.2858
21187,1.7768
21188,1.7674
21189,1.6339
21190,1.6584
21191,1.7572
21192,1.1402
21193,0.78758
21194,0.72262
21195,0.7558
21196,0.65265
21197,0.94712
21198,1.6063
21199,1.9351
21200,2.0568
21201,2.0822
21202,2.0811
21203,1.5295
21204,0.92192
21205,0.60739
21206,0.47148
21207,0.42006
21208,0.53049
21209,1.1849
21210,1.7489
21211,1.7847
21212,1.652
21213,1.6293
21214,1.8085
21215,1.2114
21216,0.81341
21217,0.72007
21218,0.75638
21219,0.65873
21220,0.87047
21221,1.5373
21222,1.9083
21223,2.0456
21224,2.0865
21225,2.0919
21226,1.6254
21227,0.98137
21228,0.6356
21229,0.48166
21230,0.42361
21231,0.49063
21232,1.0806
21233,1.7122
21234,1.7939
21235,1.6669
21236,1.6065
21237,1.8366
21238,1.2879
21239,0.84468
21240,0.71879
21241,0.75497
21242,0.67269
21243,0.80501
21244,1.4607
21245,1.8789
21246,2.0342
21247,2.0843
21248,2.0922
21249,1.7202
21250,1.0455
21251,0.66326
21252,0.49357
21253,0.42777
21254,0.46096
21255,0.97767
21256,1.6647
21257,1.8009
21258,1.682
21259,1.5937
21260,1.8401
21261,1.3688
21262,0.88186
21263,0.7261
21264,0.7548
21265,0.69175
21266,0.75194
21267,1.378
21268,1.8456
21269,2.0229
21270,2.0842
21271,2.0888
21272,1.8117
21273,1.1155
21274,0.69971
21275,0.50567
21276,0.43117
21277,0.43932
21278,0.87827
21279,1.6069
21280,1.806
21281,1.6947
21282,1.587
21283,1.8185
21284,1.4529
21285,0.92324
21286,0.7306
21287,0.75135
21288,0.71307
21289,0.71155
21290,1.2913
21291,1.8094
21292,2.0117
21293,2.0849
21294,2.0853
21295,1.8946
21296,1.19
21297,0.73382
21298,0.52143
21299,0.43806
21300,0.42625
21301,0.78745
21302,1.5392
21303,1.8052
21304,1.7134
21305,1.5926
21306,1.7827
21307,1.5373
21308,0.9707
21309,0.74444
21310,0.74546
21311,0.72999
21312,0.6817
21313,1.2012
21314,1.7662
21315,1.9999
21316,2.0817
21317,2.0824
21318,1.9663
21319,1.2707
21320,0.77509
21321,0.53886
21322,0.44412
21323,0.41851
21324,0.70505
21325,1.4607
21326,1.8006
21327,1.7294
21328,1.601
21329,1.7366
21330,1.6196
21331,1.0232
21332,0.756
21333,0.7372
21334,0.74462
21335,0.66348
21336,1.1117
21337,1.7169
21338,1.9749
21339,2.0709
21340,2.0795
21341,2.0216
21342,1.3552
21343,0.82324
21344,0.56198
21345,0.44976
21346,0.41468
21347,0.63431
21348,1.3717
21349,1.7938
21350,1.7508
21351,1.6123
21352,1.6902
21353,1.6965
21354,1.0816
21355,0.76865
21356,0.7314
21357,0.75637
21358,0.65594
21359,1.0238
21360,1.6627
21361,1.9546
21362,2.0635
21363,2.0856
21364,2.0628
21365,1.445
21366,0.87354
21367,0.58655
21368,0.46153
21369,0.41581
21370,0.57424
21371,1.2761
21372,1.7754
21373,1.77
21374,1.6329
21375,1.6529
21376,1.7621
21377,1.1465
21378,0.78768
21379,0.72164
21380,0.75788
21381,0.65444
21382,0.94027
21383,1.6009
21384,1.9312
21385,2.0553
21386,2.0829
21387,2.0829
21388,1.5373
21389,0.92701
21390,0.61075
21391,0.46973
21392,0.41824
21393,0.52599
21394,1.1761
21395,1.7465
21396,1.7824
21397,1.6464
21398,1.622
21399,1.8099
21400,1.2171
21401,0.81621
21402,0.71603
21403,0.75447
21404,0.66079
21405,0.86565
21406,1.5312
21407,1.9074
21408,2.0447
21409,2.085
21410,2.0907
21411,1.6326
21412,0.98598
21413,0.63586
21414,0.48259
21415,0.42463
21416,0.4886
21417,1.0728
21418,1.7083
21419,1.794
21420,1.669
21421,1.6068
21422,1.8385
21423,1.2942
21424,0.84784
21425,0.71184
21426,0.72632
21427,0.66424
21428,0.79672
21429,1.4526
21430,1.8769
21431,2.0288
21432,2.0796
21433,2.0866
21434,1.7285
21435,1.0518
21436,0.66987
21437,0.49798
21438,0.42516
21439,0.45829
21440,0.96814
21441,1.6602
21442,1.805
21443,1.6823
21444,1.5904
21445,1.8381
21446,1.3762
21447,0.88429
21448,0.72634
21449,0.75642
21450,0.69537
21451,0.74865
21452,1.3713
21453,1.843
21454,2.0219
21455,2.0863
21456,2.0897
21457,1.8192
21458,1.1213
21459,0.70303
21460,0.50723
21461,0.43111
21462,0.43752
21463,0.8704
21464,1.6018
21465,1.8054
21466,1.6949
21467,1.5857
21468,1.8152
21469,1.4595
21470,0.92703
21471,0.73359
21472,0.75288
21473,0.71619
21474,0.70952
21475,1.2845
21476,1.8053
21477,2.008
21478,2.0812
21479,2.0859
21480,1.901
21481,1.1963
21482,0.74007
21483,0.52704
21484,0.44002
21485,0.42571
21486,0.7806
21487,1.533
21488,1.811
21489,1.722
21490,1.5971
21491,1.7808
21492,1.5447
21493,0.97336
21494,0.74057
21495,0.739
21496,0.72746
21497,0.6778
21498,1.1937
21499,1.7623
21500,1.9914
21501,2.0763
21502,2.0781
21503,1.9706
21504,1.2767
21505,0.7825
21506,0.54584
21507,0.44783
21508,0.41996
21509,0.70019
21510,1.4535
21511,1.8191
21512,1.7588
21513,1.6177
21514,1.7405
21515,1.6289
21516,1.0255
21517,0.74075
21518,0.71796
21519,0.73102
21520,0.65463
21521,1.1005
21522,1.7148
21523,1.9726
21524,2.0695
21525,2.0736
21526,2.0253
21527,1.3618
21528,0.82612
21529,0.56061
21530,0.45193
21531,0.417
21532,0.6298
21533,1.3657
21534,1.7898
21535,1.7495
21536,1.6187
21537,1.6906
21538,1.7024
21539,1.0863
21540,0.77149
21541,0.72293
21542,0.75029
21543,0.65225
21544,1.0162
21545,1.6574
21546,1.9648
21547,2.0737
21548,2.0842
21549,2.0643
21550,1.4527
21551,0.87439
21552,0.5775
21553,0.45563
21554,0.41393
21555,0.56915
21556,1.2685
21557,1.7678
21558,1.754
21559,1.6208
21560,1.643
21561,1.7643
21562,1.1517
21563,0.79693
21564,0.73438
21565,0.77028
21566,0.66167
21567,0.93787
21568,1.5946
21569,1.9312
21570,2.0553
21571,2.0872
21572,2.0866
21573,1.5449
21574,0.93143
21575,0.61254
21576,0.47085
21577,0.41739
21578,0.52216
21579,1.1674
21580,1.7435
21581,1.7822
21582,1.646
21583,1.618
21584,1.8123
21585,1.223
21586,0.81981
21587,0.72684
21588,0.7652
21589,0.66638
21590,0.86208
21591,1.526
21592,1.9047
21593,2.0452
21594,2.0896
21595,2.0943
21596,1.6398
21597,0.99069
21598,0.63848
21599,0.48094
21600,0.42255
21601,0.48488
21602,1.0648
21603,1.7055
21604,1.7906
21605,1.6636
21606,1.5996
21607,1.837
21608,1.2994
21609,0.85153
21610,0.71936
21611,0.74543
21612,0.67799
21613,0.79779
21614,1.4487
21615,1.8791
21616,2.0378
21617,2.0873
21618,2.091
21619,1.7335
21620,1.0549
21621,0.66506
21622,0.49386
21623,0.42843
21624,0.45766
21625,0.96316
21626,1.6571
21627,1.7984
21628,1.6816
21629,1.592
21630,1.8384
21631,1.3803
21632,0.88855
21633,0.7296
21634,0.75632
21635,0.69545
21636,0.7459
21637,1.3657
21638,1.8405
21639,2.0215
21640,2.0843
21641,2.0886
21642,1.824
21643,1.126
21644,0.70522
21645,0.50749
21646,0.43128
21647,0.43674
21648,0.86454
21649,1.5977
21650,1.8045
21651,1.695
21652,1.5853
21653,1.8133
21654,1.4649
21655,0.93026
21656,0.73564
21657,0.7524
21658,0.71724
21659,0.70734
21660,1.2788
21661,1.8033
21662,2.0093
21663,2.0826
21664,2.0836
21665,1.9051
21666,1.201
21667,0.7421
21668,0.52632
21669,0.43791
21670,0.42462
21671,0.77526
21672,1.5284
21673,1.8083
21674,1.7179
21675,1.5936
21676,1.7764
21677,1.5493
21678,0.97672
21679,0.74177
21680,0.73298
21681,0.72828
21682,0.6769
21683,1.1885
21684,1.7595
21685,1.9906
21686,2.0761
21687,2.0783
21688,1.9741
21689,1.2815
21690,0.78274
21691,0.54176
21692,0.446
21693,0.41886
21694,0.69559
21695,1.4488
21696,1.8135
21697,1.7565
21698,1.6147
21699,1.7358
21700,1.6328
21701,1.0298
21702,0.74317
21703,0.72125
21704,0.73498
21705,0.65583
21706,1.0962
21707,1.7116
21708,1.9692
21709,2.068
21710,2.0747
21711,2.0281
21712,1.3669
21713,0.83085
21714,0.56718
21715,0.45362
21716,0.41641
21717,0.62588
21718,1.3596
21719,1.7928
21720,1.7567
21721,1.6207
21722,1.6882
21723,1.7068
21724,1.0897
21725,0.77158
21726,0.7264
21727,0.75207
21728,0.65251
21729,1.011
21730,1.6545
21731,1.9515
21732,2.0618
21733,2.0846
21734,2.0663
21735,1.4577
21736,0.88003
21737,0.58768
21738,0.46234
21739,0.4168
21740,0.56718
21741,1.2626
21742,1.7697
21743,1.7698
21744,1.6355
21745,1.6491
21746,1.7702
21747,1.1563
21748,0.79411
21749,0.72185
21750,0.75794
21751,0.65466
21752,0.92889
21753,1.5907
21754,1.9295
21755,2.0538
21756,2.088
21757,2.0875
21758,1.5525
21759,0.93551
21760,0.61566
21761,0.47315
21762,0.41765
21763,0.51851
21764,1.1596
21765,1.7412
21766,1.7849
21767,1.6497
21768,1.6165
21769,1.815
21770,1.2286
21771,0.82033
21772,0.7193
21773,0.76074
21774,0.66567
21775,0.85631
21776,1.5203
21777,1.9026
21778,2.0435
21779,2.0904
21780,2.0955
21781,1.648
21782,0.99567
21783,0.64423
21784,0.48489
21785,0.42317
21786,0.48205
21787,1.0561
21788,1.7023
21789,1.7987
21790,1.67
21791,1.6005
21792,1.8388
21793,1.3064
21794,0.85248
21795,0.72216
21796,0.75724
21797,0.67868
21798,0.79241
21799,1.4428
21800,1.8719
21801,2.0322
21802,2.0874
21803,2.0934
21804,1.742
21805,1.061
21806,0.67324
21807,0.49737
21808,0.42567
21809,0.45393
21810,0.95387
21811,1.6524
21812,1.804
21813,1.6818
21814,1.5864
21815,1.8346
21816,1.3873
21817,0.89002
21818,0.72759
21819,0.7583
21820,0.70062
21821,0.74384
21822,1.3601
21823,1.8382
21824,2.0204
21825,2.0857
21826,2.0906
21827,1.8308
21828,1.1311
21829,0.70888
21830,0.51302
21831,0.4345
21832,0.43622
21833,0.85802
21834,1.593
21835,1.8092
21836,1.7049
21837,1.5916
21838,1.8134
21839,1.4718
21840,0.93254
21841,0.73032
21842,0.74482
21843,0.71334
21844,0.70219
21845,1.2713
21846,1.8011
21847,2.0128
21848,2.0855
21849,2.0831
21850,1.9117
21851,1.2072
21852,0.7415
21853,0.52527
21854,0.44005
21855,0.42449
21856,0.76854
21857,1.5232
21858,1.8044
21859,1.7176
21860,1.5955
21861,1.7737
21862,1.5558
21863,0.98176
21864,0.74648
21865,0.74319
21866,0.73264
21867,0.67623
21868,1.1813
21869,1.7557
21870,1.9951
21871,2.0796
21872,2.0816
21873,1.9801
21874,1.2889
21875,0.78527
21876,0.54414
21877,0.44672
21878,0.418
21879,0.68872
21880,1.442
21881,1.8101
21882,1.751
21883,1.6122
21884,1.7298
21885,1.6384
21886,1.0346
21887,0.74927
21888,0.71968
21889,0.73752
21890,0.65615
21891,1.0898
21892,1.707
21893,1.9734
21894,2.0702
21895,2.0769
21896,2.032
21897,1.3742
21898,0.83254
21899,0.56353
21900,0.45443
21901,0.41673
21902,0.62088
21903,1.3526
21904,1.7856
21905,1.7506
21906,1.6206
21907,1.6846
21908,1.7122
21909,1.0957
21910,0.77875
21911,0.73224
21912,0.75524
21913,0.65334
21914,1.0046
21915,1.6482
21916,1.9551
21917,2.0651
21918,2.0827
21919,2.0675
21920,1.4658
21921,0.88375
21922,0.58434
21923,0.4597
21924,0.41597
21925,0.56247
21926,1.254
21927,1.7645
21928,1.7608
21929,1.6293
21930,1.643
21931,1.7738
21932,1.1624
21933,0.80201
21934,0.73144
21935,0.76561
21936,0.65905
21937,0.92444
21938,1.584
21939,1.9273
21940,2.0539
21941,2.0875
21942,2.0879
21943,1.5599
21944,0.94052
21945,0.6169
21946,0.47428
21947,0.41906
21948,0.51586
21949,1.151
21950,1.7384
21951,1.7865
21952,1.6525
21953,1.6166
21954,1.8188
21955,1.2351
21956,0.82243
21957,0.71192
21958,0.75126
21959,0.66233
21960,0.84866
21961,1.5135
21962,1.9046
21963,2.0454
21964,2.0854
21965,2.0921
21966,1.6558
21967,1.0004
21968,0.63796
21969,0.47964
21970,0.42295
21971,0.4796
21972,1.0476
21973,1.6971
21974,1.7876
21975,1.6621
21976,1.5959
21977,1.8383
21978,1.3122
21979,0.85878
21980,0.72728
21981,0.76236
21982,0.68328
21983,0.78978
21984,1.4353
21985,1.8692
21986,2.032
21987,2.0883
21988,2.0935
21989,1.7491
21990,1.067
21991,0.67653
21992,0.49738
21993,0.42846
21994,0.45312
21995,0.94581
21996,1.6481
21997,1.8042
21998,1.686
21999,1.5901
22000,1.8354
22001,1.3949
22002,0.8939
22003,0.72651
22004,0.75236
22005,0.69811
22006,0.7379
22007,1.3517
22008,1.8347
22009,2.0181
22010,2.0835
22011,2.0848
22012,1.8374
22013,1.1375
22014,0.71198
22015,0.51489
22016,0.43629
22017,0.43621
22018,0.85055
22019,1.5875
22020,1.8098
22021,1.7082
22022,1.5952
22023,1.8127
22024,1.4795
22025,0.93636
22026,0.73195
22027,0.74236
22028,0.71215
22029,0.6978
22030,1.263
22031,1.796
22032,2.0025
22033,2.079
22034,2.0821
22035,1.9188
22036,1.2146
22037,0.75107
22038,0.53203
22039,0.44152
22040,0.42401
22041,0.76078
22042,1.5151
22043,1.8102
22044,1.7264
22045,1.5999
22046,1.7711
22047,1.565
22048,0.98548
22049,0.74241
22050,0.73573
22051,0.7299
22052,0.672
22053,1.1718
22054,1.7512
22055,1.986
22056,2.0743
22057,2.0775
22058,1.9852
22059,1.2967
22060,0.79336
22061,0.55146
22062,0.45017
22063,0.41926
22064,0.68253
22065,1.4329
22066,1.8042
22067,1.7454
22068,1.6147
22069,1.7276
22070,1.6473
22071,1.0406
22072,0.75571
22073,0.72671
22074,0.73982
22075,0.65474
22076,1.0804
22077,1.7001
22078,1.967
22079,2.067
22080,2.0811
22081,2.0378
22082,1.3848
22083,0.83908
22084,0.57015
22085,0.45634
22086,0.41643
22087,0.61337
22088,1.3408
22089,1.7883
22090,1.7583
22091,1.6246
22092,1.6803
22093,1.7209
22094,1.1027
22095,0.77539
22096,0.72208
22097,0.75176
22098,0.6514
22099,0.99369
22100,1.6421
22101,1.9465
22102,2.0602
22103,2.0856
22104,2.0717
22105,1.4769
22106,0.8911
22107,0.59005
22108,0.46264
22109,0.4162
22110,0.55602
22111,1.2416
22112,1.7624
22113,1.7671
22114,1.6335
22115,1.6394
22116,1.7803
22117,1.1709
22118,0.80355
22119,0.72987
22120,0.7647
22121,0.65933
22122,0.9148
22123,1.5762
22124,1.9245
22125,2.0526
22126,2.0887
22127,2.0896
22128,1.5715
22129,0.94749
22130,0.62104
22131,0.47586
22132,0.42003
22133,0.51111
22134,1.1388
22135,1.7341
22136,1.7881
22137,1.6563
22138,1.6152
22139,1.8229
22140,1.2442
22141,0.82655
22142,0.71457
22143,0.75516
22144,0.66496
22145,0.84099
22146,1.5045
22147,1.9025
22148,2.0464
22149,2.0867
22150,2.0916
22151,1.6667
22152,1.0075
22153,0.64171
22154,0.48369
22155,0.42461
22156,0.47656
22157,1.0358
22158,1.6921
22159,1.7914
22160,1.6682
22161,1.5973
22162,1.8403
22163,1.3218
22164,0.86224
22165,0.72818
22166,0.7607
22167,0.68354
22168,0.78235
22169,1.4255
22170,1.8652
22171,2.0309
22172,2.0862
22173,2.092
22174,1.7601
22175,1.0753
22176,0.68172
22177,0.5021
22178,0.43099
22179,0.45134
22180,0.93406
22181,1.6415
22182,1.8092
22183,1.6942
22184,1.5944
22185,1.8355
22186,1.4056
22187,0.8979
22188,0.72102
22189,0.73455
22190,0.69192
22191,0.72883
22192,1.3399
22193,1.8297
22194,2.0124
22195,2.0823
22196,2.0815
22197,1.8489
22198,1.1473
22199,0.7178
22200,0.51788
22201,0.43662
22202,0.43453
22203,0.83823
22204,1.5786
22205,1.8124
22206,1.7115
22207,1.5964
22208,1.8084
22209,1.4911
22210,0.94215
22211,0.73231
22212,0.7415
22213,0.71412
22214,0.6933
22215,1.2508
22216,1.7904
22217,2.0008
22218,2.0786
22219,2.0818
22220,1.9288
22221,1.2253
22222,0.75616
22223,0.53284
22224,0.44001
22225,0.42135
22226,0.74909
22227,1.5045
22228,1.808
22229,1.7251
22230,1.5952
22231,1.7616
22232,1.575
22233,0.9926
22234,0.74561
22235,0.73874
22236,0.73681
22237,0.67219
22238,1.161
22239,1.745
22240,1.988
22241,2.0768
22242,2.081
22243,1.9936
22244,1.3076
22245,0.79706
22246,0.5493
22247,0.44874
22248,0.41722
22249,0.67262
22250,1.422
22251,1.7985
22252,1.7405
22253,1.6098
22254,1.7176
22255,1.6557
22256,1.0484
22257,0.76087
22258,0.69449
22259,0.71498
22260,0.64519
22261,1.0666
22262,1.6917
22263,1.9601
22264,2.0565
22265,2.0652
22266,2.0374
22267,1.3962
22268,0.84757
22269,0.57694
22270,0.45792
22271,0.41533
22272,0.60588
22273,1.3281
22274,1.7867
22275,1.7658
22276,1.6233
22277,1.6742
22278,1.7294
22279,1.111
22280,0.77582
22281,0.71058
22282,0.74862
22283,0.65017
22284,0.98235
22285,1.6346
22286,1.9419
22287,2.0573
22288,2.0784
22289,2.0719
22290,1.4878
22291,0.89821
22292,0.59957
22293,0.46825
22294,0.41992
22295,0.5517
22296,1.2303
22297,1.7641
22298,1.78
22299,1.648
22300,1.6444
22301,1.7892
22302,1.1792
22303,0.79991
22304,0.71715
22305,0.7523
22306,0.65252
22307,0.90194
22308,1.5687
22309,1.9257
22310,2.0541
22311,2.0828
22312,2.0879
22313,1.5831
22314,0.95333
22315,0.61614
22316,0.47179
22317,0.41882
22318,0.50577
22319,1.1266
22320,1.7278
22321,1.7791
22322,1.6484
22323,1.6075
22324,1.8241
22325,1.2525
22326,0.83362
22327,0.72481
22328,0.76493
22329,0.67221
22330,0.83645
22331,1.4956
22332,1.8958
22333,2.043
22334,2.089
22335,2.0964
22336,1.678
22337,1.0159
22338,0.65092
22339,0.48726
22340,0.42192
22341,0.47151
22342,1.0228
22343,1.6871
22344,1.7985
22345,1.6684
22346,1.5908
22347,1.8385
22348,1.3313
22349,0.86439
22350,0.72879
22351,0.76385
22352,0.68933
22353,0.77762
22354,1.4177
22355,1.8632
22356,2.0309
22357,2.0876
22358,2.0936
22359,1.77
22360,1.0821
22361,0.68426
22362,0.50283
22363,0.43018
22364,0.44828
22365,0.92375
22366,1.6356
22367,1.8361
22368,1.7103
22369,1.5972
22370,1.8341
22371,1.4143
22372,0.89618
22373,0.7119
22374,0.73787
22375,0.69441
22376,0.7246
22377,1.3325
22378,1.8265
22379,2.0111
22380,2.0808
22381,2.0799
22382,1.8565
22383,1.1529
22384,0.72029
22385,0.51886
22386,0.43479
22387,0.43185
22388,0.83043
22389,1.5732
22390,1.8135
22391,1.7129
22392,1.5923
22393,1.8027
22394,1.4969
22395,0.94549
22396,0.73204
22397,0.73999
22398,0.71779
22399,0.69269
22400,1.245
22401,1.7876
22402,1.999
22403,2.0801
22404,2.0851
22405,1.9344
22406,1.2308
22407,0.75813
22408,0.53475
22409,0.44125
22410,0.42126
22411,0.74343
22412,1.4989
22413,1.8104
22414,1.727
22415,1.5982
22416,1.7594
22417,1.5814
22418,0.99599
22419,0.74614
22420,0.73643
22421,0.73591
22422,0.66984
22423,1.1542
22424,1.7417
22425,1.9994
22426,2.0798
22427,2.0815
22428,1.9977
22429,1.3135
22430,0.79621
22431,0.54624
22432,0.44632
22433,0.41598
22434,0.66706
22435,1.417
22436,1.7942
22437,1.7334
22438,1.6044
22439,1.7109
22440,1.6592
22441,1.0524
22442,0.7665
22443,0.72639
22444,0.74941
22445,0.65819
22446,1.0668
22447,1.6893
22448,1.9643
22449,2.0668
22450,2.0799
22451,2.0435
22452,1.4004
22453,0.84893
22454,0.57356
22455,0.45726
22456,0.41652
22457,0.60313
22458,1.3239
22459,1.7834
22460,1.7592
22461,1.6257
22462,1.6739
22463,1.7327
22464,1.1145
22465,0.78156
22466,0.72632
22467,0.75507
22468,0.65212
22469,0.97877
22470,1.6305
22471,1.9444
22472,2.0596
22473,2.0861
22474,2.0762
22475,1.4941
22476,0.90081
22477,0.5993
22478,0.46631
22479,0.41731
22480,0.54715
22481,1.2232
22482,1.7602
22483,1.7757
22484,1.641
22485,1.6356
22486,1.7902
22487,1.1834
22488,0.80362
22489,0.7146
22490,0.75631
22491,0.65678
22492,0.89937
22493,1.5643
22494,1.9213
22495,2.0509
22496,2.084
22497,2.0884
22498,1.5881
22499,0.95718
22500,0.61925
22501,0.47299
22502,0.42084
22503,0.50454
22504,1.1211
22505,1.7259
22506,1.7812
22507,1.653
22508,1.6099
22509,1.8272
22510,1.2573
22511,0.83591
22512,0.72699
22513,0.76373
22514,0.67109
22515,0.83132
22516,1.4906
22517,1.8911
22518,2.0405
22519,2.0867
22520,1.9954
22521,1.5822
22522,0.98745
22523,0.643
22524,0.48585
22525,0.43489
22526,0.5454
22527,1.1036
22528,1.721
22529,1.8046
22530,1.6781
22531,1.6854
22532,1.8705
22533,1.2889
22534,0.83993
22535,0.71551
22536,0.72044
22537,0.62217
22538,0.78018
22539,1.454
22540,1.8758
22541,2.03
22542,2.0603
22543,2.0584
22544,1.7219
22545,1.0485
22546,0.66947
22547,0.4991
22548,0.43909
22549,0.46835
22550,0.97689
22551,1.6642
22552,1.8502
22553,1.7234
22554,1.6291
22555,1.8562
22556,1.3764
22557,0.87313
22558,0.69594
22559,0.71527
22560,0.66197
22561,0.73329
22562,1.3699
22563,1.8414
22564,2.0106
22565,2.0695
22566,2.0672
22567,1.8172
22568,1.1202
22569,0.70538
22570,0.51441
22571,0.44314
22572,0.44507
22573,0.87481
22574,1.6034
22575,1.8162
22576,1.7199
22577,1.6144
22578,1.8307
22579,1.4622
22580,0.92486
22581,0.72256
22582,0.72422
22583,0.69073
22584,0.69623
22585,1.2794
22586,1.8037
22587,2.0015
22588,2.0742
22589,2.0739
22590,1.9032
22591,1.1989
22592,0.74381
22593,0.53068
22594,0.44376
22595,0.42836
22596,0.77872
22597,1.5305
22598,1.8131
22599,1.7291
22600,1.6073
22601,1.7853
22602,1.5494
22603,0.97521
22604,0.73413
22605,0.72672
22606,0.71784
22607,0.67142
22608,1.1876
22609,1.7598
22610,1.9909
22611,2.0759
22612,2.0746
22613,1.9739
22614,1.2812
22615,0.78243
22616,0.54095
22617,0.44558
22618,0.41927
22619,0.69602
22620,1.4493
22621,1.7997
22622,1.7302
22623,1.605
22624,1.7327
22625,1.631
22626,1.0308
22627,0.75785
22628,0.72925
22629,0.7417
22630,0.65947
22631,1.0985
22632,1.7095
22633,1.9714
22634,2.0692
22635,2.0832
22636,2.0297
22637,1.3683
22638,0.83054
22639,0.56642
22640,0.45255
22641,0.41285
22642,0.62385
22643,1.3577
22644,1.79
22645,1.754
22646,1.6125
22647,1.6815
22648,1.7061
22649,1.0906
22650,0.77223
22651,0.72814
22652,0.75876
22653,0.65683
22654,1.0122
22655,1.6544
22656,1.9515
22657,2.0621
22658,2.0824
22659,2.0653
22660,1.4574
22661,0.88032
22662,0.59096
22663,0.46461
22664,0.41784
22665,0.56782
22666,1.263
22667,1.7715
22668,1.7728
22669,1.6395
22670,1.6519
22671,1.7711
22672,1.1562
22673,0.79284
22674,0.71964
22675,0.75449
22676,0.65241
22677,0.92817
22678,1.5909
22679,1.9276
22680,2.0533
22681,2.0821
22682,2.0839
22683,1.5512
22684,0.9352
22685,0.61417
22686,0.47311
22687,0.42059
22688,0.52051
22689,1.1612
22690,1.7414
22691,1.7835
22692,1.6523
22693,1.6219
22694,1.8166
22695,1.2283
22696,0.82145
22697,0.72108
22698,0.75851
22699,0.66265
22700,0.85513
22701,1.52
22702,1.9116
22703,2.0515
22704,2.0862
22705,2.0923
22706,1.6472
22707,0.9941
22708,0.63939
22709,0.48303
22710,0.4241
22711,0.48299
22712,1.0573
22713,1.7024
22714,1.7939
22715,1.6685
22716,1.6017
22717,1.8391
22718,1.3053
22719,0.85373
22720,0.72219
22721,0.75557
22722,0.67738
22723,0.79275
22724,1.4426
22725,1.8734
22726,2.0335
22727,2.0874
22728,2.0901
22729,1.7407
22730,1.0606
22731,0.67158
22732,0.49605
22733,0.42882
22734,0.45593
22735,0.95524
22736,1.653
22737,1.8027
22738,1.6852
22739,1.5926
22740,1.8379
22741,1.3874
22742,0.89031
22743,0.72849
22744,0.75416
22745,0.69582
22746,0.74152
22747,1.3591
22748,1.8378
22749,2.0201
22750,2.0846
22751,2.0892
22752,1.8314
22753,1.1318
22754,0.70779
22755,0.5122
22756,0.43195
22757,0.43528
22758,0.85695
22759,1.5924
22760,1.8095
22761,1.7016
22762,1.5874
22763,1.8112
22764,1.472
22765,0.93256
22766,0.73608
22767,0.75112
22768,0.71785
22769,0.7041
22770,1.2718
22771,1.8001
22772,2.0055
22773,2.0794
22774,2.0846
22775,1.9118
22776,1.2072
22777,0.74682
22778,0.52936
22779,0.43956
22780,0.42399
22781,0.76854
22782,1.5222
22783,1.8106
22784,1.7235
22785,1.5965
22786,1.7737
22787,1.5563
22788,0.98027
22789,0.74192
22790,0.73709
22791,0.73011
22792,0.67511
22793,1.1812
22794,1.7561
22795,1.988
22796,2.0762
22797,2.0838
22798,1.981
22799,1.2888
22800,0.78509
22801,0.54316
22802,0.44304
22803,0.41559
22804,0.68782
22805,1.4408
22806,1.7978
22807,1.7316
22808,1.5983
22809,1.7221
22810,1.6369
22811,1.036
22812,0.75979
22813,0.72555
22814,0.74697
22815,0.66177
22816,1.092
22817,1.7052
22818,1.9886
22819,2.077
22820,2.0835
22821,2.033
22822,1.3752
22823,0.83011
22824,0.56043
22825,0.45018
22826,0.41396
22827,0.61935
22828,1.3522
22829,1.7849
22830,1.7427
22831,1.6108
22832,1.6779
22833,1.7106
22834,1.0954
22835,0.77969
22836,0.73427
22837,0.76233
22838,0.65796
22839,1.007
22840,1.6488
22841,1.9511
22842,2.0623
22843,2.0836
22844,2.0675
22845,1.4645
22846,0.88424
22847,0.58423
22848,0.46127
22849,0.41617
22850,0.56334
22851,1.2549
22852,1.7651
22853,1.7643
22854,1.6319
22855,1.6448
22856,1.7738
22857,1.1619
22858,0.80033
22859,0.72486
22860,0.76172
22861,0.65704
22862,0.9241
22863,1.5846
22864,1.9302
22865,2.0555
22866,2.0855
22867,2.0871
22868,1.5593
22869,0.9393
22870,0.60847
22871,0.46967
22872,0.41898
22873,0.51618
22874,1.1521
22875,1.7358
22876,1.7767
22877,1.6464
22878,1.6149
22879,1.8178
22880,1.2345
22881,0.82765
22882,0.72994
22883,0.76625
22884,0.66839
22885,0.8518
22886,1.5133
22887,1.9003
22888,2.044
22889,2.0886
22890,2.0947
22891,1.6552
22892,1.0011
22893,0.64446
22894,0.4841
22895,0.42207
22896,0.47936
22897,1.0474
22898,1.6981
22899,1.7953
22900,1.6656
22901,1.5959
22902,1.8383
22903,1.3126
22904,0.85614
22905,0.72387
22906,0.76164
22907,0.68301
22908,0.78936
22909,1.4362
22910,1.8759
22911,2.0396
22912,2.0903
22913,2.0927
22914,1.7487
22915,1.0656
22916,0.66959
22917,0.4915
22918,0.42678
22919,0.45269
22920,0.94655
22921,1.6484
22922,1.7962
22923,1.6774
22924,1.5852
22925,1.8334
22926,1.3926
22927,0.89523
22928,0.73218
22929,0.76108
22930,0.70333
22931,0.74152
22932,1.3534
22933,1.8351
22934,2.02
22935,2.0844
22936,2.0896
22937,1.8364
22938,1.1368
22939,0.71112
22940,0.51356
22941,0.43472
22942,0.4353
22943,0.85116
22944,1.5883
22945,1.8122
22946,1.7079
22947,1.5924
22948,1.8115
22949,1.4782
22950,0.93544
22951,0.72926
22952,0.73477
22953,0.71073
22954,0.69818
22955,1.2639
22956,1.7961
22957,2.0019
22958,2.0787
22959,2.0806
22960,1.9171
22961,1.2133
22962,0.74922
22963,0.53081
22964,0.43965
22965,0.42393
22966,0.76219
22967,1.5162
22968,1.8103
22969,1.7237
22970,1.5979
22971,1.7711
22972,1.5632
22973,0.98462
22974,0.74187
22975,0.72394
22976,0.72619
22977,0.67131
22978,1.1731
22979,1.7518
22980,1.9883
22981,2.0749
22982,2.0788
22983,1.9848
22984,1.2954
22985,0.79108
22986,0.54932
22987,0.44887
22988,0.41878
22989,0.68338
22990,1.4348
22991,1.812
22992,1.7626
22993,1.6203
22994,1.7298
22995,1.6462
22996,1.0391
22997,0.74504
22998,0.7145
22999,0.73297
23000,0.65202
23001,1.0808
23002,1.7027
23003,1.9638
23004,2.0664
23005,2.0735
23006,2.0345
23007,1.3817
23008,0.83853
23009,0.57285
23010,0.4588
23011,0.41906
23012,0.61649
23013,1.3442
23014,1.791
23015,1.7663
23016,1.633
23017,1.6877
23018,1.7205
23019,1.1008
23020,0.77197
23021,0.7111
23022,0.74131
23023,0.64576
23024,0.99353
23025,1.6438
23026,1.9565
23027,2.0656
23028,2.0777
23029,2.0679
23030,1.4741
23031,0.88787
23032,0.58962
23033,0.46383
23034,0.41892
23035,0.55879
23036,1.2458
23037,1.7639
23038,1.7675
23039,1.6387
23040,1.6461
23041,1.7804
23042,1.1686
23043,0.80237
23044,0.72521
23045,0.75817
23046,0.65479
23047,0.9153
23048,1.5777
23049,1.9241
23050,2.0522
23051,2.0846
23052,2.0877
23053,1.5691
23054,0.94623
23055,0.61664
23056,0.47212
23057,0.41968
23058,0.51211
23059,1.1412
23060,1.7342
23061,1.7839
23062,1.6513
23063,1.6141
23064,1.8216
23065,1.2423
23066,0.82788
23067,0.72552
23068,0.76305
23069,0.66807
23070,0.84394
23071,1.5065
23072,1.8972
23073,2.0424
23074,2.0882
23075,2.0948
23076,1.665
23077,1.0073
23078,0.64908
23079,0.48734
23080,0.42458
23081,0.47685
23082,1.0375
23083,1.694
23084,1.8003
23085,1.6736
23086,1.5992
23087,1.8408
23088,1.321
23089,0.85882
23090,0.72097
23091,0.75582
23092,0.68089
23093,0.78182
23094,1.4278
23095,1.8657
23096,2.0299
23097,2.0855
23098,2.0921
23099,1.7589
23100,1.0737
23101,0.67951
23102,0.50041
23103,0.42784
23104,0.45036
23105,0.93575
23106,1.6423
23107,1.8043
23108,1.6864
23109,1.5879
23110,1.8327
23111,1.4029
23112,0.89815
23113,0.7264
23114,0.74586
23115,0.69875
23116,0.73357
23117,1.3431
23118,1.831
23119,2.0154
23120,2.0825
23121,2.0839
23122,1.8456
23123,1.1448
23124,0.7144
23125,0.51564
23126,0.43488
23127,0.43422
23128,0.84124
23129,1.5808
23130,1.8086
23131,1.7056
23132,1.5919
23133,1.8076
23134,1.4877
23135,0.9413
23136,0.73408
23137,0.73186
23138,0.71197
23139,0.69445
23140,1.2537
23141,1.7913
23142,2.0016
23143,2.0807
23144,2.0789
23145,1.9252
23146,1.2226
23147,0.75138
23148,0.5314
23149,0.44288
23150,0.42404
23151,0.75297
23152,1.5078
23153,1.8067
23154,1.7254
23155,1.6018
23156,1.7679
23157,1.5731
23158,0.99153
23159,0.74807
23160,0.73872
23161,0.73176
23162,0.66989
23163,1.1625
23164,1.7458
23165,1.9946
23166,2.0802
23167,2.0799
23168,1.992
23169,1.3059
23170,0.79421
23171,0.54504
23172,0.44673
23173,0.41698
23174,0.67396
23175,1.4247
23176,1.7946
23177,1.734
23178,1.6054
23179,1.7169
23180,1.6528
23181,1.0476
23182,0.76472
23183,0.71788
23184,0.74116
23185,0.65573
23186,1.0729
23187,1.6934
23188,1.9648
23189,2.0669
23190,2.1091
23191,2.0572
23192,1.3999
23193,0.84755
23194,0.57506
23195,0.45402
23196,0.40744
23197,0.59827
23198,1.3236
23199,1.7858
23200,1.7598
23201,1.6107
23202,1.6552
23203,1.7265
23204,1.1119
23205,0.77986
23206,0.73212
23207,0.77163
23208,0.66433
23209,0.98724
23210,1.6353
23211,1.9454
23212,2.0601
23213,2.0917
23214,2.0778
23215,1.4875
23216,0.8972
23217,0.59862
23218,0.46614
23219,0.41439
23220,0.54927
23221,1.2299
23222,1.7635
23223,1.7777
23224,1.6368
23225,1.633
23226,1.7852
23227,1.178
23228,0.79943
23229,0.71592
23230,0.75891
23231,0.65889
23232,0.90626
23233,1.5707
23234,1.9202
23235,2.0495
23236,2.0897
23237,2.092
23238,1.5814
23239,0.95327
23240,0.62355
23241,0.4769
23242,0.41862
23243,0.506
23244,1.1282
23245,1.7306
23246,1.7906
23247,1.6549
23248,1.6094
23249,1.8242
23250,1.2514
23251,0.82994
23252,0.72091
23253,0.76205
23254,0.67043
23255,0.83636
23256,1.4982
23257,1.8933
23258,2.0404
23259,2.0885
23260,2.0948
23261,1.6756
23262,1.0145
23263,0.65102
23264,0.48734
23265,0.42481
23266,0.4733
23267,1.0258
23268,1.6887
23269,1.8004
23270,1.6748
23271,1.5969
23272,1.8408
23273,1.3298
23274,0.86286
23275,0.7166
23276,0.75177
23277,0.68199
23278,0.77566
23279,1.4185
23280,1.8673
23281,2.0364
23282,2.0893
23283,2.0898
23284,1.7684
23285,1.0807
23286,0.67842
23287,0.49434
23288,0.42725
23289,0.44801
23290,0.92515
23291,1.6366
23292,1.7954
23293,1.6775
23294,1.5826
23295,1.8289
23296,1.4106
23297,0.90467
23298,0.73759
23299,0.76321
23300,0.70933
23301,0.73313
23302,1.3349
23303,1.8272
23304,2.0173
23305,2.0846
23306,2.0894
23307,1.8545
23308,1.1528
23309,0.71854
23310,0.51658
23311,0.43571
23312,0.43207
23313,0.83117
23314,1.5738
23315,1.8094
23316,1.7092
23317,1.5918
23318,1.8031
23319,1.4963
23320,0.94602
23321,0.73811
23322,0.74659
23323,0.72003
23324,0.69374
23325,1.2455
23326,1.788
23327,2.0103
23328,2.0837
23329,2.0825
23330,1.9329
23331,1.2302
23332,0.75439
23333,0.52722
23334,0.43888
23335,0.42064
23336,0.74397
23337,1.5008
23338,1.8013
23339,1.7165
23340,1.5914
23341,1.757
23342,1.5787
23343,0.99676
23344,0.75201
23345,0.74085
23346,0.74063
23347,0.67291
23348,1.1566
23349,1.7416
23350,1.986
23351,2.0753
23352,2.0814
23353,1.996
23354,1.3124
23355,0.80054
23356,0.55253
23357,0.4484
23358,0.41686
23359,0.6687
23360,1.4169
23361,1.8001
23362,1.7441
23363,1.6106
23364,1.7151
23365,1.6603
23366,1.0517
23367,0.76026
23368,0.73046
23369,0.74752
23370,0.6564
23371,1.0658
23372,1.6904
23373,1.9644
23374,2.0668
23375,2.0787
23376,2.0437
23377,1.4001
23378,0.84861
23379,0.57237
23380,0.45659
23381,0.41637
23382,0.60309
23383,1.3244
23384,1.7836
23385,1.757
23386,1.6248
23387,1.6727
23388,1.732
23389,1.1141
23390,0.78072
23391,0.71899
23392,0.75251
23393,0.65151
23394,0.97943
23395,1.6309
23396,1.9461
23397,2.0601
23398,2.1078
23399,2.0942
23400,1.5001
23401,0.90281
23402,0.59634
23403,0.46253
23404,0.40789
23405,0.53839
23406,1.2162
23407,1.7561
23408,1.7703
23409,1.6229
23410,1.6123
23411,1.7852
23412,1.1856
23413,0.80829
23414,0.73208
23415,0.78105
23416,0.67435
23417,0.9049
23418,1.5639
23419,1.9196
23420,2.0507
23421,2.0927
23422,2.0947
23423,1.5888
23424,0.95821
23425,0.62607
23426,0.4775
23427,0.41925
23428,0.50317
23429,1.1197
23430,1.7275
23431,1.7916
23432,1.6575
23433,1.6086
23434,1.8268
23435,1.2579
23436,0.83259
23437,0.72251
23438,0.76174
23439,0.67116
23440,0.8308
23441,1.4916
23442,1.8913
23443,2.0397
23444,2.0858
23445,2.0942
23446,1.6835
23447,1.0197
23448,0.65544
23449,0.49007
23450,0.42572
23451,0.47121
23452,1.0176
23453,1.6849
23454,1.8022
23455,1.678
23456,1.5977
23457,1.8417
23458,1.3367
23459,0.86546
23460,0.71424
23461,0.73616
23462,0.67707
23463,0.76873
23464,1.4107
23465,1.8588
23466,2.0228
23467,2.0807
23468,2.0886
23469,1.7773
23470,1.0877
23471,0.68267
23472,0.50045
23473,0.43123
23474,0.44732
23475,0.91603
23476,1.6303
23477,1.8057
23478,1.6934
23479,1.5918
23480,1.8308
23481,1.4206
23482,0.90654
23483,0.72641
23484,0.74754
23485,0.70143
23486,0.72399
23487,1.3246
23488,1.8237
23489,2.0129
23490,2.0831
23491,2.0837
23492,1.8636
23493,1.1607
23494,0.72411
23495,0.52027
23496,0.43884
23497,0.43225
23498,0.82193
23499,1.5662
23500,1.8128
23501,1.7161
23502,1.5983
23503,1.8024
23504,1.5065
23505,0.95063
23506,0.73143
23507,0.69557
23508,0.69585
23509,0.68013
23510,1.2315
23511,1.7813
23512,1.9901
23513,2.0692
23514,2.0666
23515,1.9392
23516,1.2404
23517,0.76242
23518,0.53469
23519,0.44802
23520,0.42571
23521,0.73635
23522,1.4903
23523,1.8038
23524,1.7316
23525,1.6124
23526,1.764
23527,1.5933
23528,1.0042
23529,0.74817
23530,0.67077
23531,0.65758
23532,0.63562
23533,1.1299
23534,1.7301
23535,1.9718
23536,2.0371
23537,2.0292
23538,1.9925
23539,1.3281
23540,0.8102
23541,0.56029
23542,0.46866
23543,0.43428
23544,0.66412
23545,1.4032
23546,1.8081
23547,1.7962
23548,1.6708
23549,1.7484
23550,1.6858
23551,1.0645
23552,0.74232
23553,0.68532
23554,0.69687
23555,0.62355
23556,1.0324
23557,1.6763
23558,1.9466
23559,2.0483
23560,2.0465
23561,2.0416
23562,1.4223
23563,0.86256
23564,0.58442
23565,0.47118
23566,0.42785
23567,0.59364
23568,1.3012
23569,1.7812
23570,1.7797
23571,1.6592
23572,1.6883
23573,1.7561
23574,1.1327
23575,0.78262
23576,0.70823
23577,0.72926
23578,0.63482
23579,0.94854
23580,1.6117
23581,1.9336
23582,2.0513
23583,2.0736
23584,2.0749
23585,1.5215
23586,0.91816
23587,0.6078
23588,0.47103
23589,0.42204
23590,0.53546
23591,1.1938
23592,1.7522
23593,1.7825
23594,1.6526
23595,1.6352
23596,1.8063
23597,1.2055
23598,0.81032
23599,0.71759
23600,0.7526
23601,0.65507
23602,0.87497
23603,1.5423
23604,1.9095
23605,2.0456
23606,2.0823
23607,2.0885
23608,1.6178
23609,0.97689
23610,0.6296
23611,0.47882
23612,0.42377
23613,0.49397
23614,1.0888
23615,1.714
23616,1.7879
23617,1.6624
23618,1.6079
23619,1.8356
23620,1.2821
23621,0.84477
23622,0.71623
23623,0.7535
23624,0.67057
23625,0.80928
23626,1.4653
23627,1.8821
23628,2.0354
23629,2.0852
23630,2.0898
23631,1.7133
23632,1.041
23633,0.66268
23634,0.48983
23635,0.42699
23636,0.46304
23637,0.98475
23638,1.6686
23639,1.7993
23640,1.6769
23641,1.593
23642,1.8403
23643,1.3628
23644,0.8795
23645,0.72756
23646,0.75708
23647,0.69158
23648,0.75585
23649,1.3842
23650,1.8515
23651,2.0283
23652,2.0875
23653,2.0885
23654,1.8048
23655,1.1098
23656,0.69227
23657,0.50369
23658,0.43166
23659,0.44111
23660,0.88573
23661,1.6119
23662,1.8041
23663,1.694
23664,1.5885
23665,1.8216
23666,1.4462
23667,0.92078
23668,0.73663
23669,0.75369
23670,0.71153
23671,0.71418
23672,1.2976
23673,1.811
23674,2.0107
23675,2.0836
23676,2.086
23677,1.8891
23678,1.1848
23679,0.7354
23680,0.52538
23681,0.43908
23682,0.42737
23683,0.79367
23684,1.5439
23685,1.8117
23686,1.7193
23687,1.5965
23688,1.7873
23689,1.5323
23690,0.96562
23691,0.73975
23692,0.7407
23693,0.72508
23694,0.68125
23695,1.2074
23696,1.7697
23697,1.9934
23698,2.0776
23699,2.0792
23700,1.9613
23701,1.2641
23702,0.77608
23703,0.54328
23704,0.44675
23705,0.4205
23706,0.71182
23707,1.4661
23708,1.8107
23709,1.7391
23710,1.609
23711,1.7448
23712,1.6157
23713,1.0179
23714,0.74846
23715,0.72999
23716,0.73618
23717,0.66014
23718,1.1159
23719,1.7213
23720,1.9749
23721,2.0699
23722,2.0811
23723,2.0201
23724,1.3496
23725,0.81968
23726,0.56378
23727,0.45415
23728,0.41624
23729,0.63866
23730,1.378
23731,1.795
23732,1.7558
23733,1.6196
23734,1.6967
23735,1.6928
23736,1.0775
23737,0.76564
23738,0.72047
23739,0.74753
23740,0.65203
23741,1.0276
23742,1.6663
23743,1.9571
23744,2.0647
23745,2.0789
23746,2.0583
23747,1.439
23748,0.86935
23749,0.57843
23750,0.45849
23751,0.41466
23752,0.57772
23753,1.2829
23754,1.7724
23755,1.7594
23756,1.6243
23757,1.6516
23758,1.7569
23759,1.1422
23760,0.79217
23761,0.72725
23762,0.7634
23763,0.65745
23764,0.94743
23765,1.6041
23766,1.934
23767,2.0558
23768,2.0839
23769,2.0824
23770,1.5314
23771,0.92345
23772,0.60864
23773,0.46923
23774,0.41563
23775,0.52802
23776,1.182
23777,1.7482
23778,1.7812
23779,1.641
23780,1.6195
23781,1.8061
23782,1.2123
23783,0.8156
23784,0.72528
23785,0.76623
23786,0.66592
23787,0.87267
23788,1.5368
23789,1.9086
23790,2.0464
23791,2.0904
23792,2.0945
23793,1.6259
23794,0.98165
23795,0.6354
23796,0.48076
23797,0.42204
23798,0.48967
23799,1.0798
23800,1.7119
23801,1.7932
23802,1.664
23803,1.6029
23804,1.8354
23805,1.288
23806,0.84532
23807,0.7247
23808,0.76042
23809,0.67615
23810,0.80643
23811,1.461
23812,1.8794
23813,2.0356
23814,2.0882
23815,2.0939
23816,1.7206
23817,1.0456
23818,0.66687
23819,0.49411
23820,0.42718
23821,0.46048
23822,0.97727
23823,1.665
23824,1.8075
23825,1.6837
23826,1.5932
23827,1.8397
23828,1.369
23829,0.87929
23830,0.72364
23831,0.75372
23832,0.69172
23833,0.75187
23834,1.3792
23835,1.8462
23836,2.0227
23837,2.0855
23838,2.0905
23839,1.8117
23840,1.1148
23841,0.69747
23842,0.50517
23843,0.42841
23844,0.43789
23845,0.87847
23846,1.6071
23847,1.8043
23848,1.6922
23849,1.5817
23850,1.8158
23851,1.4516
23852,0.92346
23853,0.73261
23854,0.72774
23855,0.70687
23856,0.71045
23857,1.2915
23858,1.8104
23859,2.0138
23860,2.0843
23861,2.0823
23862,1.8936
23863,1.1895
23864,0.73294
23865,0.52152
23866,0.43884
23867,0.42705
23868,0.78835
23869,1.5402
23870,1.8049
23871,1.7138
23872,1.5945
23873,1.7843
23874,1.5365
23875,0.97012
23876,0.74345
23877,0.73934
23878,0.72642
23879,0.68033
23880,1.2018
23881,1.7657
23882,2.0032
23883,2.0815
23884,2.0811
23885,1.9656
23886,1.2699
23887,0.7749
23888,0.53622
23889,0.44316
23890,0.41844
23891,0.70588
23892,1.4614
23893,1.7981
23894,1.725
23895,1.5991
23896,1.7362
23897,1.6189
23898,1.0231
23899,0.75832
23900,0.68456
23901,0.68713
23902,0.64266
23903,1.1046
23904,1.7141
23905,1.9669
23906,2.0482
23907,2.0498
23908,2.0138
23909,1.3565
23910,0.82497
23911,0.56905
23912,0.46614
23913,0.42778
23914,0.63929
23915,1.372
23916,1.7959
23917,1.7712
23918,1.6514
23919,1.7187
23920,1.706
23921,1.0845
23922,0.76543
23923,0.70706
23924,0.72165
23925,0.63424
23926,1.0103
23927,1.6575
23928,1.9733
23929,2.0704
23930,2.0688
23931,2.0583
23932,1.4522
23933,0.87321
23934,0.57883
23935,0.46034
23936,0.41942
23937,0.5719
23938,1.2702
23939,1.7695
23940,1.7604
23941,1.6341
23942,1.6554
23943,1.7676
23944,1.1521
23945,0.79773
23946,0.72383
23947,0.75601
23948,0.65236
23949,0.93324
23950,1.5933
23951,1.9321
23952,2.0557
23953,2.0824
23954,2.0836
23955,1.5466
23956,0.93231
23957,0.6137
23958,0.47282
23959,0.42066
23960,0.52277
23961,1.166
23962,1.7434
23963,1.7873
23964,1.6548
23965,1.6248
23966,1.8156
23967,1.225
23968,0.81836
23969,0.72021
23970,0.75648
23971,0.66069
23972,0.85752
23973,1.524
23974,1.9034
23975,2.0438
23976,2.087
23977,2.0933
23978,1.6433
23979,0.99286
23980,0.64037
23981,0.48211
23982,0.42308
23983,0.48378
23984,1.0612
23985,1.7042
23986,1.7953
23987,1.6661
23988,1.6003
23989,1.8379
23990,1.3023
23991,0.8513
23992,0.72003
23993,0.75522
23994,0.67724
23995,0.79511
23996,1.4465
23997,1.8735
23998,2.0321
23999,2.0855
24000,2.0938
24001,1.7376
24002,1.0579
24003,0.67265
24004,0.49708
24005,0.42861
24006,0.45614
24007,0.959
24008,1.6554
24009,1.805
24010,1.6866
24011,1.5925
24012,1.8379
24013,1.384
24014,0.88818
24015,0.72128
24016,0.7438
24017,0.6916
24018,0.74211
24019,1.3625
24020,1.8391
24021,2.0177
24022,2.0845
24023,2.085
24024,1.8267
24025,1.1283
24026,0.7084
24027,0.51335
24028,0.43648
24029,0.43851
24030,0.86237
24031,1.5958
24032,1.8131
24033,1.7091
24034,1.5973
24035,1.8181
24036,1.4693
24037,0.93019
24038,0.72513
24039,0.6863
24040,0.67994
24041,0.69046
24042,1.27
24043,1.7994
24044,1.9923
24045,2.0639
24046,2.0607
24047,1.9064
24048,1.2054
24049,0.74687
24050,0.53379
24051,0.45123
24052,0.43255
24053,0.77403
24054,1.5247
24055,1.8154
24056,1.7405
24057,1.6235
24058,1.7919
24059,1.5591
24060,0.97949
24061,0.73638
24062,0.72049
24063,0.70784
24064,0.66255
24065,1.1761
24066,1.7548
24067,1.9846
24068,2.0711
24069,2.0705
24070,1.9802
24071,1.2905
24072,0.79009
24073,0.55043
24074,0.4512
24075,0.42155
24076,0.68863
24077,1.4395
24078,1.8045
24079,1.7465
24080,1.619
24081,1.7348
24082,1.6425
24083,1.0368
24084,0.75288
24085,0.72128
24086,0.7333
24087,0.65232
24088,1.0852
24089,1.7033
24090,1.9784
24091,2.0741
24092,2.0755
24093,2.0334
24094,1.379
24095,0.83395
24096,0.56362
24097,0.45344
24098,0.41665
24099,0.61769
24100,1.3479
24101,1.7874
24102,1.7497
24103,1.6196
24104,1.682
24105,1.7156
24106,1.0984
24107,0.77939
24108,0.73239
24109,0.75651
24110,0.65374
24111,1.0007
24112,1.6456
24113,1.9498
24114,2.0618
24115,2.0852
24116,2.0699
24117,1.4702
24118,0.88781
24119,0.59288
24120,0.4642
24121,0.41632
24122,0.55993
24123,1.2488
24124,1.767
24125,1.7717
24126,1.6363
24127,1.6437
24128,1.7773
24129,1.1656
24130,0.79865
24131,0.72024
24132,0.75886
24133,0.65602
24134,0.91868
24135,1.5816
24136,1.9357
24137,2.0597
24138,2.0864
24139,2.0873
24140,1.5644
24141,0.94081
24142,0.61083
24143,0.47101
24144,0.4192
24145,0.51391
24146,1.1474
24147,1.7347
24148,1.7781
24149,1.6479
24150,1.6138
24151,1.8192
24152,1.2375
24153,0.82828
24154,0.72946
24155,0.76587
24156,0.66898
24157,0.84902
24158,1.5103
24159,1.8991
24160,2.0435
24161,2.0889
24162,2.0947
24163,1.6589
24164,1.0037
24165,0.6465
24166,0.48686
24167,0.42411
24168,0.47874
24169,1.0435
24170,1.6966
24171,1.7991
24172,1.672
24173,1.5996
24174,1.8403
24175,1.3161
24176,0.8565
24177,0.71564
24178,0.74683
24179,0.67661
24180,0.78395
24181,1.432
24182,1.8673
24183,2.028
24184,2.0849
24185,2.0881
24186,1.7528
24187,1.0696
24188,0.67675
24189,0.49786
24190,0.43093
24191,0.45366
24192,0.94256
24193,1.6458
24194,1.8038
24195,1.6897
24196,1.5948
24197,1.8372
24198,1.3987
24199,0.89593
24200,0.72315
24201,0.74373
24202,0.69335
24203,0.73339
24204,1.3466
24205,1.833
24206,2.0173
24207,2.0897
24208,2.1167
24209,1.8546
24210,1.1463
24211,0.71537
24212,0.51492
24213,0.42729
24214,0.42506
24215,0.83462
24216,1.5782
24217,1.8093
24218,1.6997
24219,1.5709
24220,1.7919
24221,1.4862
24222,0.94123
24223,0.73428
24224,0.74717
24225,0.73183
24226,0.70502
24227,1.2582
24228,1.7935
24229,2.0013
24230,2.0818
24231,2.0877
24232,1.9237
24233,1.2197
24234,0.75304
24235,0.53143
24236,0.43753
24237,0.4209
24238,0.75448
24239,1.5097
24240,1.8228
24241,1.736
24242,1.5967
24243,1.7647
24244,1.5693
24245,0.98697
24246,0.73474
24247,0.73364
24248,0.73326
24249,0.67261
24250,1.1675
24251,1.7505
24252,1.9843
24253,2.0762
24254,2.0801
24255,1.9889
24256,1.2998
24257,0.79386
24258,0.54977
24259,0.44544
24260,0.41681
24261,0.6785
24262,1.4294
24263,1.8035
24264,1.74
24265,1.6063
24266,1.7199
24267,1.6482
24268,1.0424
24269,0.75897
24270,0.73318
24271,0.74806
24272,0.65917
24273,1.0797
24274,1.6991
24275,1.9681
24276,2.0703
24277,2.0811
24278,2.0383
24279,1.3862
24280,0.83916
24281,0.5666
24282,0.45362
24283,0.41534
24284,0.61207
24285,1.3392
24286,1.7843
24287,1.7509
24288,1.6183
24289,1.6766
24290,1.7209
24291,1.1042
24292,0.78114
24293,0.72127
24294,0.7551
24295,0.65365
24296,0.99344
24297,1.6403
24298,1.946
24299,2.0602
24300,2.0813
24301,2.0707
24302,1.4779
24303,0.89242
24304,0.59432
24305,0.46535
24306,0.41758
24307,0.55638
24308,1.2406
24309,1.7654
24310,1.7741
24311,1.6404
24312,1.6432
24313,1.7825
24314,1.1718
24315,0.80076
24316,0.7234
24317,0.75821
24318,0.65543
24319,0.91164
24320,1.5757
24321,1.923
24322,2.0514
24323,2.0869
24324,2.0895
24325,1.5734
24326,0.94846
24327,0.61518
24328,0.47011
24329,0.41741
24330,0.50921
24331,1.1366
24332,1.7317
24333,1.8106
24334,1.6574
24335,1.6117
24336,1.8222
24337,1.2457
24338,0.82069
24339,0.71363
24340,0.75809
24341,0.66755
24342,0.84073
24343,1.5056
24344,1.8951
24345,2.0399
24346,2.0858
24347,2.0921
24348,1.6671
24349,1.0085
24350,0.64995
24351,0.48831
24352,0.42624
24353,0.47688
24354,1.036
24355,1.6935
24356,1.8011
24357,1.6773
24358,1.6022
24359,1.842
24360,1.3225
24361,0.85907
24362,0.71876
24363,0.75173
24364,0.67844
24365,0.77953
24366,1.4258
24367,1.8749
24368,2.0464
24369,2.0893
24370,2.0898
24371,1.7605
24372,1.0739
24373,0.67232
24374,0.49201
24375,0.42651
24376,0.44973
24377,0.934
24378,1.6419
24379,1.7947
24380,1.6748
24381,1.5823
24382,1.8302
24383,1.4023
24384,0.90089
24385,0.73678
24386,0.76343
24387,0.70786
24388,0.73753
24389,1.3435
24390,1.8309
24391,2.0189
24392,2.0873
24393,2.089
24394,1.846
24395,1.1454
24396,0.71552
24397,0.51581
24398,0.43589
24399,0.43389
24400,0.84061
24401,1.5805
24402,1.8097
24403,1.7083
24404,1.5928
24405,1.8077
24406,1.4881
24407,0.94123
24408,0.73443
24409,0.74395
24410,0.7163
24411,0.69579
24412,1.2541
24413,1.7922
24414,2.0053
24415,2.082
24416,2.0814
24417,1.9258
24418,1.2224
24419,0.75078
24420,0.5266
24421,0.43954
24422,0.42235
24423,0.75236
24424,1.5079
24425,1.8023
24426,1.7159
24427,1.5937
24428,1.7634
24429,1.5714
24430,0.99213
24431,0.75012
24432,0.74528
24433,0.73853
24434,0.67388
24435,1.1645
24436,1.746
24437,1.9865
24438,2.0748
24439,2.0831
24440,1.9917
24441,1.3052
24442,0.79692
24443,0.55148
24444,0.44867
24445,0.41714
24446,0.6747
24447,1.4242
24448,1.8015
24449,1.7444
24450,1.6108
24451,1.7194
24452,1.6536
24453,1.0465
24454,0.7596
24455,0.73067
24456,0.74593
24457,0.65683
24458,1.0731
24459,1.6951
24460,1.9672
24461,2.0684
24462,2.0841
24463,2.0425
24464,1.3932
24465,0.84445
24466,0.57368
24467,0.45679
24468,0.41511
24469,0.60696
24470,1.3316
24471,1.7892
24472,1.7642
24473,1.6248
24474,1.6748
24475,1.7268
24476,1.1085
24477,0.77623
24478,0.71932
24479,0.75303
24480,0.65218
24481,0.98623
24482,1.6375
24483,1.9469
24484,2.0606
24485,2.0815
24486,2.0727
24487,1.484
24488,0.8951
24489,0.59642
24490,0.46536
24491,0.41794
24492,0.55279
24493,1.2342
24494,1.7657
24495,1.7937
24496,1.6497
24497,1.6438
24498,1.7868
24499,1.1763
24500,0.79233
24501,0.69946
24502,0.74437
24503,0.64991
24504,0.90406
24505,1.5733
24506,1.9185
24507,2.0459
24508,2.0776
24509,2.0843
24510,1.5777
24511,0.95143
24512,0.62322
24513,0.47818
24514,0.42406
24515,0.51016
24516,1.1331
24517,1.7322
24518,1.7904
24519,1.6631
24520,1.6209
24521,1.8274
24522,1.2497
24523,0.82857
24524,0.71584
24525,0.75133
24526,0.66153
24527,0.83411
24528,1.4984
24529,1.8946
24530,2.0403
24531,2.0834
24532,2.089
24533,1.6739
24534,1.0132
24535,0.65164
24536,0.48794
24537,0.42187
24538,0.47349
24539,1.0275
24540,1.6894
24541,1.8007
24542,1.6685
24543,1.5931
24544,1.8393
24545,1.3281
24546,0.86212
24547,0.72733
24548,0.76226
24549,0.68703
24550,0.77906
24551,1.4212
24552,1.8659
24553,2.0319
24554,2.09
24555,2.0947
24556,1.767
24557,1.0792
24558,0.67733
24559,0.49516
24560,0.42678
24561,0.4476
24562,0.92703
24563,1.6372
24564,1.7995
24565,1.6807
24566,1.5824
24567,1.8286
24568,1.4091
24569,0.90281
24570,0.73273
24571,0.75845
24572,0.70757
24573,0.73355
24574,1.3369
24575,1.8282
24576,2.0167
24577,2.0858
24578,2.0899
24579,1.8531
24580,1.151
24581,0.71799
24582,0.51457
24583,0.434
24584,0.43161
24585,0.83303
24586,1.5751
24587,1.8084
24588,1.7047
24589,1.5882
24590,1.8021
24591,1.494
24592,0.94485
24593,0.73867
24594,0.74936
24595,0.7225
24596,0.69604
24597,1.2484
24598,1.7897
24599,2.0031
24600,2.084
24601,2.0837
24602,1.931
24603,1.2279
24604,0.75345
24605,0.52952
24606,0.44062
24607,0.42171
24608,0.74658
24609,1.5024
24610,1.8049
24611,1.7216
24612,1.5961
24613,1.7608
24614,1.5775
24615,0.99522
24616,0.74966
24617,0.7419
24618,0.73781
24619,0.67172
24620,1.158
24621,1.7429
24622,1.9847
24623,2.0742
24624,2.0829
24625,1.9959
24626,1.3111
24627,0.79956
24628,0.55145
24629,0.44819
24630,0.41657
24631,0.66944
24632,1.4181
24633,1.7991
24634,1.741
24635,1.6089
24636,1.7147
24637,1.6587
24638,1.0506
24639,0.76195
24640,0.73373
24641,0.7494
24642,0.65766
24643,1.0678
24644,1.6913
24645,1.9677
24646,2.0679
24647,2.0865
24648,2.0457
24649,1.3992
24650,0.84623
24651,0.57427
24652,0.45703
24653,0.41507
24654,0.60294
24655,1.3256
24656,1.7843
24657,1.7612
24658,1.6244
24659,1.6713
24660,1.7307
24661,1.1128
24662,0.78075
24663,0.7281
24664,0.75746
24665,0.65397
24666,0.98194
24667,1.6328
24668,1.9454
24669,2.0632
24670,2.084
24671,2.0744
24672,1.4903
24673,0.8986
24674,0.59756
24675,0.46464
24676,0.41673
24677,0.54905
24678,1.2275
24679,1.7621
24680,1.7746
24681,1.6389
24682,1.6361
24683,1.7879
24684,1.1805
24685,0.80354
24686,0.72375
24687,0.76101
24688,0.65845
24689,0.90323
24690,1.5676
24691,1.9198
24692,2.0502
24693,2.0877
24694,2.0904
24695,1.5843
24696,0.95536
24697,0.62349
24698,0.47695
24699,0.42102
24700,0.50586
24701,1.1251
24702,1.7292
24703,1.7893
24704,1.6586
24705,1.6127
24706,1.8269
24707,1.2544
24708,0.83146
24709,0.72321
24710,0.75958
24711,0.66828
24712,0.83263
24713,1.4944
24714,1.8924
24715,2.0402
24716,2.0883
24717,2.0939
24718,1.68
24719,1.0174
24720,0.64566
24721,0.48587
24722,0.42428
24723,0.47182
24724,1.0211
24725,1.685
24726,1.7938
24727,1.6697
24728,1.5938
24729,1.8399
24730,1.3334
24731,0.86716
24732,0.72906
24733,0.76158
24734,0.6874
24735,0.77531
24736,1.414
24737,1.8606
24738,2.0292
24739,2.0867
24740,2.0926
24741,1.7734
24742,1.0852
24743,0.68629
24744,0.50313
24745,0.42814
24746,0.44678
24747,0.91947
24748,1.6329
24749,1.8064
24750,1.6912
24751,1.5872
24752,1.8293
24753,1.4169
24754,0.90452
24755,0.72958
24756,0.75405
24757,0.70533
24758,0.72787
24759,1.3293
24760,1.8297
24761,2.0322
24762,2.0893
24763,2.0876
24764,1.8604
24765,1.1568
24766,0.71387
24767,0.51026
24768,0.43332
24769,0.43022
24770,0.82521
24771,1.5709
24772,1.8007
24773,1.6982
24774,1.5843
24775,1.7971
24776,1.4989
24777,0.95049
24778,0.7423
24779,0.75116
24780,0.72673
24781,0.6958
24782,1.2421
24783,1.7857
24784,2.0017
24785,2.0845
24786,2.0854
24787,1.9357
24788,1.2342
24789,0.76001
24790,0.53464
24791,0.44126
24792,0.42105
24793,0.74055
24794,1.4961
24795,1.8097
24796,1.7264
24797,1.5978
24798,1.7578
24799,1.5841
24800,0.99778
24801,0.74765
24802,0.73944
24803,0.73775
24804,0.66971
24805,1.1514
24806,1.7402
24807,1.9831
24808,2.0745
24809,2.0838
24810,2.0003
24811,1.3166
24812,0.80238
24813,0.55356
24814,0.44923
24815,0.41649
24816,0.66464
24817,1.4124
24818,1.7978
24819,1.7424
24820,1.6105
24821,1.7119
24822,1.6637
24823,1.0545
24824,0.76502
24825,0.73463
24826,0.75014
24827,0.65712
24828,1.0621
24829,1.6874
24830,1.9651
24831,2.0679
24832,2.0846
24833,2.0474
24834,1.4049
24835,0.84977
24836,0.57029
24837,0.45295
24838,0.41394
24839,0.59892
24840,1.3191
24841,1.7803
24842,1.7516
24843,1.6171
24844,1.6646
24845,1.7336
24846,1.1171
24847,0.78472
24848,0.73371
24849,0.76456
24850,0.65784
24851,0.97838
24852,1.6283
24853,1.9495
24854,2.0635
24855,2.0883
24856,2.0783
24857,1.4967
24858,0.90106
24859,0.59287
24860,0.46323
24861,0.41486
24862,0.54487
24863,1.2204
24864,1.7569
24865,1.7676
24866,1.6326
24867,1.6286
24868,1.7894
24869,1.1851
24870,0.80751
24871,0.73043
24872,0.769
24873,0.66383
24874,0.90088
24875,1.5626
24876,1.9263
24877,2.0563
24878,2.089
24879,2.0916
24880,1.5904
24881,0.95808
24882,0.62252
24883,0.47579
24884,0.41805
24885,0.50244
24886,1.1182
24887,1.7261
24888,1.7861
24889,1.6521
24890,1.6053
24891,1.8261
24892,1.2583
24893,0.83358
24894,0.71608
24895,0.7514
24896,0.66863
24897,0.82965
24898,1.4901
24899,1.8901
24900,2.0371
24901,2.0838
24902,2.0907
24903,1.6838
24904,1.0205
24905,0.6481
24906,0.48743
24907,0.42664
24908,0.47193
24909,1.0169
24910,1.6832
24911,1.7963
24912,1.6751
24913,1.5984
24914,1.8423
24915,1.3377
24916,0.86823
24917,0.72474
24918,0.75595
24919,0.68386
24920,0.77048
24921,1.4093
24922,1.8585
24923,2.0277
24924,2.0839
24925,2.09
24926,1.7782
24927,1.0889
24928,0.68635
24929,0.50026
24930,0.42987
24931,0.44657
24932,0.91452
24933,1.6298
24934,1.8055
24935,1.6891
24936,1.5885
24937,1.8291
24938,1.4214
24939,0.90684
24940,0.73254
24941,0.75422
24942,0.70565
24943,0.72525
24944,1.3242
24945,1.823
24946,2.0146
24947,2.0839
24948,2.0877
24949,1.8653
24950,1.1618
24951,0.72308
24952,0.51918
24953,0.43636
24954,0.43041
24955,0.82013
24956,1.5652
24957,1.8115
24958,1.7116
24959,1.5926
24960,1.7983
24961,1.5068
24962,0.95099
24963,0.73543
24964,0.73676
24965,0.71893
24966,0.68902
24967,1.2343
24968,1.7824
24969,1.997
24970,2.0779
24971,2.0785
24972,1.9407
24973,1.2397
24974,0.76259
24975,0.53232
24976,0.4411
24977,0.42103
24978,0.73491
24979,1.4903
24980,1.8045
24981,1.7229
24982,1.5972
24983,1.7545
24984,1.59
24985,1.003
24986,0.75163
24987,0.73535
24988,0.73782
24989,0.66818
24990,1.1441
24991,1.7355
24992,1.9809
24993,2.0721
24994,2.0833
24995,2.0046
24996,1.3239
24997,0.80635
24998,0.55595
24999,0.45062
25000,0.4166
25001,0.65908
